[
    {
        "name": "Kiel",
        "lat": 54.34195203480944,
        "lng": 10.130280442198519,
        "population": 248873
    },
    {
        "name": "L\u00fcbeck",
        "lat": 53.881036844050975,
        "lng": 10.725432293616482,
        "population": 219044
    },
    {
        "name": "Hamburg",
        "lat": 53.5666223880213,
        "lng": 9.941173100524928,
        "population": 1910160
    },
    {
        "name": "Braunschweig",
        "lat": 52.27285525833132,
        "lng": 10.520469464964087,
        "population": 252066
    },
    {
        "name": "Salzgitter",
        "lat": 52.11777587020467,
        "lng": 10.3402664606466,
        "population": 105039
    },
    {
        "name": "Wolfsburg",
        "lat": 52.40684792052764,
        "lng": 10.77872012986752,
        "population": 127256
    },
    {
        "name": "G\u00f6ttingen",
        "lat": 51.5368292584091,
        "lng": 9.926234563268896,
        "population": 120261
    },
    {
        "name": "Hannover",
        "lat": 52.3793329769869,
        "lng": 9.773122818270231,
        "population": 548186
    },
    {
        "name": "Hildesheim",
        "lat": 52.14402430549018,
        "lng": 9.942111778455658,
        "population": 102325
    },
    {
        "name": "Oldenburg (Oldb)",
        "lat": 53.14374655879766,
        "lng": 8.223010255196014,
        "population": 174629
    },
    {
        "name": "Osnabr\u00fcck",
        "lat": 52.27979877438802,
        "lng": 8.060331171309434,
        "population": 166960
    },
    {
        "name": "Bremen",
        "lat": 53.12025068817416,
        "lng": 8.807329444202452,
        "population": 577026
    },
    {
        "name": "Bremerhaven",
        "lat": 53.539700319918495,
        "lng": 8.608703734699251,
        "population": 114677
    },
    {
        "name": "D\u00fcsseldorf",
        "lat": 51.23788963251689,
        "lng": 6.785892573694522,
        "population": 631217
    },
    {
        "name": "Duisburg",
        "lat": 51.44660775929889,
        "lng": 6.740824741783735,
        "population": 503707
    },
    {
        "name": "Essen",
        "lat": 51.44054920147112,
        "lng": 7.045667019653692,
        "population": 586608
    },
    {
        "name": "Krefeld",
        "lat": 51.346235993559134,
        "lng": 6.579531567325894,
        "population": 228550
    },
    {
        "name": "M\u00f6nchengladbach",
        "lat": 51.166850717795896,
        "lng": 6.411940923575205,
        "population": 268943
    },
    {
        "name": "M\u00fclheim an der Ruhr",
        "lat": 51.41101737207691,
        "lng": 6.880892759045216,
        "population": 173255
    },
    {
        "name": "Oberhausen",
        "lat": 51.51364521544777,
        "lng": 6.849420082442445,
        "population": 211099
    },
    {
        "name": "Remscheid",
        "lat": 51.18415322978281,
        "lng": 7.228300789657514,
        "population": 112970
    },
    {
        "name": "Solingen",
        "lat": 51.168030981593176,
        "lng": 7.058521357597043,
        "population": 161545
    },
    {
        "name": "Wuppertal",
        "lat": 51.242631859961506,
        "lng": 7.164451721723184,
        "population": 358938
    },
    {
        "name": "Neuss",
        "lat": 51.17549533168174,
        "lng": 6.710322402961264,
        "population": 155163
    },
    {
        "name": "Moers",
        "lat": 51.457937390546725,
        "lng": 6.636011169659812,
        "population": 105606
    },
    {
        "name": "Bonn",
        "lat": 50.703304011999734,
        "lng": 7.097241629480666,
        "population": 335789
    },
    {
        "name": "K\u00f6ln",
        "lat": 50.95704083047785,
        "lng": 6.955022897758762,
        "population": 1087353
    },
    {
        "name": "Leverkusen",
        "lat": 51.05342916670294,
        "lng": 7.012162033808029,
        "population": 166414
    },
    {
        "name": "Aachen",
        "lat": 50.75993627903799,
        "lng": 6.111497995144433,
        "population": 252769
    },
    {
        "name": "Bergisch Gladbach",
        "lat": 50.97315937235107,
        "lng": 7.176945619576186,
        "population": 112660
    },
    {
        "name": "Bottrop",
        "lat": 51.5707200269516,
        "lng": 6.887588139199771,
        "population": 118705
    },
    {
        "name": "Gelsenkirchen",
        "lat": 51.556303676025955,
        "lng": 7.08143127030259,
        "population": 265885
    },
    {
        "name": "M\u00fcnster",
        "lat": 51.95069996707501,
        "lng": 7.6134515140174575,
        "population": 322904
    },
    {
        "name": "Recklinghausen",
        "lat": 51.60216707434445,
        "lng": 7.2270979980213985,
        "population": 111693
    },
    {
        "name": "Bielefeld",
        "lat": 52.014890175557234,
        "lng": 8.559519075434007,
        "population": 338410
    },
    {
        "name": "G\u00fctersloh",
        "lat": 51.91762328118942,
        "lng": 8.403274444387524,
        "population": 102464
    },
    {
        "name": "Paderborn",
        "lat": 51.7277735208156,
        "lng": 8.768296423032263,
        "population": 155749
    },
    {
        "name": "Bochum",
        "lat": 51.470800273162624,
        "lng": 7.231223751798322,
        "population": 366385
    },
    {
        "name": "Dortmund",
        "lat": 51.50761292836788,
        "lng": 7.449675521961205,
        "population": 595471
    },
    {
        "name": "Hagen",
        "lat": 51.341406146645994,
        "lng": 7.4867599680101495,
        "population": 190490
    },
    {
        "name": "Hamm",
        "lat": 51.66133602189748,
        "lng": 7.816842089620311,
        "population": 180761
    },
    {
        "name": "Herne",
        "lat": 51.53867377935758,
        "lng": 7.212536033537851,
        "population": 157896
    },
    {
        "name": "Siegen",
        "lat": 50.883041805063115,
        "lng": 8.030483269656447,
        "population": 102114
    },
    {
        "name": "Darmstadt",
        "lat": 49.875190790160055,
        "lng": 8.663185987539595,
        "population": 164792
    },
    {
        "name": "Frankfurt am Main",
        "lat": 50.12076042450973,
        "lng": 8.659134962651494,
        "population": 775790
    },
    {
        "name": "Offenbach am Main",
        "lat": 50.092067293077264,
        "lng": 8.78291262462761,
        "population": 135490
    },
    {
        "name": "Wiesbaden",
        "lat": 50.072560697548965,
        "lng": 8.253846090794992,
        "population": 285522
    },
    {
        "name": "Hanau",
        "lat": 50.13521041914341,
        "lng": 8.918626153375765,
        "population": 103184
    },
    {
        "name": "Kassel",
        "lat": 51.30764629759023,
        "lng": 9.454697336078532,
        "population": 204687
    },
    {
        "name": "Koblenz",
        "lat": 50.34678694918177,
        "lng": 7.584136690629239,
        "population": 115298
    },
    {
        "name": "Trier",
        "lat": 49.77846659139701,
        "lng": 6.668632269694406,
        "population": 112737
    },
    {
        "name": "Kaiserslautern",
        "lat": 49.426746812126986,
        "lng": 7.758829469993909,
        "population": 101486
    },
    {
        "name": "Ludwigshafen am Rhein",
        "lat": 49.48842921752397,
        "lng": 8.389288192611787,
        "population": 176110
    },
    {
        "name": "Mainz",
        "lat": 49.96536424292346,
        "lng": 8.257132418209752,
        "population": 222889
    },
    {
        "name": "Stuttgart",
        "lat": 48.77863199278363,
        "lng": 9.192169889435156,
        "population": 633484
    },
    {
        "name": "Heilbronn",
        "lat": 49.151780056045084,
        "lng": 9.200642445213973,
        "population": 130093
    },
    {
        "name": "Karlsruhe",
        "lat": 49.015885003102206,
        "lng": 8.40989353799938,
        "population": 309964
    },
    {
        "name": "Heidelberg",
        "lat": 49.40610585036954,
        "lng": 8.714197126430795,
        "population": 162960
    },
    {
        "name": "Mannheim",
        "lat": 49.500790677835695,
        "lng": 8.512346189186516,
        "population": 316877
    },
    {
        "name": "Pforzheim",
        "lat": 48.874703863491376,
        "lng": 8.719972754820784,
        "population": 128992
    },
    {
        "name": "Freiburg im Breisgau",
        "lat": 47.986874829226274,
        "lng": 7.805476445983576,
        "population": 237244
    },
    {
        "name": "Reutlingen",
        "lat": 48.49553843085876,
        "lng": 9.19913364638704,
        "population": 118528
    },
    {
        "name": "Ulm",
        "lat": 48.38798770197646,
        "lng": 9.929263346287312,
        "population": 129942
    },
    {
        "name": "Ingolstadt",
        "lat": 48.753591081008096,
        "lng": 11.39543000056392,
        "population": 142308
    },
    {
        "name": "M\u00fcnchen",
        "lat": 48.1550360974707,
        "lng": 11.524488045815396,
        "population": 1510378
    },
    {
        "name": "Regensburg",
        "lat": 49.02197310716265,
        "lng": 12.101431565127644,
        "population": 159465
    },
    {
        "name": "Erlangen",
        "lat": 49.589532624383274,
        "lng": 10.980409041924123,
        "population": 117806
    },
    {
        "name": "F\u00fcrth",
        "lat": 49.48872210544275,
        "lng": 10.959580812500988,
        "population": 132032
    },
    {
        "name": "N\u00fcrnberg",
        "lat": 49.43602857364611,
        "lng": 11.063176435132737,
        "population": 526091
    },
    {
        "name": "W\u00fcrzburg",
        "lat": 49.777825182792995,
        "lng": 9.943533571624036,
        "population": 128246
    },
    {
        "name": "Augsburg",
        "lat": 48.3585270281816,
        "lng": 10.903827573036839,
        "population": 303150
    },
    {
        "name": "Saarbr\u00fccken",
        "lat": 49.24708522223766,
        "lng": 6.996938440374388,
        "population": 183509
    },
    {
        "name": "Berlin",
        "lat": 52.50821388591194,
        "lng": 13.39712997900514,
        "population": 3782202
    },
    {
        "name": "Cottbus",
        "lat": 51.778306131829495,
        "lng": 14.382671904525687,
        "population": 100010
    },
    {
        "name": "Potsdam",
        "lat": 52.4289116200281,
        "lng": 13.024809540411978,
        "population": 187119
    },
    {
        "name": "Rostock",
        "lat": 54.147666118722405,
        "lng": 12.143541915567605,
        "population": 210795
    },
    {
        "name": "Chemnitz",
        "lat": 50.82263998680656,
        "lng": 12.898591716265056,
        "population": 250681
    },
    {
        "name": "Dresden",
        "lat": 51.076667103925274,
        "lng": 13.739435605006086,
        "population": 566222
    },
    {
        "name": "Leipzig",
        "lat": 51.34308634862222,
        "lng": 12.388501314492157,
        "population": 619879
    },
    {
        "name": "Halle (Saale)",
        "lat": 51.47311296128778,
        "lng": 11.968184806103796,
        "population": 242172
    },
    {
        "name": "Magdeburg",
        "lat": 52.12588547058911,
        "lng": 11.628619515158114,
        "population": 240114
    },
    {
        "name": "Erfurt",
        "lat": 50.985408444721244,
        "lng": 11.026843566932353,
        "population": 215675
    },
    {
        "name": "Jena",
        "lat": 50.922106577749574,
        "lng": 11.587683054602474,
        "population": 110791
    }
]