[{"cityName": "Kiel", "timestamp": "2020-04", "value": 4.210776560718105e-05, "incidence": 15.55, "pValue": 0.8158154543636199, "interpretation": "3.1% decrease, not statistically significant (p = 0.816), negligible effect size (d=-0.08)"}, {"cityName": "L\u00fcbeck", "timestamp": "2020-04", "value": 3.867812079584433e-05, "incidence": 8.700000000000001, "pValue": 0.1020001473261426, "interpretation": "25.1% decrease, not statistically significant (p = 0.102), medium effect size (d=-0.56)"}, {"cityName": "Hamburg", "timestamp": "2020-04", "value": 5.683926520524201e-05, "incidence": 33.02, "pValue": 0.24021623821197866, "interpretation": "14.5% decrease, not statistically significant (p = 0.240), small effect size (d=-0.39)"}, {"cityName": "Braunschweig", "timestamp": "2020-04", "value": 4.828001906657044e-05, "incidence": 17.436666666666664, "pValue": 0.042882621083144445, "interpretation": "19.7% decrease, significant (p = 0.043), medium effect size (d=-0.73)"}, {"cityName": "Salzgitter", "timestamp": "2020-04", "value": 5.122004076838493e-05, "incidence": 18.863333333333337, "pValue": 0.09599083196432727, "interpretation": "18.8% decrease, not statistically significant (p = 0.096), medium effect size (d=-0.59)"}, {"cityName": "Wolfsburg", "timestamp": "2020-04", "value": 4.1219546753717096e-05, "incidence": 32.81333333333334, "pValue": 0.0635261143951328, "interpretation": "18.3% decrease, not statistically significant (p = 0.064), medium effect size (d=-0.64)"}, {"cityName": "G\u00f6ttingen", "timestamp": "2020-04", "value": 4.250322568363377e-05, "incidence": 42.53333333333334, "pValue": 0.4310304736204713, "interpretation": "12.8% decrease, not statistically significant (p = 0.431), small effect size (d=-0.29)"}, {"cityName": "Hannover", "timestamp": "2020-04", "value": 5.227263624730863e-05, "incidence": 23.38666666666667, "pValue": 0.03443147012165504, "interpretation": "18.7% decrease, significant (p = 0.034), medium effect size (d=-0.74)"}, {"cityName": "Hildesheim", "timestamp": "2020-04", "value": 4.505392794004258e-05, "incidence": 12.816666666666665, "pValue": 0.0051162153487030225, "interpretation": "27.6% decrease, very significant (p < 0.01), large effect size (d=-1.02)"}, {"cityName": "Oldenburg (Oldb)", "timestamp": "2020-04", "value": 4.857406602241099e-05, "incidence": 11.823333333333332, "pValue": 0.030585996859040437, "interpretation": "21.3% decrease, significant (p = 0.031), medium effect size (d=-0.76)"}, {"cityName": "Osnabr\u00fcck", "timestamp": "2020-04", "value": 5.242220041426745e-05, "incidence": 35.25, "pValue": 0.05578031502015774, "interpretation": "20.9% decrease, not statistically significant (p = 0.056), medium effect size (d=-0.65)"}, {"cityName": "Bremen", "timestamp": "2020-04", "value": 4.764647818491107e-05, "incidence": 21.333333333333332, "pValue": 0.005312695315376934, "interpretation": "28.0% decrease, very significant (p < 0.01), large effect size (d=-0.93)"}, {"cityName": "Bremerhaven", "timestamp": "2020-04", "value": 4.541728412732482e-05, "incidence": 4.603333333333334, "pValue": 0.07627337625597864, "interpretation": "23.4% decrease, not statistically significant (p = 0.076), medium effect size (d=-0.63)"}, {"cityName": "D\u00fcsseldorf", "timestamp": "2020-04", "value": 0.0001231938963983117, "incidence": 23.87666666666667, "pValue": 0.7678637757968333, "interpretation": "5.8% decrease, not statistically significant (p = 0.768), negligible effect size (d=-0.09)"}, {"cityName": "Duisburg", "timestamp": "2020-04", "value": 0.0001483597816565098, "incidence": 26.413333333333334, "pValue": 0.8649510363053032, "interpretation": "2.8% increase, not statistically significant (p = 0.865), negligible effect size (d=0.05)"}, {"cityName": "Essen", "timestamp": "2020-04", "value": 0.0001110358354754937, "incidence": 16.833333333333332, "pValue": 0.97966843315387, "interpretation": "0.4% decrease, not statistically significant (p = 0.980), negligible effect size (d=-0.01)"}, {"cityName": "Krefeld", "timestamp": "2020-04", "value": 0.0001228164451626631, "incidence": 33.406666666666666, "pValue": 0.06940367129389743, "interpretation": "30.5% decrease, not statistically significant (p = 0.069), medium effect size (d=-0.60)"}, {"cityName": "M\u00f6nchengladbach", "timestamp": "2020-04", "value": 0.00011409286024241612, "incidence": 27.220000000000002, "pValue": 0.1304702939687122, "interpretation": "21.5% decrease, not statistically significant (p = 0.130), small effect size (d=-0.48)"}, {"cityName": "M\u00fclheim an der Ruhr", "timestamp": "2020-04", "value": 0.00012380193867203262, "incidence": 14.866666666666665, "pValue": 0.8263936755658892, "interpretation": "3.5% increase, not statistically significant (p = 0.826), negligible effect size (d=0.07)"}, {"cityName": "Oberhausen", "timestamp": "2020-04", "value": 0.0001403219335211011, "incidence": 14.186666666666664, "pValue": 0.5174214047846037, "interpretation": "11.5% increase, not statistically significant (p = 0.517), small effect size (d=0.22)"}, {"cityName": "Remscheid", "timestamp": "2020-04", "value": 7.052379660308362e-05, "incidence": 33.77333333333333, "pValue": 0.27634673659588344, "interpretation": "17.5% decrease, not statistically significant (p = 0.276), small effect size (d=-0.37)"}, {"cityName": "Solingen", "timestamp": "2020-04", "value": 8.478438394377008e-05, "incidence": 20.91666666666667, "pValue": 0.3247357764360833, "interpretation": "15.1% decrease, not statistically significant (p = 0.325), small effect size (d=-0.33)"}, {"cityName": "Wuppertal", "timestamp": "2020-04", "value": 8.043089743565631e-05, "incidence": 39.77666666666667, "pValue": 0.49309636292762116, "interpretation": "10.8% decrease, not statistically significant (p = 0.493), small effect size (d=-0.23)"}, {"cityName": "Neuss", "timestamp": "2020-04", "value": 0.00012301912647671998, "incidence": 15.463333333333335, "pValue": 0.4801693741507227, "interpretation": "12.8% decrease, not statistically significant (p = 0.480), small effect size (d=-0.24)"}, {"cityName": "Moers", "timestamp": "2020-04", "value": 0.00013606850656547716, "incidence": 14.83333333333333, "pValue": 0.0974723062183177, "interpretation": "31.5% decrease, not statistically significant (p = 0.097), medium effect size (d=-0.56)"}, {"cityName": "Bonn", "timestamp": "2020-04", "value": 8.969050197100097e-05, "incidence": 26.76666666666667, "pValue": 0.5700286387248656, "interpretation": "13.6% increase, not statistically significant (p = 0.570), negligible effect size (d=0.20)"}, {"cityName": "K\u00f6ln", "timestamp": "2020-04", "value": 0.00011906881506244342, "incidence": 22.939999999999994, "pValue": 0.911415570973513, "interpretation": "2.2% decrease, not statistically significant (p = 0.911), negligible effect size (d=-0.04)"}, {"cityName": "Leverkusen", "timestamp": "2020-04", "value": 0.00010377650808853407, "incidence": 16.066666666666666, "pValue": 0.9267503696247048, "interpretation": "1.7% decrease, not statistically significant (p = 0.927), negligible effect size (d=-0.03)"}, {"cityName": "Aachen", "timestamp": "2020-04", "value": 7.838938899081329e-05, "incidence": 44.61333333333334, "pValue": 0.2199905845263744, "interpretation": "25.4% decrease, not statistically significant (p = 0.220), small effect size (d=-0.40)"}, {"cityName": "Bergisch Gladbach", "timestamp": "2020-04", "value": 9.342918305524759e-05, "incidence": 20.693333333333335, "pValue": 0.5656832039157238, "interpretation": "14.6% increase, not statistically significant (p = 0.566), small effect size (d=0.21)"}, {"cityName": "Bottrop", "timestamp": "2020-04", "value": 0.00013036982101552626, "incidence": 21.64666666666667, "pValue": 0.5758547990899495, "interpretation": "11.4% increase, not statistically significant (p = 0.576), negligible effect size (d=0.19)"}, {"cityName": "Gelsenkirchen", "timestamp": "2020-04", "value": 0.00013092897065422113, "incidence": 22.330000000000002, "pValue": 0.2662298868393175, "interpretation": "25.2% increase, not statistically significant (p = 0.266), small effect size (d=0.37)"}, {"cityName": "M\u00fcnster", "timestamp": "2020-04", "value": 6.181919097638966e-05, "incidence": 16.886666666666663, "pValue": 0.6174072488441515, "interpretation": "8.5% increase, not statistically significant (p = 0.617), negligible effect size (d=0.17)"}, {"cityName": "Recklinghausen", "timestamp": "2020-04", "value": 0.00011623197665008214, "incidence": 29.35, "pValue": 0.1657528231746676, "interpretation": "37.4% increase, not statistically significant (p = 0.166), small effect size (d=0.48)"}, {"cityName": "Bielefeld", "timestamp": "2020-04", "value": 5.170646666859587e-05, "incidence": 16.316666666666666, "pValue": 0.12775560649314283, "interpretation": "17.6% decrease, not statistically significant (p = 0.128), medium effect size (d=-0.51)"}, {"cityName": "G\u00fctersloh", "timestamp": "2020-04", "value": 5.5331061594188215e-05, "incidence": 18.270000000000003, "pValue": 0.12164074313639489, "interpretation": "17.3% decrease, not statistically significant (p = 0.122), medium effect size (d=-0.51)"}, {"cityName": "Paderborn", "timestamp": "2020-04", "value": 5.0324871535262756e-05, "incidence": 31.589999999999996, "pValue": 0.4919264427697936, "interpretation": "9.6% decrease, not statistically significant (p = 0.492), small effect size (d=-0.23)"}, {"cityName": "Bochum", "timestamp": "2020-04", "value": 0.00010956965464477737, "incidence": 15.736666666666666, "pValue": 0.5245597225325831, "interpretation": "16.1% increase, not statistically significant (p = 0.525), small effect size (d=0.22)"}, {"cityName": "Dortmund", "timestamp": "2020-04", "value": 0.00010347180981554237, "incidence": 16.366666666666667, "pValue": 0.3647770219883373, "interpretation": "28.5% increase, not statistically significant (p = 0.365), small effect size (d=0.32)"}, {"cityName": "Hagen", "timestamp": "2020-04", "value": 7.84833722844206e-05, "incidence": 21.940000000000005, "pValue": 0.7546232720366787, "interpretation": "6.6% increase, not statistically significant (p = 0.755), negligible effect size (d=0.11)"}, {"cityName": "Hamm", "timestamp": "2020-04", "value": 6.874406798964454e-05, "incidence": 38.78, "pValue": 0.8494802099313958, "interpretation": "3.4% increase, not statistically significant (p = 0.849), negligible effect size (d=0.06)"}, {"cityName": "Herne", "timestamp": "2020-04", "value": 0.00011904623825103045, "incidence": 15.783333333333333, "pValue": 0.44879963901501285, "interpretation": "17.5% increase, not statistically significant (p = 0.449), small effect size (d=0.26)"}, {"cityName": "Siegen", "timestamp": "2020-04", "value": 5.4294080473482606e-05, "incidence": 15.680000000000003, "pValue": 0.8705209631270072, "interpretation": "3.8% decrease, not statistically significant (p = 0.871), negligible effect size (d=-0.06)"}, {"cityName": "Darmstadt", "timestamp": "2020-04", "value": 6.387003866786307e-05, "incidence": 22.446666666666665, "pValue": 0.3496847317414814, "interpretation": "14.9% decrease, not statistically significant (p = 0.350), small effect size (d=-0.35)"}, {"cityName": "Frankfurt am Main", "timestamp": "2020-04", "value": 8.586422667245974e-05, "incidence": 27.14666666666667, "pValue": 0.46489163590842963, "interpretation": "11.7% decrease, not statistically significant (p = 0.465), small effect size (d=-0.24)"}, {"cityName": "Offenbach am Main", "timestamp": "2020-04", "value": 7.105135591700673e-05, "incidence": 10.956666666666662, "pValue": 0.5647153801325109, "interpretation": "8.2% decrease, not statistically significant (p = 0.565), small effect size (d=-0.21)"}, {"cityName": "Wiesbaden", "timestamp": "2020-04", "value": 8.169493715589245e-05, "incidence": 13.53666666666667, "pValue": 0.4778009161155279, "interpretation": "9.7% decrease, not statistically significant (p = 0.478), small effect size (d=-0.26)"}, {"cityName": "Hanau", "timestamp": "2020-04", "value": 5.996218309379541e-05, "incidence": 23.476666666666667, "pValue": 0.4736076897914734, "interpretation": "9.2% decrease, not statistically significant (p = 0.474), small effect size (d=-0.26)"}, {"cityName": "Kassel", "timestamp": "2020-04", "value": 4.359133567454087e-05, "incidence": 18.19333333333333, "pValue": 0.05055569449846848, "interpretation": "23.4% decrease, not statistically significant (p = 0.051), medium effect size (d=-0.71)"}, {"cityName": "Koblenz", "timestamp": "2020-04", "value": 6.720957915402121e-05, "incidence": 26.38, "pValue": 0.6029165517019921, "interpretation": "11.6% increase, not statistically significant (p = 0.603), negligible effect size (d=0.19)"}, {"cityName": "Trier", "timestamp": "2020-04", "value": 4.9780623521655797e-05, "incidence": 11.866666666666669, "pValue": 0.6697239040848975, "interpretation": "7.9% decrease, not statistically significant (p = 0.670), negligible effect size (d=-0.16)"}, {"cityName": "Kaiserslautern", "timestamp": "2020-04", "value": 4.870492893342789e-05, "incidence": 14.586666666666664, "pValue": 0.07687202176655235, "interpretation": "29.5% decrease, not statistically significant (p = 0.077), medium effect size (d=-0.76)"}, {"cityName": "Ludwigshafen am Rhein", "timestamp": "2020-04", "value": 0.00011236419474395613, "incidence": 28.903333333333332, "pValue": 0.9434801565340308, "interpretation": "1.6% decrease, not statistically significant (p = 0.943), negligible effect size (d=-0.03)"}, {"cityName": "Mainz", "timestamp": "2020-04", "value": 7.964000542415306e-05, "incidence": 36.48333333333334, "pValue": 0.24736274328792957, "interpretation": "16.1% decrease, not statistically significant (p = 0.247), small effect size (d=-0.43)"}, {"cityName": "Stuttgart", "timestamp": "2020-04", "value": 6.715924892988469e-05, "incidence": 23.706666666666663, "pValue": 0.6196813625257989, "interpretation": "8.1% decrease, not statistically significant (p = 0.620), negligible effect size (d=-0.20)"}, {"cityName": "Heilbronn", "timestamp": "2020-04", "value": 4.880291332180301e-05, "incidence": 51.14000000000001, "pValue": 0.0005297177351005329, "interpretation": "40.5% decrease, highly significant (p < 0.001), large effect size (d=-1.54)"}, {"cityName": "Karlsruhe", "timestamp": "2020-04", "value": 5.910654629891117e-05, "incidence": 16.496666666666666, "pValue": 0.01498940856797624, "interpretation": "30.0% decrease, significant (p = 0.015), large effect size (d=-0.96)"}, {"cityName": "Heidelberg", "timestamp": "2020-04", "value": 5.904901895279947e-05, "incidence": 20.456666666666663, "pValue": 0.9557962739770587, "interpretation": "1.5% increase, not statistically significant (p = 0.956), negligible effect size (d=0.02)"}, {"cityName": "Mannheim", "timestamp": "2020-04", "value": 0.00010003073140978813, "incidence": 18.389999999999997, "pValue": 0.6974374795906995, "interpretation": "10.9% increase, not statistically significant (p = 0.697), negligible effect size (d=0.16)"}, {"cityName": "Pforzheim", "timestamp": "2020-04", "value": 5.680578760802746e-05, "incidence": 44.85333333333333, "pValue": 0.3973448895172683, "interpretation": "14.8% decrease, not statistically significant (p = 0.397), small effect size (d=-0.37)"}, {"cityName": "Freiburg im Breisgau", "timestamp": "2020-04", "value": 4.618165635124401e-05, "incidence": 56.66, "pValue": 2.028308486632316e-05, "interpretation": "51.4% decrease, highly significant (p < 0.001), large effect size (d=-1.94)"}, {"cityName": "Reutlingen", "timestamp": "2020-04", "value": 4.6056011342443526e-05, "incidence": 90.65666666666667, "pValue": 0.04803304378585746, "interpretation": "21.6% decrease, significant (p = 0.048), medium effect size (d=-0.76)"}, {"cityName": "Ulm", "timestamp": "2020-04", "value": 5.670650984699789e-05, "incidence": 25.573333333333334, "pValue": 0.18601932317178685, "interpretation": "23.4% decrease, not statistically significant (p = 0.186), medium effect size (d=-0.60)"}, {"cityName": "Ingolstadt", "timestamp": "2020-04", "value": 4.751751354585091e-05, "incidence": 57.056666666666665, "pValue": 0.06826070281891373, "interpretation": "22.4% decrease, not statistically significant (p = 0.068), medium effect size (d=-0.66)"}, {"cityName": "M\u00fcnchen", "timestamp": "2020-04", "value": 6.161259415631111e-05, "incidence": 51.20666666666668, "pValue": 0.14296300553575156, "interpretation": "24.8% decrease, not statistically significant (p = 0.143), medium effect size (d=-0.54)"}, {"cityName": "Regensburg", "timestamp": "2020-04", "value": 4.59779209146897e-05, "incidence": 42.44333333333334, "pValue": 0.2822435955835987, "interpretation": "18.0% decrease, not statistically significant (p = 0.282), small effect size (d=-0.48)"}, {"cityName": "Erlangen", "timestamp": "2020-04", "value": 4.911620635539293e-05, "incidence": 33.37666666666667, "pValue": 0.9389983223091942, "interpretation": "1.8% decrease, not statistically significant (p = 0.939), negligible effect size (d=-0.03)"}, {"cityName": "F\u00fcrth", "timestamp": "2020-04", "value": 4.8528562183491884e-05, "incidence": 48.15999999999999, "pValue": 0.6509551239278067, "interpretation": "7.6% decrease, not statistically significant (p = 0.651), negligible effect size (d=-0.19)"}, {"cityName": "N\u00fcrnberg", "timestamp": "2020-04", "value": 5.3663529935434006e-05, "incidence": 31.9, "pValue": 0.8919777742089225, "interpretation": "2.4% decrease, not statistically significant (p = 0.892), negligible effect size (d=-0.05)"}, {"cityName": "W\u00fcrzburg", "timestamp": "2020-04", "value": 4.7062723751878366e-05, "incidence": 45.25333333333334, "pValue": 0.25331050189496, "interpretation": "18.8% decrease, not statistically significant (p = 0.253), small effect size (d=-0.41)"}, {"cityName": "Augsburg", "timestamp": "2020-04", "value": 5.017648576400601e-05, "incidence": 18.25666666666666, "pValue": 0.013954250416930786, "interpretation": "28.2% decrease, significant (p = 0.014), large effect size (d=-1.05)"}, {"cityName": "Saarbr\u00fccken", "timestamp": "2020-04", "value": 4.402659057329098e-05, "incidence": 62.05666666666666, "pValue": 0.04054503591835991, "interpretation": "28.1% decrease, significant (p = 0.041), medium effect size (d=-0.80)"}, {"cityName": "Berlin", "timestamp": "2020-04", "value": 4.8970491284640824e-05, "incidence": 0.0, "pValue": 0.0033059717401184236, "interpretation": "26.7% decrease, very significant (p < 0.01), large effect size (d=-1.11)"}, {"cityName": "Cottbus", "timestamp": "2020-04", "value": 3.862922760443045e-05, "incidence": 2.2666666666666666, "pValue": 0.0005019960167495415, "interpretation": "46.0% decrease, highly significant (p < 0.001), large effect size (d=-1.52)"}, {"cityName": "Potsdam", "timestamp": "2020-04", "value": 3.9901899392990506e-05, "incidence": 63.57666666666666, "pValue": 0.0126025735096742, "interpretation": "32.7% decrease, significant (p = 0.013), large effect size (d=-0.88)"}, {"cityName": "Rostock", "timestamp": "2020-04", "value": 3.394613635133613e-05, "incidence": 2.893333333333333, "pValue": 0.5780992988693179, "interpretation": "6.9% decrease, not statistically significant (p = 0.578), negligible effect size (d=-0.19)"}, {"cityName": "Chemnitz", "timestamp": "2020-04", "value": 4.112215076641339e-05, "incidence": 11.966666666666665, "pValue": 0.0006472174911910699, "interpretation": "37.7% decrease, highly significant (p < 0.001), large effect size (d=-1.43)"}, {"cityName": "Dresden", "timestamp": "2020-04", "value": 4.75292813710191e-05, "incidence": 10.83666666666667, "pValue": 0.027929722256562775, "interpretation": "29.1% decrease, significant (p = 0.028), large effect size (d=-0.85)"}, {"cityName": "Leipzig", "timestamp": "2020-04", "value": 4.815527548392614e-05, "incidence": 11.00333333333333, "pValue": 0.07877694634338281, "interpretation": "23.4% decrease, not statistically significant (p = 0.079), medium effect size (d=-0.63)"}, {"cityName": "Halle (Saale)", "timestamp": "2020-04", "value": 4.291273459481696e-05, "incidence": 18.256666666666668, "pValue": 0.010417498367431317, "interpretation": "32.2% decrease, significant (p = 0.010), large effect size (d=-0.94)"}, {"cityName": "Magdeburg", "timestamp": "2020-04", "value": 4.536027431880173e-05, "incidence": 3.4099999999999993, "pValue": 0.28175953295896633, "interpretation": "11.5% decrease, not statistically significant (p = 0.282), small effect size (d=-0.36)"}, {"cityName": "Erfurt", "timestamp": "2020-04", "value": 4.239644894891597e-05, "incidence": 6.873333333333332, "pValue": 0.06582271530809815, "interpretation": "19.9% decrease, not statistically significant (p = 0.066), medium effect size (d=-0.66)"}, {"cityName": "Jena", "timestamp": "2020-04", "value": 4.3712229752499196e-05, "incidence": 11.399999999999999, "pValue": 0.04578112432961376, "interpretation": "25.7% decrease, significant (p = 0.046), medium effect size (d=-0.72)"}]