[{"cityName": "Kiel", "timestamp": "2022-01", "value": 4.094999305726517e-05, "incidence": 819.7967741935485, "pValue": 0.857874414090176, "interpretation": "7.0% increase, not statistically significant (p = 0.858), negligible effect size (d=0.07)"}, {"cityName": "L\u00fcbeck", "timestamp": "2022-01", "value": 4.7598823180629144e-05, "incidence": 851.5419354838708, "pValue": 0.5420352010633053, "interpretation": "18.4% decrease, not statistically significant (p = 0.542), small effect size (d=-0.23)"}, {"cityName": "Hamburg", "timestamp": "2022-01", "value": 7.545556183214541e-05, "incidence": 1259.2774193548387, "pValue": 0.8659690058762887, "interpretation": "4.8% increase, not statistically significant (p = 0.866), negligible effect size (d=0.06)"}, {"cityName": "Braunschweig", "timestamp": "2022-01", "value": 5.5202139158021e-05, "incidence": 492.23225806451615, "pValue": 0.4011972888349098, "interpretation": "18.8% decrease, not statistically significant (p = 0.401), small effect size (d=-0.43)"}, {"cityName": "Salzgitter", "timestamp": "2022-01", "value": 6.353282369673253e-05, "incidence": 723.9806451612902, "pValue": 0.8392601479913422, "interpretation": "4.5% increase, not statistically significant (p = 0.839), negligible effect size (d=0.09)"}, {"cityName": "Wolfsburg", "timestamp": "2022-01", "value": 5.130810160680037e-05, "incidence": 514.7709677419355, "pValue": 0.3415625569237133, "interpretation": "25.6% decrease, not statistically significant (p = 0.342), medium effect size (d=-0.61)"}, {"cityName": "G\u00f6ttingen", "timestamp": "2022-01", "value": 6.187692218061005e-05, "incidence": 279.74838709677414, "pValue": 0.8800047162036541, "interpretation": "4.1% increase, not statistically significant (p = 0.880), negligible effect size (d=0.09)"}, {"cityName": "Hannover", "timestamp": "2022-01", "value": 7.648850595088381e-05, "incidence": 562.6096774193549, "pValue": 0.3482299220715471, "interpretation": "30.7% increase, not statistically significant (p = 0.348), small effect size (d=0.43)"}, {"cityName": "Hildesheim", "timestamp": "2022-01", "value": 7.692775141228648e-05, "incidence": 383.1645161290323, "pValue": 0.6909839688346083, "interpretation": "11.2% increase, not statistically significant (p = 0.691), negligible effect size (d=0.19)"}, {"cityName": "Oldenburg (Oldb)", "timestamp": "2022-01", "value": 5.239799502305686e-05, "incidence": 695.3290322580643, "pValue": 0.3915955158600324, "interpretation": "30.8% decrease, not statistically significant (p = 0.392), small effect size (d=-0.49)"}, {"cityName": "Osnabr\u00fcck", "timestamp": "2022-01", "value": 7.552603810009631e-05, "incidence": 600.8032258064517, "pValue": 0.4458920964529989, "interpretation": "23.8% decrease, not statistically significant (p = 0.446), small effect size (d=-0.40)"}, {"cityName": "Bremen", "timestamp": "2022-01", "value": 8.037433669459625e-05, "incidence": 1215.9129032258065, "pValue": 0.8321169943622824, "interpretation": "6.4% increase, not statistically significant (p = 0.832), negligible effect size (d=0.08)"}, {"cityName": "Bremerhaven", "timestamp": "2022-01", "value": 4.898081117841814e-05, "incidence": 952.0354838709676, "pValue": 0.9125577700422656, "interpretation": "4.6% increase, not statistically significant (p = 0.913), negligible effect size (d=0.05)"}, {"cityName": "D\u00fcsseldorf", "timestamp": "2022-01", "value": 0.0002405114653633862, "incidence": 1105.8677419354838, "pValue": 0.0498618268211642, "interpretation": "75.8% increase, significant (p = 0.050), large effect size (d=1.16)"}, {"cityName": "Duisburg", "timestamp": "2022-01", "value": 0.00026649924424978404, "incidence": 687.2290322580645, "pValue": 0.04119272870527087, "interpretation": "91.2% increase, significant (p = 0.041), large effect size (d=1.38)"}, {"cityName": "Essen", "timestamp": "2022-01", "value": 0.00017690078283731753, "incidence": 675.8, "pValue": 0.14276712561320096, "interpretation": "50.3% increase, not statistically significant (p = 0.143), medium effect size (d=0.78)"}, {"cityName": "Krefeld", "timestamp": "2022-01", "value": 0.00014064298011362553, "incidence": 826.5, "pValue": 0.7751108732962114, "interpretation": "8.8% increase, not statistically significant (p = 0.775), negligible effect size (d=0.13)"}, {"cityName": "M\u00f6nchengladbach", "timestamp": "2022-01", "value": 0.000117184955562497, "incidence": 801.3322580645162, "pValue": 0.2835478596734941, "interpretation": "29.9% increase, not statistically significant (p = 0.284), small effect size (d=0.45)"}, {"cityName": "M\u00fclheim an der Ruhr", "timestamp": "2022-01", "value": 0.00018910587661796145, "incidence": 815.6935483870968, "pValue": 0.24490061249811013, "interpretation": "39.2% increase, not statistically significant (p = 0.245), medium effect size (d=0.68)"}, {"cityName": "Oberhausen", "timestamp": "2022-01", "value": 0.00023530049321170038, "incidence": 714.3580645161289, "pValue": 0.23915740978570685, "interpretation": "37.6% increase, not statistically significant (p = 0.239), medium effect size (d=0.78)"}, {"cityName": "Remscheid", "timestamp": "2022-01", "value": 0.00014059202124675114, "incidence": 890.9225806451612, "pValue": 0.0, "interpretation": "Insufficient data for this month for a statistical test."}, {"cityName": "Solingen", "timestamp": "2022-01", "value": 0.00016364388284273446, "incidence": 959.0225806451612, "pValue": 0.3956601483819562, "interpretation": "35.0% increase, not statistically significant (p = 0.396), medium effect size (d=0.56)"}, {"cityName": "Wuppertal", "timestamp": "2022-01", "value": 0.0001620469028475108, "incidence": 997.6354838709678, "pValue": 0.11343016946550277, "interpretation": "57.3% increase, not statistically significant (p = 0.113), large effect size (d=1.10)"}, {"cityName": "Neuss", "timestamp": "2022-01", "value": 0.00024145166389644146, "incidence": 535.2838709677419, "pValue": 0.03321829323834567, "interpretation": "110.2% increase, significant (p = 0.033), large effect size (d=1.46)"}, {"cityName": "Moers", "timestamp": "2022-01", "value": 0.00016929515238319124, "incidence": 703.3451612903226, "pValue": 0.34320499086740597, "interpretation": "39.3% increase, not statistically significant (p = 0.343), medium effect size (d=0.54)"}, {"cityName": "Bonn", "timestamp": "2022-01", "value": 0.00012956381860104474, "incidence": 831.4225806451614, "pValue": 0.3969572779708429, "interpretation": "23.3% increase, not statistically significant (p = 0.397), small effect size (d=0.42)"}, {"cityName": "K\u00f6ln", "timestamp": "2022-01", "value": 0.00017202558875497844, "incidence": 964.5870967741936, "pValue": 0.9087985378439758, "interpretation": "3.3% increase, not statistically significant (p = 0.909), negligible effect size (d=0.05)"}, {"cityName": "Leverkusen", "timestamp": "2022-01", "value": 0.00019485288066789508, "incidence": 780.4129032258065, "pValue": 0.26884412049194756, "interpretation": "48.7% increase, not statistically significant (p = 0.269), medium effect size (d=0.73)"}, {"cityName": "Aachen", "timestamp": "2022-01", "value": 9.725595310587308e-05, "incidence": 943.5322580645161, "pValue": 0.7289931864548824, "interpretation": "10.3% increase, not statistically significant (p = 0.729), negligible effect size (d=0.14)"}, {"cityName": "Bergisch Gladbach", "timestamp": "2022-01", "value": 0.0001380038115062884, "incidence": 731.1129032258066, "pValue": 0.503056329107414, "interpretation": "28.6% increase, not statistically significant (p = 0.503), small effect size (d=0.44)"}, {"cityName": "Bottrop", "timestamp": "2022-01", "value": 0.00016264829729848048, "incidence": 759.5516129032258, "pValue": 0.792085062524654, "interpretation": "7.7% decrease, not statistically significant (p = 0.792), negligible effect size (d=-0.14)"}, {"cityName": "Gelsenkirchen", "timestamp": "2022-01", "value": 0.00017239877899341723, "incidence": 729.3935483870968, "pValue": 0.4550933277002719, "interpretation": "23.6% increase, not statistically significant (p = 0.455), small effect size (d=0.38)"}, {"cityName": "M\u00fcnster", "timestamp": "2022-01", "value": 8.218060656074892e-05, "incidence": 609.5516129032258, "pValue": 0.4375063859616043, "interpretation": "28.2% decrease, not statistically significant (p = 0.438), small effect size (d=-0.37)"}, {"cityName": "Recklinghausen", "timestamp": "2022-01", "value": 0.00016346944567675775, "incidence": 392.8258064516129, "pValue": 0.698241465924947, "interpretation": "13.4% increase, not statistically significant (p = 0.698), small effect size (d=0.21)"}, {"cityName": "Bielefeld", "timestamp": "2022-01", "value": 7.850497301357488e-05, "incidence": 601.5677419354839, "pValue": 0.42209526907324435, "interpretation": "22.9% decrease, not statistically significant (p = 0.422), small effect size (d=-0.39)"}, {"cityName": "G\u00fctersloh", "timestamp": "2022-01", "value": 7.925565587356687e-05, "incidence": 692.0225806451613, "pValue": 0.5226048570064933, "interpretation": "26.1% decrease, not statistically significant (p = 0.523), small effect size (d=-0.34)"}, {"cityName": "Paderborn", "timestamp": "2022-01", "value": 0.00010524601525356693, "incidence": 444.81290322580645, "pValue": 0.9196597039246603, "interpretation": "4.7% decrease, not statistically significant (p = 0.920), negligible effect size (d=-0.07)"}, {"cityName": "Bochum", "timestamp": "2022-01", "value": 0.00018568759939322868, "incidence": 613.9580645161291, "pValue": 0.2673336395513465, "interpretation": "30.9% increase, not statistically significant (p = 0.267), medium effect size (d=0.60)"}, {"cityName": "Dortmund", "timestamp": "2022-01", "value": 0.00015811361007246318, "incidence": 796.7870967741936, "pValue": 0.9034182414169384, "interpretation": "4.0% decrease, not statistically significant (p = 0.903), negligible effect size (d=-0.05)"}, {"cityName": "Hagen", "timestamp": "2022-01", "value": 0.0001138995626363261, "incidence": 661.1387096774193, "pValue": 0.25484635904811886, "interpretation": "37.1% increase, not statistically significant (p = 0.255), medium effect size (d=0.61)"}, {"cityName": "Hamm", "timestamp": "2022-01", "value": 0.0001369370369329339, "incidence": 725.3354838709677, "pValue": 0.8582370087231482, "interpretation": "6.7% increase, not statistically significant (p = 0.858), negligible effect size (d=0.08)"}, {"cityName": "Herne", "timestamp": "2022-01", "value": 0.00019316381076350808, "incidence": 796.6548387096773, "pValue": 0.14339783599784925, "interpretation": "50.1% increase, not statistically significant (p = 0.143), large effect size (d=0.82)"}, {"cityName": "Siegen", "timestamp": "2022-01", "value": 9.38499579206109e-05, "incidence": 583.3483870967742, "pValue": 0.0, "interpretation": "Insufficient data for this month for a statistical test."}, {"cityName": "Darmstadt", "timestamp": "2022-01", "value": 0.00011235077611424707, "incidence": 893.8774193548388, "pValue": 0.2672647066410853, "interpretation": "16.8% increase, not statistically significant (p = 0.267), medium effect size (d=0.60)"}, {"cityName": "Frankfurt am Main", "timestamp": "2022-01", "value": 0.0001288481607017192, "incidence": 973.8612903225805, "pValue": 0.30678555553901027, "interpretation": "25.2% increase, not statistically significant (p = 0.307), medium effect size (d=0.54)"}, {"cityName": "Offenbach am Main", "timestamp": "2022-01", "value": 0.00011668734210120006, "incidence": 982.0903225806453, "pValue": 0.6937785320116832, "interpretation": "7.4% increase, not statistically significant (p = 0.694), small effect size (d=0.21)"}, {"cityName": "Wiesbaden", "timestamp": "2022-01", "value": 0.00012039331098397572, "incidence": 978.8225806451613, "pValue": 0.18563367357186275, "interpretation": "39.2% increase, not statistically significant (p = 0.186), medium effect size (d=0.71)"}, {"cityName": "Hanau", "timestamp": "2022-01", "value": 0.00010484712234196755, "incidence": 684.990322580645, "pValue": 0.44784917252770795, "interpretation": "14.9% increase, not statistically significant (p = 0.448), small effect size (d=0.41)"}, {"cityName": "Kassel", "timestamp": "2022-01", "value": 7.000655427368151e-05, "incidence": 580.6096774193547, "pValue": 0.8653377654686677, "interpretation": "4.7% decrease, not statistically significant (p = 0.865), negligible effect size (d=-0.10)"}, {"cityName": "Koblenz", "timestamp": "2022-01", "value": 0.00017985595493680902, "incidence": 700.9225806451614, "pValue": 0.0, "interpretation": "Insufficient data for this month for a statistical test."}, {"cityName": "Trier", "timestamp": "2022-01", "value": 9.990608086809515e-05, "incidence": 605.0387096774194, "pValue": 0.11197016333735671, "interpretation": "49.2% increase, not statistically significant (p = 0.112), medium effect size (d=0.78)"}, {"cityName": "Kaiserslautern", "timestamp": "2022-01", "value": 7.64567655726121e-05, "incidence": 779.2387096774195, "pValue": 0.8039312748932812, "interpretation": "4.7% increase, not statistically significant (p = 0.804), negligible effect size (d=0.10)"}, {"cityName": "Ludwigshafen am Rhein", "timestamp": "2022-01", "value": 0.00011994247324764729, "incidence": 726.8709677419354, "pValue": 0.529893504997728, "interpretation": "17.1% decrease, not statistically significant (p = 0.530), small effect size (d=-0.27)"}, {"cityName": "Mainz", "timestamp": "2022-01", "value": 0.00010425318032503128, "incidence": 756.6838709677419, "pValue": 0.7934266122751126, "interpretation": "6.3% decrease, not statistically significant (p = 0.793), negligible effect size (d=-0.12)"}, {"cityName": "Stuttgart", "timestamp": "2022-01", "value": 0.00010960858263489272, "incidence": 569.6354838709676, "pValue": 0.4386273114076912, "interpretation": "18.2% increase, not statistically significant (p = 0.439), small effect size (d=0.30)"}, {"cityName": "Heilbronn", "timestamp": "2022-01", "value": 9.108224831935432e-05, "incidence": 741.516129032258, "pValue": 0.581747565527402, "interpretation": "11.9% decrease, not statistically significant (p = 0.582), small effect size (d=-0.25)"}, {"cityName": "Karlsruhe", "timestamp": "2022-01", "value": 8.412320942928394e-05, "incidence": 644.1161290322581, "pValue": 0.39601498520068856, "interpretation": "16.9% decrease, not statistically significant (p = 0.396), small effect size (d=-0.33)"}, {"cityName": "Heidelberg", "timestamp": "2022-01", "value": 8.943762728258183e-05, "incidence": 466.43548387096774, "pValue": 0.6808629835598128, "interpretation": "11.0% decrease, not statistically significant (p = 0.681), negligible effect size (d=-0.19)"}, {"cityName": "Mannheim", "timestamp": "2022-01", "value": 0.0001100914366543293, "incidence": 557.7193548387097, "pValue": 0.43318255044773935, "interpretation": "19.3% decrease, not statistically significant (p = 0.433), small effect size (d=-0.36)"}, {"cityName": "Pforzheim", "timestamp": "2022-01", "value": 8.345285378810432e-05, "incidence": 668.9838709677418, "pValue": 0.5176743698191801, "interpretation": "12.9% increase, not statistically significant (p = 0.518), small effect size (d=0.26)"}, {"cityName": "Freiburg im Breisgau", "timestamp": "2022-01", "value": 7.600606315665775e-05, "incidence": 833.0161290322582, "pValue": 0.8089803644693649, "interpretation": "4.8% increase, not statistically significant (p = 0.809), negligible effect size (d=0.08)"}, {"cityName": "Reutlingen", "timestamp": "2022-01", "value": 8.139821875374764e-05, "incidence": 751.1967741935484, "pValue": 0.4004637305190397, "interpretation": "24.6% increase, not statistically significant (p = 0.400), small effect size (d=0.34)"}, {"cityName": "Ulm", "timestamp": "2022-01", "value": 6.903556028479023e-05, "incidence": 712.5290322580645, "pValue": 0.8719870487734462, "interpretation": "2.7% increase, not statistically significant (p = 0.872), negligible effect size (d=0.06)"}, {"cityName": "Ingolstadt", "timestamp": "2022-01", "value": 7.713817952511211e-05, "incidence": 936.1354838709677, "pValue": 0.5988803076211044, "interpretation": "10.6% decrease, not statistically significant (p = 0.599), small effect size (d=-0.24)"}, {"cityName": "M\u00fcnchen", "timestamp": "2022-01", "value": 6.993772247089789e-05, "incidence": 993.0870967741936, "pValue": 0.7375408346533072, "interpretation": "6.8% increase, not statistically significant (p = 0.738), negligible effect size (d=0.12)"}, {"cityName": "Regensburg", "timestamp": "2022-01", "value": 9.320961156239112e-05, "incidence": 690.0161290322582, "pValue": 0.9892490465212853, "interpretation": "0.5% decrease, not statistically significant (p = 0.989), negligible effect size (d=-0.01)"}, {"cityName": "Erlangen", "timestamp": "2022-01", "value": 8.333625737577677e-05, "incidence": 519.5387096774193, "pValue": 0.6149593573802996, "interpretation": "16.2% increase, not statistically significant (p = 0.615), small effect size (d=0.33)"}, {"cityName": "F\u00fcrth", "timestamp": "2022-01", "value": 8.809213759377598e-05, "incidence": 674.3483870967743, "pValue": 0.9660044628414948, "interpretation": "1.1% increase, not statistically significant (p = 0.966), negligible effect size (d=0.03)"}, {"cityName": "N\u00fcrnberg", "timestamp": "2022-01", "value": 8.233963991656448e-05, "incidence": 727.4612903225806, "pValue": 0.7673560608592671, "interpretation": "7.3% decrease, not statistically significant (p = 0.767), negligible effect size (d=-0.17)"}, {"cityName": "W\u00fcrzburg", "timestamp": "2022-01", "value": 8.653943950776011e-05, "incidence": 866.6806451612902, "pValue": 0.16221615667808315, "interpretation": "36.1% increase, not statistically significant (p = 0.162), large effect size (d=0.81)"}, {"cityName": "Augsburg", "timestamp": "2022-01", "value": 7.240075725488938e-05, "incidence": 768.3129032258065, "pValue": 0.6254472573602603, "interpretation": "11.3% increase, not statistically significant (p = 0.625), small effect size (d=0.20)"}, {"cityName": "Saarbr\u00fccken", "timestamp": "2022-01", "value": 8.968872328599295e-05, "incidence": 680.174193548387, "pValue": 0.39839591989417755, "interpretation": "16.3% increase, not statistically significant (p = 0.398), small effect size (d=0.37)"}, {"cityName": "Berlin", "timestamp": "2022-01", "value": 5.516980592979164e-05, "incidence": 0.0, "pValue": 0.10480106528629235, "interpretation": "45.4% decrease, not statistically significant (p = 0.105), medium effect size (d=-0.69)"}, {"cityName": "Cottbus", "timestamp": "2022-01", "value": 5.417971316581735e-05, "incidence": 621.783870967742, "pValue": 0.13149575253147006, "interpretation": "31.3% decrease, not statistically significant (p = 0.131), medium effect size (d=-0.70)"}, {"cityName": "Potsdam", "timestamp": "2022-01", "value": 3.723938853534706e-05, "incidence": 1074.3290322580644, "pValue": 0.1568474414922508, "interpretation": "59.7% decrease, not statistically significant (p = 0.157), large effect size (d=-0.90)"}, {"cityName": "Rostock", "timestamp": "2022-01", "value": 3.751968456940217e-05, "incidence": 555.2806451612902, "pValue": 0.6634653361067642, "interpretation": "11.3% increase, not statistically significant (p = 0.663), negligible effect size (d=0.16)"}, {"cityName": "Chemnitz", "timestamp": "2022-01", "value": 6.266066622806759e-05, "incidence": 273.8709677419355, "pValue": 0.3958800082604257, "interpretation": "27.3% decrease, not statistically significant (p = 0.396), medium effect size (d=-0.56)"}, {"cityName": "Dresden", "timestamp": "2022-01", "value": 5.624940280209888e-05, "incidence": 557.2516129032259, "pValue": 0.08094187581964139, "interpretation": "41.0% decrease, not statistically significant (p = 0.081), large effect size (d=-0.94)"}, {"cityName": "Leipzig", "timestamp": "2022-01", "value": 6.099402283628782e-05, "incidence": 528.4129032258066, "pValue": 0.4576224406842011, "interpretation": "21.9% decrease, not statistically significant (p = 0.458), small effect size (d=-0.42)"}, {"cityName": "Halle (Saale)", "timestamp": "2022-01", "value": 4.875710389266411e-05, "incidence": 504.1290322580644, "pValue": 0.060659207032156534, "interpretation": "40.8% decrease, not statistically significant (p = 0.061), large effect size (d=-0.89)"}, {"cityName": "Magdeburg", "timestamp": "2022-01", "value": 3.6077880251564477e-05, "incidence": 434.5, "pValue": 0.10762411045826635, "interpretation": "41.6% decrease, not statistically significant (p = 0.108), large effect size (d=-0.85)"}, {"cityName": "Erfurt", "timestamp": "2022-01", "value": 4.9728756532707115e-05, "incidence": 376.3806451612903, "pValue": 0.49290153240311585, "interpretation": "15.1% decrease, not statistically significant (p = 0.493), small effect size (d=-0.33)"}, {"cityName": "Jena", "timestamp": "2022-01", "value": 4.643371923723155e-05, "incidence": 385.33870967741933, "pValue": 0.39375012162522427, "interpretation": "26.7% decrease, not statistically significant (p = 0.394), medium effect size (d=-0.55)"}]