[
    {
        "cityName": "Kiel",
        "timestamp": "2021-04",
        "value": 3.2831537759020214e-05,
        "incidence": 75.83,
        "pValue": 0.04527727957767858,
        "interpretation": "25.8% decrease, significant (p = 0.045), large effect size (d=-0.80)"
    },
    {
        "cityName": "L\u00fcbeck",
        "timestamp": "2021-04",
        "value": 3.466757092004021e-05,
        "incidence": 62.29,
        "pValue": 0.04465761286587388,
        "interpretation": "36.4% decrease, significant (p = 0.045), medium effect size (d=-0.75)"
    },
    {
        "cityName": "Hamburg",
        "timestamp": "2021-04",
        "value": 5.902538283003701e-05,
        "incidence": 135.53,
        "pValue": 0.1573095866746759,
        "interpretation": "15.8% decrease, not statistically significant (p = 0.157), medium effect size (d=-0.54)"
    },
    {
        "cityName": "Braunschweig",
        "timestamp": "2021-04",
        "value": 5.805942312102108e-05,
        "incidence": 103.11666666666669,
        "pValue": 0.29590253293744373,
        "interpretation": "15.0% decrease, not statistically significant (p = 0.296), small effect size (d=-0.46)"
    },
    {
        "cityName": "Salzgitter",
        "timestamp": "2021-04",
        "value": 7.356523419730366e-05,
        "incidence": 295.68666666666667,
        "pValue": 0.5882766178729715,
        "interpretation": "9.0% increase, not statistically significant (p = 0.588), small effect size (d=0.24)"
    },
    {
        "cityName": "Wolfsburg",
        "timestamp": "2021-04",
        "value": 4.368743822468739e-05,
        "incidence": 179.03000000000003,
        "pValue": 0.19481175951340926,
        "interpretation": "15.9% decrease, not statistically significant (p = 0.195), medium effect size (d=-0.58)"
    },
    {
        "cityName": "G\u00f6ttingen",
        "timestamp": "2021-04",
        "value": 6.792811854254632e-05,
        "incidence": 77.27,
        "pValue": 0.18176170756562518,
        "interpretation": "36.8% increase, not statistically significant (p = 0.182), medium effect size (d=0.59)"
    },
    {
        "cityName": "Hannover",
        "timestamp": "2021-04",
        "value": 6.114740512872998e-05,
        "incidence": 133.26,
        "pValue": 0.09311080123909256,
        "interpretation": "20.1% decrease, not statistically significant (p = 0.093), medium effect size (d=-0.72)"
    },
    {
        "cityName": "Hildesheim",
        "timestamp": "2021-04",
        "value": 5.6350942673709465e-05,
        "incidence": 90.67000000000003,
        "pValue": 0.4645422058066083,
        "interpretation": "10.3% decrease, not statistically significant (p = 0.465), small effect size (d=-0.33)"
    },
    {
        "cityName": "Oldenburg (Oldb)",
        "timestamp": "2021-04",
        "value": 4.940927610732615e-05,
        "incidence": 104.78,
        "pValue": 0.11340594311880714,
        "interpretation": "18.5% decrease, not statistically significant (p = 0.113), medium effect size (d=-0.66)"
    },
    {
        "cityName": "Osnabr\u00fcck",
        "timestamp": "2021-04",
        "value": 5.9710000641644e-05,
        "incidence": 158.32000000000002,
        "pValue": 0.34411313858753856,
        "interpretation": "12.9% decrease, not statistically significant (p = 0.344), small effect size (d=-0.37)"
    },
    {
        "cityName": "Bremen",
        "timestamp": "2021-04",
        "value": 5.6587144366053284e-05,
        "incidence": 137.24333333333334,
        "pValue": 0.04975651737605853,
        "interpretation": "25.2% decrease, significant (p = 0.050), medium effect size (d=-0.73)"
    },
    {
        "cityName": "Bremerhaven",
        "timestamp": "2021-04",
        "value": 4.5159008420471635e-05,
        "incidence": 164.49000000000004,
        "pValue": 0.07277484024363855,
        "interpretation": "26.5% decrease, not statistically significant (p = 0.073), medium effect size (d=-0.69)"
    },
    {
        "cityName": "D\u00fcsseldorf",
        "timestamp": "2021-04",
        "value": 0.00014535916923749738,
        "incidence": 129.98,
        "pValue": 0.7613121959215448,
        "interpretation": "5.8% increase, not statistically significant (p = 0.761), negligible effect size (d=0.11)"
    },
    {
        "cityName": "Duisburg",
        "timestamp": "2021-04",
        "value": 0.00014675685610526646,
        "incidence": 203.64,
        "pValue": 0.9063819977162528,
        "interpretation": "1.8% decrease, not statistically significant (p = 0.906), negligible effect size (d=-0.04)"
    },
    {
        "cityName": "Essen",
        "timestamp": "2021-04",
        "value": 0.00013326356808344522,
        "incidence": 137.94333333333333,
        "pValue": 0.5090930364040118,
        "interpretation": "11.9% increase, not statistically significant (p = 0.509), small effect size (d=0.26)"
    },
    {
        "cityName": "Krefeld",
        "timestamp": "2021-04",
        "value": 0.00014008430298417807,
        "incidence": 190.34666666666666,
        "pValue": 0.3536081187697018,
        "interpretation": "20.1% decrease, not statistically significant (p = 0.354), small effect size (d=-0.35)"
    },
    {
        "cityName": "M\u00f6nchengladbach",
        "timestamp": "2021-04",
        "value": 0.0001344882947360647,
        "incidence": 131.69333333333336,
        "pValue": 0.6840353171696558,
        "interpretation": "7.3% decrease, not statistically significant (p = 0.684), negligible effect size (d=-0.15)"
    },
    {
        "cityName": "M\u00fclheim an der Ruhr",
        "timestamp": "2021-04",
        "value": 0.00013808056246489286,
        "incidence": 194.57,
        "pValue": 0.6803732866539856,
        "interpretation": "7.8% increase, not statistically significant (p = 0.680), negligible effect size (d=0.17)"
    },
    {
        "cityName": "Oberhausen",
        "timestamp": "2021-04",
        "value": 0.00012693518342880101,
        "incidence": 172.17999999999995,
        "pValue": 0.7917069996446814,
        "interpretation": "4.8% increase, not statistically significant (p = 0.792), negligible effect size (d=0.11)"
    },
    {
        "cityName": "Remscheid",
        "timestamp": "2021-04",
        "value": 9.753500732282798e-05,
        "incidence": 252.44999999999996,
        "pValue": 0.49457589029302607,
        "interpretation": "13.7% increase, not statistically significant (p = 0.495), small effect size (d=0.28)"
    },
    {
        "cityName": "Solingen",
        "timestamp": "2021-04",
        "value": 0.00011903186532435939,
        "incidence": 187.42666666666665,
        "pValue": 0.41945874913132275,
        "interpretation": "14.9% increase, not statistically significant (p = 0.419), small effect size (d=0.34)"
    },
    {
        "cityName": "Wuppertal",
        "timestamp": "2021-04",
        "value": 0.00010822563328676754,
        "incidence": 204.69000000000003,
        "pValue": 0.37966469276807413,
        "interpretation": "16.1% increase, not statistically significant (p = 0.380), small effect size (d=0.36)"
    },
    {
        "cityName": "Neuss",
        "timestamp": "2021-04",
        "value": 0.00014375062892213464,
        "incidence": 142.06,
        "pValue": 0.9455557496383177,
        "interpretation": "1.2% decrease, not statistically significant (p = 0.946), negligible effect size (d=-0.03)"
    },
    {
        "cityName": "Moers",
        "timestamp": "2021-04",
        "value": 0.00013717914199722664,
        "incidence": 130.63,
        "pValue": 0.20597436600390295,
        "interpretation": "32.0% decrease, not statistically significant (p = 0.206), medium effect size (d=-0.52)"
    },
    {
        "cityName": "Bonn",
        "timestamp": "2021-04",
        "value": 0.00011927619661119851,
        "incidence": 149.51666666666668,
        "pValue": 0.06352704689431815,
        "interpretation": "57.3% increase, not statistically significant (p = 0.064), medium effect size (d=0.78)"
    },
    {
        "cityName": "K\u00f6ln",
        "timestamp": "2021-04",
        "value": 0.00014798658796482615,
        "incidence": 184.0133333333333,
        "pValue": 0.3633874832803964,
        "interpretation": "18.4% increase, not statistically significant (p = 0.363), small effect size (d=0.32)"
    },
    {
        "cityName": "Leverkusen",
        "timestamp": "2021-04",
        "value": 0.00013685241962472597,
        "incidence": 181.5666666666666,
        "pValue": 0.13415067546711368,
        "interpretation": "35.0% increase, not statistically significant (p = 0.134), medium effect size (d=0.64)"
    },
    {
        "cityName": "Aachen",
        "timestamp": "2021-04",
        "value": 0.00010167605018821256,
        "incidence": 141.7866666666667,
        "pValue": 0.8450118001697349,
        "interpretation": "4.9% decrease, not statistically significant (p = 0.845), negligible effect size (d=-0.08)"
    },
    {
        "cityName": "Bergisch Gladbach",
        "timestamp": "2021-04",
        "value": 0.00013953024920608317,
        "incidence": 142.07666666666665,
        "pValue": 0.19463341809832518,
        "interpretation": "64.8% increase, not statistically significant (p = 0.195), medium effect size (d=0.64)"
    },
    {
        "cityName": "Bottrop",
        "timestamp": "2021-04",
        "value": 0.00010337621000978877,
        "incidence": 116.89333333333335,
        "pValue": 0.6054338393234286,
        "interpretation": "9.7% decrease, not statistically significant (p = 0.605), small effect size (d=-0.22)"
    },
    {
        "cityName": "Gelsenkirchen",
        "timestamp": "2021-04",
        "value": 0.0001013986423940343,
        "incidence": 221.00333333333336,
        "pValue": 0.9121412743074981,
        "interpretation": "1.8% decrease, not statistically significant (p = 0.912), negligible effect size (d=-0.04)"
    },
    {
        "cityName": "M\u00fcnster",
        "timestamp": "2021-04",
        "value": 5.494172096644577e-05,
        "incidence": 93.18333333333335,
        "pValue": 0.48878805220280486,
        "interpretation": "9.0% decrease, not statistically significant (p = 0.489), small effect size (d=-0.28)"
    },
    {
        "cityName": "Recklinghausen",
        "timestamp": "2021-04",
        "value": 7.407802443664808e-05,
        "incidence": 166.5533333333333,
        "pValue": 0.5019315304689547,
        "interpretation": "12.3% decrease, not statistically significant (p = 0.502), small effect size (d=-0.29)"
    },
    {
        "cityName": "Bielefeld",
        "timestamp": "2021-04",
        "value": 5.622988586158802e-05,
        "incidence": 177.48666666666668,
        "pValue": 0.2909864670165366,
        "interpretation": "15.7% decrease, not statistically significant (p = 0.291), small effect size (d=-0.44)"
    },
    {
        "cityName": "G\u00fctersloh",
        "timestamp": "2021-04",
        "value": 5.788386333733797e-05,
        "incidence": 175.70666666666665,
        "pValue": 0.19543141531485217,
        "interpretation": "15.4% decrease, not statistically significant (p = 0.195), medium effect size (d=-0.54)"
    },
    {
        "cityName": "Paderborn",
        "timestamp": "2021-04",
        "value": 7.240948147110401e-05,
        "incidence": 125.57,
        "pValue": 0.3590948247723351,
        "interpretation": "19.0% increase, not statistically significant (p = 0.359), small effect size (d=0.41)"
    },
    {
        "cityName": "Bochum",
        "timestamp": "2021-04",
        "value": 0.00011792498601910968,
        "incidence": 141.54666666666668,
        "pValue": 0.16215248605305393,
        "interpretation": "28.1% increase, not statistically significant (p = 0.162), medium effect size (d=0.59)"
    },
    {
        "cityName": "Dortmund",
        "timestamp": "2021-04",
        "value": 9.5255727715352e-05,
        "incidence": 162.65,
        "pValue": 0.4544394675451767,
        "interpretation": "12.9% increase, not statistically significant (p = 0.454), small effect size (d=0.30)"
    },
    {
        "cityName": "Hagen",
        "timestamp": "2021-04",
        "value": 0.00010280633056215171,
        "incidence": 239.6266666666667,
        "pValue": 0.24383576602261275,
        "interpretation": "34.6% increase, not statistically significant (p = 0.244), medium effect size (d=0.52)"
    },
    {
        "cityName": "Hamm",
        "timestamp": "2021-04",
        "value": 6.572268570640258e-05,
        "incidence": 192.07999999999998,
        "pValue": 0.9150839635109032,
        "interpretation": "1.5% increase, not statistically significant (p = 0.915), negligible effect size (d=0.04)"
    },
    {
        "cityName": "Herne",
        "timestamp": "2021-04",
        "value": 0.00010141694219782949,
        "incidence": 219.1366666666667,
        "pValue": 0.7859296644431324,
        "interpretation": "5.0% increase, not statistically significant (p = 0.786), negligible effect size (d=0.11)"
    },
    {
        "cityName": "Siegen",
        "timestamp": "2021-04",
        "value": 6.617669132538139e-05,
        "incidence": 177.94333333333333,
        "pValue": 0.4553456947649247,
        "interpretation": "17.5% increase, not statistically significant (p = 0.455), small effect size (d=0.34)"
    },
    {
        "cityName": "Darmstadt",
        "timestamp": "2021-04",
        "value": 9.099195118654858e-05,
        "incidence": 107.31,
        "pValue": 0.36986631580766616,
        "interpretation": "22.5% increase, not statistically significant (p = 0.370), small effect size (d=0.38)"
    },
    {
        "cityName": "Frankfurt am Main",
        "timestamp": "2021-04",
        "value": 9.796092159707437e-05,
        "incidence": 158.31333333333336,
        "pValue": 0.7325045776128098,
        "interpretation": "6.3% decrease, not statistically significant (p = 0.733), negligible effect size (d=-0.13)"
    },
    {
        "cityName": "Offenbach am Main",
        "timestamp": "2021-04",
        "value": 9.649319955232468e-05,
        "incidence": 277.8233333333334,
        "pValue": 0.2437080949115584,
        "interpretation": "35.7% increase, not statistically significant (p = 0.244), medium effect size (d=0.50)"
    },
    {
        "cityName": "Wiesbaden",
        "timestamp": "2021-04",
        "value": 7.652157607177894e-05,
        "incidence": 136.61,
        "pValue": 0.6434297868958812,
        "interpretation": "6.3% decrease, not statistically significant (p = 0.643), negligible effect size (d=-0.20)"
    },
    {
        "cityName": "Hanau",
        "timestamp": "2021-04",
        "value": 7.900574172918613e-05,
        "incidence": 172.23333333333338,
        "pValue": 0.28856036046451977,
        "interpretation": "25.4% increase, not statistically significant (p = 0.289), small effect size (d=0.47)"
    },
    {
        "cityName": "Kassel",
        "timestamp": "2021-04",
        "value": 5.4406163851834004e-05,
        "incidence": 163.06,
        "pValue": 0.8494633877200249,
        "interpretation": "3.9% decrease, not statistically significant (p = 0.849), negligible effect size (d=-0.10)"
    },
    {
        "cityName": "Koblenz",
        "timestamp": "2021-04",
        "value": 8.421325280020635e-05,
        "incidence": 141.0,
        "pValue": 0.2065197305787329,
        "interpretation": "34.8% increase, not statistically significant (p = 0.207), medium effect size (d=0.54)"
    },
    {
        "cityName": "Trier",
        "timestamp": "2021-04",
        "value": 6.26860186457634e-05,
        "incidence": 83.61,
        "pValue": 0.27114234514044483,
        "interpretation": "12.8% increase, not statistically significant (p = 0.271), small effect size (d=0.42)"
    },
    {
        "cityName": "Kaiserslautern",
        "timestamp": "2021-04",
        "value": 6.0976241142130814e-05,
        "incidence": 124.05000000000001,
        "pValue": 0.37041438006643623,
        "interpretation": "11.4% decrease, not statistically significant (p = 0.370), small effect size (d=-0.42)"
    },
    {
        "cityName": "Ludwigshafen am Rhein",
        "timestamp": "2021-04",
        "value": 0.00010541175530912976,
        "incidence": 213.04,
        "pValue": 0.7019101841235907,
        "interpretation": "5.6% decrease, not statistically significant (p = 0.702), negligible effect size (d=-0.18)"
    },
    {
        "cityName": "Mainz",
        "timestamp": "2021-04",
        "value": 8.654021075926721e-05,
        "incidence": 164.97333333333333,
        "pValue": 0.5747643661384548,
        "interpretation": "6.8% decrease, not statistically significant (p = 0.575), small effect size (d=-0.24)"
    },
    {
        "cityName": "Stuttgart",
        "timestamp": "2021-04",
        "value": 6.854140924082862e-05,
        "incidence": 165.83,
        "pValue": 0.5439903843689851,
        "interpretation": "7.6% decrease, not statistically significant (p = 0.544), small effect size (d=-0.26)"
    },
    {
        "cityName": "Heilbronn",
        "timestamp": "2021-04",
        "value": 6.56889234152105e-05,
        "incidence": 265.93,
        "pValue": 0.16673690199077937,
        "interpretation": "22.1% decrease, not statistically significant (p = 0.167), medium effect size (d=-0.63)"
    },
    {
        "cityName": "Karlsruhe",
        "timestamp": "2021-04",
        "value": 7.140437761942546e-05,
        "incidence": 133.53666666666666,
        "pValue": 0.26660137486175695,
        "interpretation": "11.7% decrease, not statistically significant (p = 0.267), small effect size (d=-0.47)"
    },
    {
        "cityName": "Heidelberg",
        "timestamp": "2021-04",
        "value": 6.938216546060223e-05,
        "incidence": 79.72666666666666,
        "pValue": 0.24227231056561996,
        "interpretation": "19.1% increase, not statistically significant (p = 0.242), medium effect size (d=0.55)"
    },
    {
        "cityName": "Mannheim",
        "timestamp": "2021-04",
        "value": 8.655468001961709e-05,
        "incidence": 173.95666666666668,
        "pValue": 0.8011714379381669,
        "interpretation": "4.2% decrease, not statistically significant (p = 0.801), negligible effect size (d=-0.11)"
    },
    {
        "cityName": "Pforzheim",
        "timestamp": "2021-04",
        "value": 6.222602678462863e-05,
        "incidence": 163.45666666666668,
        "pValue": 0.8577163346484288,
        "interpretation": "3.5% decrease, not statistically significant (p = 0.858), negligible effect size (d=-0.09)"
    },
    {
        "cityName": "Freiburg im Breisgau",
        "timestamp": "2021-04",
        "value": 5.649098333109308e-05,
        "incidence": 79.51999999999998,
        "pValue": 0.00441996089480182,
        "interpretation": "39.0% decrease, very significant (p < 0.01), large effect size (d=-1.39)"
    },
    {
        "cityName": "Reutlingen",
        "timestamp": "2021-04",
        "value": 5.1999279094161466e-05,
        "incidence": 162.67999999999995,
        "pValue": 0.3662048239933273,
        "interpretation": "12.6% decrease, not statistically significant (p = 0.366), small effect size (d=-0.40)"
    },
    {
        "cityName": "Ulm",
        "timestamp": "2021-04",
        "value": 4.953135564727219e-05,
        "incidence": 170.3,
        "pValue": 0.025702028080506284,
        "interpretation": "35.6% decrease, significant (p = 0.026), large effect size (d=-1.26)"
    },
    {
        "cityName": "Ingolstadt",
        "timestamp": "2021-04",
        "value": 4.924377329492321e-05,
        "incidence": 156.87333333333333,
        "pValue": 0.20037784724113789,
        "interpretation": "17.8% decrease, not statistically significant (p = 0.200), medium effect size (d=-0.56)"
    },
    {
        "cityName": "M\u00fcnchen",
        "timestamp": "2021-04",
        "value": 6.904084539900605e-05,
        "incidence": 136.02666666666667,
        "pValue": 0.33883916850040485,
        "interpretation": "21.5% decrease, not statistically significant (p = 0.339), small effect size (d=-0.41)"
    },
    {
        "cityName": "Regensburg",
        "timestamp": "2021-04",
        "value": 4.57104683543245e-05,
        "incidence": 169.9699999999999,
        "pValue": 0.25171614769495404,
        "interpretation": "16.4% decrease, not statistically significant (p = 0.252), medium effect size (d=-0.56)"
    },
    {
        "cityName": "Erlangen",
        "timestamp": "2021-04",
        "value": 4.41816560591438e-05,
        "incidence": 99.81999999999998,
        "pValue": 0.29268487072683874,
        "interpretation": "14.6% decrease, not statistically significant (p = 0.293), small effect size (d=-0.47)"
    },
    {
        "cityName": "F\u00fcrth",
        "timestamp": "2021-04",
        "value": 5.162755260244012e-05,
        "incidence": 220.52,
        "pValue": 0.9864425523494507,
        "interpretation": "0.3% decrease, not statistically significant (p = 0.986), negligible effect size (d=-0.01)"
    },
    {
        "cityName": "N\u00fcrnberg",
        "timestamp": "2021-04",
        "value": 5.619554907422174e-05,
        "incidence": 199.95333333333332,
        "pValue": 0.7620246310384202,
        "interpretation": "5.8% increase, not statistically significant (p = 0.762), negligible effect size (d=0.13)"
    },
    {
        "cityName": "W\u00fcrzburg",
        "timestamp": "2021-04",
        "value": 4.887873728876002e-05,
        "incidence": 128.57666666666665,
        "pValue": 0.3887009998309474,
        "interpretation": "19.8% decrease, not statistically significant (p = 0.389), small effect size (d=-0.38)"
    },
    {
        "cityName": "Augsburg",
        "timestamp": "2021-04",
        "value": 5.819061502384452e-05,
        "incidence": 205.5433333333334,
        "pValue": 0.12665466815028745,
        "interpretation": "19.9% decrease, not statistically significant (p = 0.127), medium effect size (d=-0.70)"
    },
    {
        "cityName": "Saarbr\u00fccken",
        "timestamp": "2021-04",
        "value": 5.8307824656367305e-05,
        "incidence": 140.62666666666667,
        "pValue": 0.895551148262101,
        "interpretation": "1.7% decrease, not statistically significant (p = 0.896), negligible effect size (d=-0.06)"
    },
    {
        "cityName": "Berlin",
        "timestamp": "2021-04",
        "value": 7.419053624134238e-05,
        "incidence": 0.0,
        "pValue": 0.5748014187306763,
        "interpretation": "9.0% decrease, not statistically significant (p = 0.575), small effect size (d=-0.25)"
    },
    {
        "cityName": "Cottbus",
        "timestamp": "2021-04",
        "value": 5.754139363908997e-05,
        "incidence": 175.18666666666658,
        "pValue": 0.2870012838716021,
        "interpretation": "21.2% decrease, not statistically significant (p = 0.287), medium effect size (d=-0.52)"
    },
    {
        "cityName": "Potsdam",
        "timestamp": "2021-04",
        "value": 4.544173476888853e-05,
        "incidence": 101.52999999999999,
        "pValue": 0.2118492895799381,
        "interpretation": "26.4% decrease, not statistically significant (p = 0.212), medium effect size (d=-0.62)"
    },
    {
        "cityName": "Rostock",
        "timestamp": "2021-04",
        "value": 3.011814657260071e-05,
        "incidence": 91.83666666666664,
        "pValue": 0.08084539162997688,
        "interpretation": "18.2% decrease, not statistically significant (p = 0.081), medium effect size (d=-0.70)"
    },
    {
        "cityName": "Chemnitz",
        "timestamp": "2021-04",
        "value": 5.58589789562109e-05,
        "incidence": 313.8633333333333,
        "pValue": 0.3690972420350055,
        "interpretation": "15.9% decrease, not statistically significant (p = 0.369), small effect size (d=-0.49)"
    },
    {
        "cityName": "Dresden",
        "timestamp": "2021-04",
        "value": 6.122139536521652e-05,
        "incidence": 149.39666666666668,
        "pValue": 0.7397580261485721,
        "interpretation": "8.0% decrease, not statistically significant (p = 0.740), small effect size (d=-0.22)"
    },
    {
        "cityName": "Leipzig",
        "timestamp": "2021-04",
        "value": 7.704388825040238e-05,
        "incidence": 124.33999999999999,
        "pValue": 0.29266010352377375,
        "interpretation": "23.6% increase, not statistically significant (p = 0.293), medium effect size (d=0.56)"
    },
    {
        "cityName": "Halle (Saale)",
        "timestamp": "2021-04",
        "value": 6.103971585010488e-05,
        "incidence": 200.4433333333333,
        "pValue": 0.6396774373825589,
        "interpretation": "9.1% decrease, not statistically significant (p = 0.640), small effect size (d=-0.23)"
    },
    {
        "cityName": "Magdeburg",
        "timestamp": "2021-04",
        "value": 5.6746611861806164e-05,
        "incidence": 118.94666666666666,
        "pValue": 0.5953642613216824,
        "interpretation": "11.6% increase, not statistically significant (p = 0.595), small effect size (d=0.23)"
    },
    {
        "cityName": "Erfurt",
        "timestamp": "2021-04",
        "value": 4.820796621448182e-05,
        "incidence": 162.30999999999997,
        "pValue": 0.33449625066907174,
        "interpretation": "12.6% decrease, not statistically significant (p = 0.334), small effect size (d=-0.38)"
    },
    {
        "cityName": "Jena",
        "timestamp": "2021-04",
        "value": 5.315385189735227e-05,
        "incidence": 140.78,
        "pValue": 0.37794639226689153,
        "interpretation": "18.3% decrease, not statistically significant (p = 0.378), small effect size (d=-0.41)"
    }
]