[{"cityName": "Kiel", "timestamp": "2025-09", "value": 3.5654492898001556e-05, "incidence": 2.106666666666667, "pValue": 0.873653587672127, "interpretation": "2.1% increase, not statistically significant (p = 0.874), negligible effect size (d=0.06)"}, {"cityName": "L\u00fcbeck", "timestamp": "2025-09", "value": 3.412706751583351e-05, "incidence": 2.323333333333333, "pValue": 0.4604895266163439, "interpretation": "9.8% decrease, not statistically significant (p = 0.460), small effect size (d=-0.35)"}, {"cityName": "Hamburg", "timestamp": "2025-09", "value": 4.3185624397463266e-05, "incidence": 4.256666666666667, "pValue": 0.007696664024851232, "interpretation": "29.5% decrease, very significant (p < 0.01), large effect size (d=-1.03)"}, {"cityName": "Braunschweig", "timestamp": "2025-09", "value": 4.1794196209486795e-05, "incidence": 2.4799999999999995, "pValue": 0.0023898955301220916, "interpretation": "27.8% decrease, very significant (p < 0.01), large effect size (d=-1.42)"}, {"cityName": "Salzgitter", "timestamp": "2025-09", "value": 3.973632992710918e-05, "incidence": 5.150000000000002, "pValue": 0.014770699425241894, "interpretation": "21.9% decrease, significant (p = 0.015), large effect size (d=-0.94)"}, {"cityName": "Wolfsburg", "timestamp": "2025-09", "value": 4.249844871657459e-05, "incidence": 1.2266666666666666, "pValue": 0.0015749871683658433, "interpretation": "33.8% decrease, very significant (p < 0.01), large effect size (d=-1.58)"}, {"cityName": "G\u00f6ttingen", "timestamp": "2025-09", "value": 3.968147904656473e-05, "incidence": 4.050000000000001, "pValue": 0.07809912235765294, "interpretation": "21.1% decrease, not statistically significant (p = 0.078), medium effect size (d=-0.77)"}, {"cityName": "Hannover", "timestamp": "2025-09", "value": 5.1893784027350576e-05, "incidence": 3.3666666666666663, "pValue": 0.004448989232430362, "interpretation": "27.4% decrease, very significant (p < 0.01), large effect size (d=-1.36)"}, {"cityName": "Hildesheim", "timestamp": "2025-09", "value": 4.1682608699535626e-05, "incidence": 1.3199999999999998, "pValue": 0.14309057323569918, "interpretation": "18.3% decrease, not statistically significant (p = 0.143), medium effect size (d=-0.60)"}, {"cityName": "Oldenburg (Oldb)", "timestamp": "2025-09", "value": 4.2663590284064413e-05, "incidence": 2.666666666666666, "pValue": 0.5446028811541629, "interpretation": "7.7% decrease, not statistically significant (p = 0.545), small effect size (d=-0.27)"}, {"cityName": "Osnabr\u00fcck", "timestamp": "2025-09", "value": 4.1632902469824664e-05, "incidence": 3.24, "pValue": 0.009262428243814916, "interpretation": "36.5% decrease, very significant (p < 0.01), large effect size (d=-1.18)"}, {"cityName": "Bremen", "timestamp": "2025-09", "value": 4.573253395616031e-05, "incidence": 2.8433333333333333, "pValue": 0.35670734094678, "interpretation": "12.5% decrease, not statistically significant (p = 0.357), small effect size (d=-0.37)"}, {"cityName": "Bremerhaven", "timestamp": "2025-09", "value": 3.929274056905082e-05, "incidence": 1.9966666666666666, "pValue": 0.4615385690770374, "interpretation": "12.8% increase, not statistically significant (p = 0.462), small effect size (d=0.37)"}, {"cityName": "D\u00fcsseldorf", "timestamp": "2025-09", "value": 7.511144390375149e-05, "incidence": 4.64, "pValue": 0.00043765767397173247, "interpretation": "39.2% decrease, highly significant (p < 0.001), large effect size (d=-1.49)"}, {"cityName": "Duisburg", "timestamp": "2025-09", "value": 7.64811172699317e-05, "incidence": 3.4, "pValue": 0.0018161412221816364, "interpretation": "46.2% decrease, very significant (p < 0.01), large effect size (d=-1.31)"}, {"cityName": "Essen", "timestamp": "2025-09", "value": 6.83823481011085e-05, "incidence": 3.943333333333333, "pValue": 0.0011935189179595389, "interpretation": "43.4% decrease, very significant (p < 0.01), large effect size (d=-1.61)"}, {"cityName": "Krefeld", "timestamp": "2025-09", "value": 6.96075686181967e-05, "incidence": 3.83, "pValue": 0.017391950107531157, "interpretation": "42.6% decrease, significant (p = 0.017), large effect size (d=-1.05)"}, {"cityName": "M\u00f6nchengladbach", "timestamp": "2025-09", "value": 5.885116466931228e-05, "incidence": 2.146666666666667, "pValue": 0.004281224150638437, "interpretation": "45.2% decrease, very significant (p < 0.01), large effect size (d=-1.21)"}, {"cityName": "M\u00fclheim an der Ruhr", "timestamp": "2025-09", "value": 6.330295258926021e-05, "incidence": 3.146666666666667, "pValue": 0.0004553212242060298, "interpretation": "43.9% decrease, highly significant (p < 0.001), large effect size (d=-1.69)"}, {"cityName": "Oberhausen", "timestamp": "2025-09", "value": 7.808081304224637e-05, "incidence": 2.7800000000000007, "pValue": 0.03041118469319737, "interpretation": "46.2% decrease, significant (p = 0.030), large effect size (d=-1.21)"}, {"cityName": "Remscheid", "timestamp": "2025-09", "value": 4.258126330872377e-05, "incidence": 3.453333333333334, "pValue": 0.0047509302441580414, "interpretation": "45.4% decrease, very significant (p < 0.01), large effect size (d=-1.54)"}, {"cityName": "Solingen", "timestamp": "2025-09", "value": 5.6663564464543015e-05, "incidence": 4.3533333333333335, "pValue": 0.003035122214362595, "interpretation": "40.5% decrease, very significant (p < 0.01), large effect size (d=-1.59)"}, {"cityName": "Wuppertal", "timestamp": "2025-09", "value": 4.7114945051294785e-05, "incidence": 4.2666666666666675, "pValue": 0.005034063613606708, "interpretation": "43.8% decrease, very significant (p < 0.01), large effect size (d=-1.34)"}, {"cityName": "Neuss", "timestamp": "2025-09", "value": 7.734780228929594e-05, "incidence": 3.72, "pValue": 0.007473032468603903, "interpretation": "41.7% decrease, very significant (p < 0.01), large effect size (d=-1.20)"}, {"cityName": "Moers", "timestamp": "2025-09", "value": 7.432487992835897e-05, "incidence": 1.8366666666666667, "pValue": 0.04993163360897235, "interpretation": "44.7% decrease, significant (p = 0.050), large effect size (d=-0.89)"}, {"cityName": "Bonn", "timestamp": "2025-09", "value": 5.126054483381185e-05, "incidence": 3.6833333333333322, "pValue": 0.012907623533556244, "interpretation": "40.2% decrease, significant (p = 0.013), large effect size (d=-1.10)"}, {"cityName": "K\u00f6ln", "timestamp": "2025-09", "value": 7.052806904539466e-05, "incidence": 2.5633333333333335, "pValue": 0.013698803799672091, "interpretation": "38.3% decrease, significant (p = 0.014), large effect size (d=-0.98)"}, {"cityName": "Leverkusen", "timestamp": "2025-09", "value": 6.309249147307128e-05, "incidence": 2.8600000000000008, "pValue": 0.004441166087412606, "interpretation": "42.5% decrease, very significant (p < 0.01), large effect size (d=-1.26)"}, {"cityName": "Aachen", "timestamp": "2025-09", "value": 3.637253820639232e-05, "incidence": 2.0633333333333335, "pValue": 0.007146235343180845, "interpretation": "36.6% decrease, very significant (p < 0.01), large effect size (d=-1.21)"}, {"cityName": "Bergisch Gladbach", "timestamp": "2025-09", "value": 4.786094151703375e-05, "incidence": 2.043333333333334, "pValue": 0.00852128116249285, "interpretation": "57.7% decrease, very significant (p < 0.01), large effect size (d=-1.41)"}, {"cityName": "Bottrop", "timestamp": "2025-09", "value": 7.22374054877197e-05, "incidence": 6.633333333333334, "pValue": 0.006987100271782881, "interpretation": "47.4% decrease, very significant (p < 0.01), large effect size (d=-1.29)"}, {"cityName": "Gelsenkirchen", "timestamp": "2025-09", "value": 5.698261905790252e-05, "incidence": 5.69, "pValue": 0.021117616232714662, "interpretation": "59.9% decrease, significant (p = 0.021), large effect size (d=-1.40)"}, {"cityName": "M\u00fcnster", "timestamp": "2025-09", "value": 4.911435392211404e-05, "incidence": 3.6366666666666654, "pValue": 0.01653473703595106, "interpretation": "32.6% decrease, significant (p = 0.017), large effect size (d=-1.01)"}, {"cityName": "Recklinghausen", "timestamp": "2025-09", "value": 6.196757581514808e-05, "incidence": 6.173333333333332, "pValue": 0.047434630741287835, "interpretation": "54.1% decrease, significant (p = 0.047), large effect size (d=-0.97)"}, {"cityName": "Bielefeld", "timestamp": "2025-09", "value": 4.248970071785152e-05, "incidence": 2.6399999999999997, "pValue": 0.009457697806029897, "interpretation": "39.4% decrease, very significant (p < 0.01), large effect size (d=-1.14)"}, {"cityName": "G\u00fctersloh", "timestamp": "2025-09", "value": 4.371216637082398e-05, "incidence": 3.8799999999999994, "pValue": 0.015525002072994886, "interpretation": "39.0% decrease, significant (p = 0.016), large effect size (d=-1.11)"}, {"cityName": "Paderborn", "timestamp": "2025-09", "value": 4.048470497852371e-05, "incidence": 0.18999999999999995, "pValue": 0.004080020160807756, "interpretation": "36.6% decrease, very significant (p < 0.01), large effect size (d=-1.35)"}, {"cityName": "Bochum", "timestamp": "2025-09", "value": 5.795742617920041e-05, "incidence": 6.14, "pValue": 0.04037378935383522, "interpretation": "42.8% decrease, significant (p = 0.040), large effect size (d=-1.17)"}, {"cityName": "Dortmund", "timestamp": "2025-09", "value": 5.342098245141553e-05, "incidence": 3.886666666666666, "pValue": 0.0006788401301249326, "interpretation": "50.1% decrease, highly significant (p < 0.001), large effect size (d=-1.67)"}, {"cityName": "Hagen", "timestamp": "2025-09", "value": 4.512489901791359e-05, "incidence": 13.21, "pValue": 0.00026475764353090496, "interpretation": "51.0% decrease, highly significant (p < 0.001), large effect size (d=-1.97)"}, {"cityName": "Hamm", "timestamp": "2025-09", "value": 4.835776607727721e-05, "incidence": 7.676666666666667, "pValue": 0.004495159929537238, "interpretation": "47.7% decrease, very significant (p < 0.01), large effect size (d=-1.26)"}, {"cityName": "Herne", "timestamp": "2025-09", "value": 6.30503403954208e-05, "incidence": 5.753333333333332, "pValue": 0.0058210635836118095, "interpretation": "47.2% decrease, very significant (p < 0.01), large effect size (d=-1.54)"}, {"cityName": "Siegen", "timestamp": "2025-09", "value": 3.7476152647286655e-05, "incidence": 1.6400000000000001, "pValue": 0.3043244861945124, "interpretation": "16.6% decrease, not statistically significant (p = 0.304), medium effect size (d=-0.58)"}, {"cityName": "Darmstadt", "timestamp": "2025-09", "value": 4.224977138536897e-05, "incidence": 1.9833333333333332, "pValue": 9.843404912388445e-07, "interpretation": "51.5% decrease, highly significant (p < 0.001), large effect size (d=-2.55)"}, {"cityName": "Frankfurt am Main", "timestamp": "2025-09", "value": 6.146771325306459e-05, "incidence": 5.303333333333334, "pValue": 0.0002959977542765111, "interpretation": "48.2% decrease, highly significant (p < 0.001), large effect size (d=-1.54)"}, {"cityName": "Offenbach am Main", "timestamp": "2025-09", "value": 5.4434259337457746e-05, "incidence": 6.309999999999999, "pValue": 8.123475005527062e-05, "interpretation": "46.3% decrease, highly significant (p < 0.001), large effect size (d=-1.97)"}, {"cityName": "Wiesbaden", "timestamp": "2025-09", "value": 5.02832246840828e-05, "incidence": 5.459999999999999, "pValue": 0.0008492806749729332, "interpretation": "43.3% decrease, highly significant (p < 0.001), large effect size (d=-1.46)"}, {"cityName": "Hanau", "timestamp": "2025-09", "value": 4.574658277516182e-05, "incidence": 3.773333333333334, "pValue": 0.0007800292413326934, "interpretation": "44.6% decrease, highly significant (p < 0.001), large effect size (d=-1.64)"}, {"cityName": "Kassel", "timestamp": "2025-09", "value": 4.417882236238155e-05, "incidence": 1.3833333333333333, "pValue": 0.0300696740845352, "interpretation": "27.4% decrease, significant (p = 0.030), large effect size (d=-1.05)"}, {"cityName": "Koblenz", "timestamp": "2025-09", "value": 4.271866378581358e-05, "incidence": 3.666666666666667, "pValue": 0.0004145852677808705, "interpretation": "37.9% decrease, highly significant (p < 0.001), large effect size (d=-1.70)"}, {"cityName": "Trier", "timestamp": "2025-09", "value": 3.7666226853616534e-05, "incidence": 2.37, "pValue": 0.0006841145027148207, "interpretation": "26.3% decrease, highly significant (p < 0.001), large effect size (d=-1.53)"}, {"cityName": "Kaiserslautern", "timestamp": "2025-09", "value": 3.0940080670496594e-05, "incidence": 3.5700000000000007, "pValue": 0.00030249997263315914, "interpretation": "45.2% decrease, highly significant (p < 0.001), large effect size (d=-2.00)"}, {"cityName": "Ludwigshafen am Rhein", "timestamp": "2025-09", "value": 4.811689238219211e-05, "incidence": 4.41, "pValue": 0.0020274202545793865, "interpretation": "48.2% decrease, very significant (p < 0.01), large effect size (d=-1.54)"}, {"cityName": "Mainz", "timestamp": "2025-09", "value": 4.624908251571469e-05, "incidence": 7.176666666666666, "pValue": 0.00017321347900887854, "interpretation": "39.8% decrease, highly significant (p < 0.001), large effect size (d=-1.66)"}, {"cityName": "Stuttgart", "timestamp": "2025-09", "value": 4.2449941651688685e-05, "incidence": 2.1533333333333338, "pValue": 0.0007306298693999861, "interpretation": "42.1% decrease, highly significant (p < 0.001), large effect size (d=-1.60)"}, {"cityName": "Heilbronn", "timestamp": "2025-09", "value": 4.183998357297646e-05, "incidence": 1.6233333333333337, "pValue": 0.027286395083785466, "interpretation": "34.8% decrease, significant (p = 0.027), large effect size (d=-1.21)"}, {"cityName": "Karlsruhe", "timestamp": "2025-09", "value": 4.265422855193416e-05, "incidence": 1.5033333333333334, "pValue": 0.003929905848412727, "interpretation": "42.9% decrease, very significant (p < 0.01), large effect size (d=-1.29)"}, {"cityName": "Heidelberg", "timestamp": "2025-09", "value": 4.487931360735705e-05, "incidence": 3.730000000000001, "pValue": 0.05413167071032925, "interpretation": "28.2% decrease, not statistically significant (p = 0.054), large effect size (d=-0.91)"}, {"cityName": "Mannheim", "timestamp": "2025-09", "value": 4.890890792012215e-05, "incidence": 1.5333333333333337, "pValue": 0.0002404325701448876, "interpretation": "51.3% decrease, highly significant (p < 0.001), large effect size (d=-1.84)"}, {"cityName": "Pforzheim", "timestamp": "2025-09", "value": 3.836552302042643e-05, "incidence": 2.353333333333333, "pValue": 0.010098350695293136, "interpretation": "35.1% decrease, significant (p = 0.010), large effect size (d=-1.12)"}, {"cityName": "Freiburg im Breisgau", "timestamp": "2025-09", "value": 3.1437662309380595e-05, "incidence": 1.7666666666666664, "pValue": 0.007412219812360711, "interpretation": "32.2% decrease, very significant (p < 0.01), large effect size (d=-1.09)"}, {"cityName": "Reutlingen", "timestamp": "2025-09", "value": 3.294138878118247e-05, "incidence": 3.146666666666666, "pValue": 0.03162738323104862, "interpretation": "31.8% decrease, significant (p = 0.032), large effect size (d=-1.06)"}, {"cityName": "Ulm", "timestamp": "2025-09", "value": 3.864421006782275e-05, "incidence": 5.28, "pValue": 0.11318868124265068, "interpretation": "28.0% decrease, not statistically significant (p = 0.113), medium effect size (d=-0.78)"}, {"cityName": "Ingolstadt", "timestamp": "2025-09", "value": 4.0601478152287505e-05, "incidence": 2.31, "pValue": 0.10604080722545574, "interpretation": "19.5% decrease, not statistically significant (p = 0.106), medium effect size (d=-0.67)"}, {"cityName": "M\u00fcnchen", "timestamp": "2025-09", "value": 3.862915148672003e-05, "incidence": 4.286666666666666, "pValue": 0.002590743407436233, "interpretation": "40.3% decrease, very significant (p < 0.01), large effect size (d=-1.47)"}, {"cityName": "Regensburg", "timestamp": "2025-09", "value": 4.1561069277425604e-05, "incidence": 4.450000000000001, "pValue": 0.28508309103064544, "interpretation": "11.7% decrease, not statistically significant (p = 0.285), medium effect size (d=-0.51)"}, {"cityName": "Erlangen", "timestamp": "2025-09", "value": 3.7494082269924025e-05, "incidence": 2.9733333333333323, "pValue": 0.019435693319115658, "interpretation": "27.7% decrease, significant (p = 0.019), large effect size (d=-1.23)"}, {"cityName": "F\u00fcrth", "timestamp": "2025-09", "value": 3.825516032520682e-05, "incidence": 4.006666666666665, "pValue": 0.1797539109062074, "interpretation": "17.2% decrease, not statistically significant (p = 0.180), medium effect size (d=-0.63)"}, {"cityName": "N\u00fcrnberg", "timestamp": "2025-09", "value": 3.819330595433712e-05, "incidence": 2.33, "pValue": 0.00795850125654437, "interpretation": "33.0% decrease, very significant (p < 0.01), large effect size (d=-1.22)"}, {"cityName": "W\u00fcrzburg", "timestamp": "2025-09", "value": 4.31548833148554e-05, "incidence": 0.9600000000000003, "pValue": 0.06792779915279719, "interpretation": "16.4% decrease, not statistically significant (p = 0.068), large effect size (d=-0.87)"}, {"cityName": "Augsburg", "timestamp": "2025-09", "value": 3.546979860402644e-05, "incidence": 3.5900000000000007, "pValue": 0.019048666558610098, "interpretation": "37.9% decrease, significant (p = 0.019), large effect size (d=-1.13)"}, {"cityName": "Saarbr\u00fccken", "timestamp": "2025-09", "value": 3.3267796970903875e-05, "incidence": 3.866666666666667, "pValue": 0.0036852614411388485, "interpretation": "33.4% decrease, very significant (p < 0.01), large effect size (d=-1.37)"}, {"cityName": "Berlin", "timestamp": "2025-09", "value": 4.019093041012927e-05, "incidence": 0.0, "pValue": 0.0020151434352620725, "interpretation": "25.3% decrease, very significant (p < 0.01), large effect size (d=-1.24)"}, {"cityName": "Cottbus", "timestamp": "2025-09", "value": 4.15088993927034e-05, "incidence": 3.7666666666666666, "pValue": 0.05395189901155097, "interpretation": "15.5% decrease, not statistically significant (p = 0.054), large effect size (d=-0.87)"}, {"cityName": "Potsdam", "timestamp": "2025-09", "value": 3.504633958287099e-05, "incidence": 2.973333333333334, "pValue": 0.0546967825469067, "interpretation": "16.7% decrease, not statistically significant (p = 0.055), medium effect size (d=-0.79)"}, {"cityName": "Rostock", "timestamp": "2025-09", "value": 3.215770067816431e-05, "incidence": 3.2299999999999995, "pValue": 0.9500249012055098, "interpretation": "0.8% decrease, not statistically significant (p = 0.950), negligible effect size (d=-0.03)"}, {"cityName": "Chemnitz", "timestamp": "2025-09", "value": 3.915328941330677e-05, "incidence": 6.839999999999999, "pValue": 0.024124410207477093, "interpretation": "23.4% decrease, significant (p = 0.024), large effect size (d=-1.04)"}, {"cityName": "Dresden", "timestamp": "2025-09", "value": 3.9537390694022176e-05, "incidence": 4.2666666666666675, "pValue": 4.782042847150457e-05, "interpretation": "38.9% decrease, highly significant (p < 0.001), large effect size (d=-1.80)"}, {"cityName": "Leipzig", "timestamp": "2025-09", "value": 3.951642315323446e-05, "incidence": 8.026666666666669, "pValue": 0.0004094182981182321, "interpretation": "33.0% decrease, highly significant (p < 0.001), large effect size (d=-1.63)"}, {"cityName": "Halle (Saale)", "timestamp": "2025-09", "value": 3.702047736927246e-05, "incidence": 4.783333333333333, "pValue": 0.02263370635197407, "interpretation": "23.0% decrease, significant (p = 0.023), large effect size (d=-0.96)"}, {"cityName": "Magdeburg", "timestamp": "2025-09", "value": 3.702344838529825e-05, "incidence": 4.493333333333333, "pValue": 0.009139946724725517, "interpretation": "21.2% decrease, very significant (p < 0.01), large effect size (d=-1.06)"}, {"cityName": "Erfurt", "timestamp": "2025-09", "value": 3.729757179129631e-05, "incidence": 4.233333333333333, "pValue": 0.08737228661275188, "interpretation": "13.4% decrease, not statistically significant (p = 0.087), medium effect size (d=-0.75)"}, {"cityName": "Jena", "timestamp": "2025-09", "value": 3.71001822511769e-05, "incidence": 4.0200000000000005, "pValue": 0.32655535352372567, "interpretation": "10.2% decrease, not statistically significant (p = 0.327), small effect size (d=-0.43)"}]