[{"cityName": "Kiel", "timestamp": "2024-08", "value": 3.530452903803616e-05, "incidence": 10.070967741935481, "pValue": 0.6315011896614058, "interpretation": "6.0% decrease, not statistically significant (p = 0.632), negligible effect size (d=-0.19)"}, {"cityName": "L\u00fcbeck", "timestamp": "2024-08", "value": 3.0377459350145524e-05, "incidence": 3.8677419354838714, "pValue": 0.004514377387513539, "interpretation": "30.7% decrease, very significant (p < 0.01), large effect size (d=-1.19)"}, {"cityName": "Hamburg", "timestamp": "2024-08", "value": 4.0492715520991216e-05, "incidence": 7.83225806451613, "pValue": 0.0008720612490340833, "interpretation": "28.8% decrease, highly significant (p < 0.001), large effect size (d=-1.24)"}, {"cityName": "Braunschweig", "timestamp": "2024-08", "value": 3.741876742638209e-05, "incidence": 4.596774193548387, "pValue": 0.2975715466010683, "interpretation": "11.2% decrease, not statistically significant (p = 0.298), small effect size (d=-0.40)"}, {"cityName": "Salzgitter", "timestamp": "2024-08", "value": 3.595394955482334e-05, "incidence": 6.109677419354839, "pValue": 0.5807131848446488, "interpretation": "6.4% decrease, not statistically significant (p = 0.581), negligible effect size (d=-0.20)"}, {"cityName": "Wolfsburg", "timestamp": "2024-08", "value": 3.5935400151892714e-05, "incidence": 2.7032258064516133, "pValue": 0.06221324046085241, "interpretation": "21.8% decrease, not statistically significant (p = 0.062), medium effect size (d=-0.70)"}, {"cityName": "G\u00f6ttingen", "timestamp": "2024-08", "value": 3.552556847266498e-05, "incidence": 7.6580645161290315, "pValue": 0.5685622143291291, "interpretation": "6.5% increase, not statistically significant (p = 0.569), small effect size (d=0.22)"}, {"cityName": "Hannover", "timestamp": "2024-08", "value": 3.901131965808178e-05, "incidence": 9.635483870967741, "pValue": 0.00927080053422518, "interpretation": "27.7% decrease, very significant (p < 0.01), large effect size (d=-1.08)"}, {"cityName": "Hildesheim", "timestamp": "2024-08", "value": 3.30386683344841e-05, "incidence": 8.316129032258065, "pValue": 0.035441391448893994, "interpretation": "17.4% decrease, significant (p = 0.035), large effect size (d=-0.81)"}, {"cityName": "Oldenburg (Oldb)", "timestamp": "2024-08", "value": 3.534031566232443e-05, "incidence": 7.464516129032257, "pValue": 0.029272695774242193, "interpretation": "32.7% decrease, significant (p = 0.029), large effect size (d=-1.13)"}, {"cityName": "Osnabr\u00fcck", "timestamp": "2024-08", "value": 3.710314525629986e-05, "incidence": 6.038709677419353, "pValue": 0.00045405631154731355, "interpretation": "39.2% decrease, highly significant (p < 0.001), large effect size (d=-1.43)"}, {"cityName": "Bremen", "timestamp": "2024-08", "value": 3.674195422867282e-05, "incidence": 6.919354838709678, "pValue": 0.0007044695213999607, "interpretation": "30.1% decrease, highly significant (p < 0.001), large effect size (d=-1.23)"}, {"cityName": "Bremerhaven", "timestamp": "2024-08", "value": 3.381439767378781e-05, "incidence": 0.7709677419354839, "pValue": 0.10835968308932274, "interpretation": "16.2% decrease, not statistically significant (p = 0.108), medium effect size (d=-0.62)"}, {"cityName": "D\u00fcsseldorf", "timestamp": "2024-08", "value": 6.395369404699745e-05, "incidence": 7.7709677419354835, "pValue": 8.169088345795814e-05, "interpretation": "53.6% decrease, highly significant (p < 0.001), large effect size (d=-1.67)"}, {"cityName": "Duisburg", "timestamp": "2024-08", "value": 7.929374726536947e-05, "incidence": 7.2064516129032254, "pValue": 0.0008767290123222341, "interpretation": "45.8% decrease, highly significant (p < 0.001), large effect size (d=-1.37)"}, {"cityName": "Essen", "timestamp": "2024-08", "value": 6.150208318080657e-05, "incidence": 6.454838709677419, "pValue": 6.973682718088329e-05, "interpretation": "43.0% decrease, highly significant (p < 0.001), large effect size (d=-1.63)"}, {"cityName": "Krefeld", "timestamp": "2024-08", "value": 5.956232332839416e-05, "incidence": 6.303225806451614, "pValue": 0.003608852453432612, "interpretation": "53.5% decrease, very significant (p < 0.01), large effect size (d=-1.19)"}, {"cityName": "M\u00f6nchengladbach", "timestamp": "2024-08", "value": 4.942619627148941e-05, "incidence": 3.151612903225807, "pValue": 0.009954862696416123, "interpretation": "52.5% decrease, very significant (p < 0.01), large effect size (d=-1.00)"}, {"cityName": "M\u00fclheim an der Ruhr", "timestamp": "2024-08", "value": 6.588010324372185e-05, "incidence": 9.93548387096774, "pValue": 0.00036578213936879384, "interpretation": "44.2% decrease, highly significant (p < 0.001), large effect size (d=-1.52)"}, {"cityName": "Oberhausen", "timestamp": "2024-08", "value": 8.70082384118667e-05, "incidence": 6.6645161290322585, "pValue": 0.00168432297097983, "interpretation": "43.5% decrease, very significant (p < 0.01), large effect size (d=-1.39)"}, {"cityName": "Remscheid", "timestamp": "2024-08", "value": 4.389516543596983e-05, "incidence": 3.0387096774193543, "pValue": 0.003081881317206796, "interpretation": "45.4% decrease, very significant (p < 0.01), large effect size (d=-1.52)"}, {"cityName": "Solingen", "timestamp": "2024-08", "value": 5.476543083204888e-05, "incidence": 5.787096774193548, "pValue": 0.003516012174018742, "interpretation": "47.9% decrease, very significant (p < 0.01), large effect size (d=-1.23)"}, {"cityName": "Wuppertal", "timestamp": "2024-08", "value": 5.020647896108804e-05, "incidence": 7.3354838709677415, "pValue": 0.001066624867647426, "interpretation": "50.5% decrease, very significant (p < 0.01), large effect size (d=-1.45)"}, {"cityName": "Neuss", "timestamp": "2024-08", "value": 6.292031321208924e-05, "incidence": 4.677419354838711, "pValue": 0.0010094602337527973, "interpretation": "48.8% decrease, very significant (p < 0.01), large effect size (d=-1.32)"}, {"cityName": "Moers", "timestamp": "2024-08", "value": 6.920532073958643e-05, "incidence": 3.4516129032258065, "pValue": 0.00942726697889218, "interpretation": "48.5% decrease, very significant (p < 0.01), large effect size (d=-1.00)"}, {"cityName": "Bonn", "timestamp": "2024-08", "value": 3.971366889097474e-05, "incidence": 3.725806451612903, "pValue": 0.030969547538899314, "interpretation": "32.0% decrease, significant (p = 0.031), large effect size (d=-0.85)"}, {"cityName": "K\u00f6ln", "timestamp": "2024-08", "value": 6.020035491221481e-05, "incidence": 4.17741935483871, "pValue": 0.0036298394201610463, "interpretation": "38.6% decrease, very significant (p < 0.01), large effect size (d=-1.07)"}, {"cityName": "Leverkusen", "timestamp": "2024-08", "value": 6.426760713414599e-05, "incidence": 7.6645161290322585, "pValue": 0.00275257849847949, "interpretation": "43.7% decrease, very significant (p < 0.01), large effect size (d=-1.22)"}, {"cityName": "Aachen", "timestamp": "2024-08", "value": 3.730194193535837e-05, "incidence": 3.6258064516129034, "pValue": 0.05815068789857057, "interpretation": "34.5% decrease, not statistically significant (p = 0.058), medium effect size (d=-0.68)"}, {"cityName": "Bergisch Gladbach", "timestamp": "2024-08", "value": 4.917105044504362e-05, "incidence": 3.0967741935483866, "pValue": 0.0042735646326388654, "interpretation": "44.4% decrease, very significant (p < 0.01), large effect size (d=-1.20)"}, {"cityName": "Bottrop", "timestamp": "2024-08", "value": 7.386709673001486e-05, "incidence": 10.051612903225806, "pValue": 2.976062426089954e-05, "interpretation": "49.4% decrease, highly significant (p < 0.001), large effect size (d=-1.87)"}, {"cityName": "Gelsenkirchen", "timestamp": "2024-08", "value": 7.059713414705852e-05, "incidence": 6.403225806451613, "pValue": 0.0010306168538041487, "interpretation": "44.3% decrease, very significant (p < 0.01), large effect size (d=-1.37)"}, {"cityName": "M\u00fcnster", "timestamp": "2024-08", "value": 4.246502934971399e-05, "incidence": 6.796774193548389, "pValue": 0.001285788273447371, "interpretation": "36.2% decrease, very significant (p < 0.01), large effect size (d=-1.12)"}, {"cityName": "Recklinghausen", "timestamp": "2024-08", "value": 6.428051095169324e-05, "incidence": 6.103225806451611, "pValue": 0.009198107859696386, "interpretation": "43.8% decrease, very significant (p < 0.01), large effect size (d=-1.11)"}, {"cityName": "Bielefeld", "timestamp": "2024-08", "value": 4.1177874663844705e-05, "incidence": 6.606451612903226, "pValue": 0.02496478248967948, "interpretation": "28.2% decrease, significant (p = 0.025), large effect size (d=-0.82)"}, {"cityName": "G\u00fctersloh", "timestamp": "2024-08", "value": 3.819099219981581e-05, "incidence": 3.706451612903226, "pValue": 0.01966676580942704, "interpretation": "35.7% decrease, significant (p = 0.020), large effect size (d=-0.95)"}, {"cityName": "Paderborn", "timestamp": "2024-08", "value": 3.699941049900747e-05, "incidence": 1.9354838709677418, "pValue": 0.007843661371958546, "interpretation": "21.0% decrease, very significant (p < 0.01), large effect size (d=-0.96)"}, {"cityName": "Bochum", "timestamp": "2024-08", "value": 5.639580194838345e-05, "incidence": 8.035483870967742, "pValue": 0.0005281352632238131, "interpretation": "39.4% decrease, highly significant (p < 0.001), large effect size (d=-1.41)"}, {"cityName": "Dortmund", "timestamp": "2024-08", "value": 5.447017211540073e-05, "incidence": 5.619354838709677, "pValue": 0.0017059135084738738, "interpretation": "46.5% decrease, very significant (p < 0.01), large effect size (d=-1.29)"}, {"cityName": "Hagen", "timestamp": "2024-08", "value": 4.3179016913576376e-05, "incidence": 6.461290322580645, "pValue": 0.015092890603823536, "interpretation": "37.2% decrease, significant (p = 0.015), large effect size (d=-1.09)"}, {"cityName": "Hamm", "timestamp": "2024-08", "value": 4.391258837477792e-05, "incidence": 2.890322580645162, "pValue": 0.0007487685424235633, "interpretation": "50.9% decrease, highly significant (p < 0.001), large effect size (d=-1.36)"}, {"cityName": "Herne", "timestamp": "2024-08", "value": 6.366649176925421e-05, "incidence": 7.425806451612903, "pValue": 0.0010285151289318542, "interpretation": "43.1% decrease, very significant (p < 0.01), large effect size (d=-1.40)"}, {"cityName": "Siegen", "timestamp": "2024-08", "value": 3.370599588379264e-05, "incidence": 2.9096774193548383, "pValue": 0.8216852026431061, "interpretation": "2.2% decrease, not statistically significant (p = 0.822), negligible effect size (d=-0.09)"}, {"cityName": "Darmstadt", "timestamp": "2024-08", "value": 4.524035929617557e-05, "incidence": 5.061290322580645, "pValue": 0.08579272438749479, "interpretation": "13.0% decrease, not statistically significant (p = 0.086), medium effect size (d=-0.60)"}, {"cityName": "Frankfurt am Main", "timestamp": "2024-08", "value": 6.296140649779277e-05, "incidence": 5.387096774193548, "pValue": 9.363718574647182e-05, "interpretation": "28.2% decrease, highly significant (p < 0.001), large effect size (d=-1.53)"}, {"cityName": "Offenbach am Main", "timestamp": "2024-08", "value": 5.6745484471321106e-05, "incidence": 9.012903225806449, "pValue": 0.13941251956252518, "interpretation": "15.7% decrease, not statistically significant (p = 0.139), medium effect size (d=-0.54)"}, {"cityName": "Wiesbaden", "timestamp": "2024-08", "value": 4.954477966142198e-05, "incidence": 3.974193548387097, "pValue": 0.005629746946753876, "interpretation": "29.6% decrease, very significant (p < 0.01), large effect size (d=-1.09)"}, {"cityName": "Hanau", "timestamp": "2024-08", "value": 4.665069998456882e-05, "incidence": 6.658064516129032, "pValue": 0.06432093817448005, "interpretation": "14.5% decrease, not statistically significant (p = 0.064), medium effect size (d=-0.65)"}, {"cityName": "Kassel", "timestamp": "2024-08", "value": 3.5334439922331105e-05, "incidence": 5.551612903225809, "pValue": 0.1525529815649804, "interpretation": "15.1% decrease, not statistically significant (p = 0.153), medium effect size (d=-0.58)"}, {"cityName": "Koblenz", "timestamp": "2024-08", "value": 3.682483091122574e-05, "incidence": 2.2870967741935484, "pValue": 0.08239499371830739, "interpretation": "18.8% decrease, not statistically significant (p = 0.082), medium effect size (d=-0.65)"}, {"cityName": "Trier", "timestamp": "2024-08", "value": 3.070342936553061e-05, "incidence": 5.835483870967743, "pValue": 0.010123763025996248, "interpretation": "20.8% decrease, significant (p = 0.010), large effect size (d=-0.94)"}, {"cityName": "Kaiserslautern", "timestamp": "2024-08", "value": 3.1688998345858774e-05, "incidence": 4.825806451612904, "pValue": 0.043512549604656225, "interpretation": "24.2% decrease, significant (p = 0.044), large effect size (d=-0.85)"}, {"cityName": "Ludwigshafen am Rhein", "timestamp": "2024-08", "value": 5.0780896951134004e-05, "incidence": 1.8903225806451611, "pValue": 0.0011479334639256718, "interpretation": "39.0% decrease, very significant (p < 0.01), large effect size (d=-1.31)"}, {"cityName": "Mainz", "timestamp": "2024-08", "value": 4.492692096391693e-05, "incidence": 5.403225806451614, "pValue": 0.015933240723639986, "interpretation": "26.5% decrease, significant (p = 0.016), large effect size (d=-0.89)"}, {"cityName": "Stuttgart", "timestamp": "2024-08", "value": 3.803083543769187e-05, "incidence": 4.741935483870967, "pValue": 0.22867299038980193, "interpretation": "15.8% decrease, not statistically significant (p = 0.229), small effect size (d=-0.42)"}, {"cityName": "Heilbronn", "timestamp": "2024-08", "value": 3.636925895180967e-05, "incidence": 4.245161290322581, "pValue": 0.5061631653482747, "interpretation": "6.9% decrease, not statistically significant (p = 0.506), small effect size (d=-0.22)"}, {"cityName": "Karlsruhe", "timestamp": "2024-08", "value": 4.250356384242574e-05, "incidence": 4.364516129032259, "pValue": 0.7322278713738655, "interpretation": "4.0% decrease, not statistically significant (p = 0.732), negligible effect size (d=-0.11)"}, {"cityName": "Heidelberg", "timestamp": "2024-08", "value": 4.071919982762713e-05, "incidence": 3.667741935483871, "pValue": 0.45538108454360804, "interpretation": "7.2% decrease, not statistically significant (p = 0.455), small effect size (d=-0.26)"}, {"cityName": "Mannheim", "timestamp": "2024-08", "value": 5.320542026311159e-05, "incidence": 5.06774193548387, "pValue": 0.0017009847721914798, "interpretation": "34.4% decrease, very significant (p < 0.01), large effect size (d=-1.24)"}, {"cityName": "Pforzheim", "timestamp": "2024-08", "value": 3.45359989700632e-05, "incidence": 1.7774193548387098, "pValue": 0.7590594654919414, "interpretation": "3.4% increase, not statistically significant (p = 0.759), negligible effect size (d=0.10)"}, {"cityName": "Freiburg im Breisgau", "timestamp": "2024-08", "value": 3.0276585473782485e-05, "incidence": 7.82258064516129, "pValue": 0.6759333953479101, "interpretation": "3.5% increase, not statistically significant (p = 0.676), negligible effect size (d=0.13)"}, {"cityName": "Reutlingen", "timestamp": "2024-08", "value": 3.212946467101574e-05, "incidence": 3.7096774193548376, "pValue": 0.9630946333811283, "interpretation": "0.5% decrease, not statistically significant (p = 0.963), negligible effect size (d=-0.02)"}, {"cityName": "Ulm", "timestamp": "2024-08", "value": 3.4249739991010806e-05, "incidence": 12.80645161290323, "pValue": 0.6546794653792845, "interpretation": "3.5% decrease, not statistically significant (p = 0.655), negligible effect size (d=-0.17)"}, {"cityName": "Ingolstadt", "timestamp": "2024-08", "value": 3.685251188774904e-05, "incidence": 5.425806451612904, "pValue": 0.8981632662669632, "interpretation": "1.0% increase, not statistically significant (p = 0.898), negligible effect size (d=0.05)"}, {"cityName": "M\u00fcnchen", "timestamp": "2024-08", "value": 4.117875449502697e-05, "incidence": 5.870967741935483, "pValue": 0.2585532588292397, "interpretation": "9.4% decrease, not statistically significant (p = 0.259), small effect size (d=-0.45)"}, {"cityName": "Regensburg", "timestamp": "2024-08", "value": 3.695397172123194e-05, "incidence": 6.96451612903226, "pValue": 0.7783154603921236, "interpretation": "2.5% increase, not statistically significant (p = 0.778), negligible effect size (d=0.11)"}, {"cityName": "Erlangen", "timestamp": "2024-08", "value": 3.6604203549878935e-05, "incidence": 5.696774193548389, "pValue": 0.3870527963716147, "interpretation": "10.0% increase, not statistically significant (p = 0.387), small effect size (d=0.34)"}, {"cityName": "F\u00fcrth", "timestamp": "2024-08", "value": 3.650771977845579e-05, "incidence": 7.267741935483872, "pValue": 0.9848391394523988, "interpretation": "0.2% increase, not statistically significant (p = 0.985), negligible effect size (d=0.01)"}, {"cityName": "N\u00fcrnberg", "timestamp": "2024-08", "value": 3.830882523095969e-05, "incidence": 4.903225806451613, "pValue": 0.610465902016372, "interpretation": "4.8% decrease, not statistically significant (p = 0.610), negligible effect size (d=-0.18)"}, {"cityName": "W\u00fcrzburg", "timestamp": "2024-08", "value": 3.540942998370156e-05, "incidence": 5.829032258064516, "pValue": 0.19859151638411074, "interpretation": "9.4% decrease, not statistically significant (p = 0.199), small effect size (d=-0.50)"}, {"cityName": "Augsburg", "timestamp": "2024-08", "value": 3.6914640357001467e-05, "incidence": 3.919354838709678, "pValue": 0.8594260186496894, "interpretation": "1.7% decrease, not statistically significant (p = 0.859), negligible effect size (d=-0.07)"}, {"cityName": "Saarbr\u00fccken", "timestamp": "2024-08", "value": 3.201963457589348e-05, "incidence": 1.7516129032258065, "pValue": 0.5428556041566375, "interpretation": "6.7% increase, not statistically significant (p = 0.543), negligible effect size (d=0.20)"}, {"cityName": "Berlin", "timestamp": "2024-08", "value": 3.8219382986426353e-05, "incidence": 0.0, "pValue": 0.03346404619717016, "interpretation": "20.2% decrease, significant (p = 0.033), medium effect size (d=-0.74)"}, {"cityName": "Cottbus", "timestamp": "2024-08", "value": 3.890599159953686e-05, "incidence": 5.129032258064516, "pValue": 0.5346143662339093, "interpretation": "8.7% decrease, not statistically significant (p = 0.535), small effect size (d=-0.25)"}, {"cityName": "Potsdam", "timestamp": "2024-08", "value": 3.290253088754766e-05, "incidence": 5.848387096774195, "pValue": 0.5282577648226012, "interpretation": "5.8% decrease, not statistically significant (p = 0.528), small effect size (d=-0.22)"}, {"cityName": "Rostock", "timestamp": "2024-08", "value": 2.913009798662229e-05, "incidence": 9.077419354838712, "pValue": 0.02014716229343243, "interpretation": "21.0% decrease, significant (p = 0.020), large effect size (d=-0.84)"}, {"cityName": "Chemnitz", "timestamp": "2024-08", "value": 3.354922902384182e-05, "incidence": 13.89032258064516, "pValue": 0.7899257933061138, "interpretation": "3.3% decrease, not statistically significant (p = 0.790), negligible effect size (d=-0.10)"}, {"cityName": "Dresden", "timestamp": "2024-08", "value": 3.8273763758215036e-05, "incidence": 7.632258064516129, "pValue": 0.8902287452110159, "interpretation": "1.4% increase, not statistically significant (p = 0.890), negligible effect size (d=0.05)"}, {"cityName": "Leipzig", "timestamp": "2024-08", "value": 3.621250153610519e-05, "incidence": 15.174193548387096, "pValue": 0.3396402395549327, "interpretation": "9.0% decrease, not statistically significant (p = 0.340), small effect size (d=-0.31)"}, {"cityName": "Halle (Saale)", "timestamp": "2024-08", "value": 3.8371685756525643e-05, "incidence": 19.058064516129033, "pValue": 0.4589878693198044, "interpretation": "9.1% increase, not statistically significant (p = 0.459), small effect size (d=0.27)"}, {"cityName": "Magdeburg", "timestamp": "2024-08", "value": 3.383995499461889e-05, "incidence": 14.109677419354837, "pValue": 0.21287070098825087, "interpretation": "11.7% decrease, not statistically significant (p = 0.213), small effect size (d=-0.43)"}, {"cityName": "Erfurt", "timestamp": "2024-08", "value": 3.310148306983583e-05, "incidence": 8.33548387096774, "pValue": 0.665674616100833, "interpretation": "3.7% decrease, not statistically significant (p = 0.666), negligible effect size (d=-0.16)"}, {"cityName": "Jena", "timestamp": "2024-08", "value": 3.0789372330117556e-05, "incidence": 12.07741935483871, "pValue": 0.451104139195329, "interpretation": "7.8% decrease, not statistically significant (p = 0.451), small effect size (d=-0.28)"}]