[{"cityName": "Kiel", "timestamp": "2021-01", "value": 1.6323251960178215e-05, "incidence": 68.80967741935484, "pValue": 0.24205957071796028, "interpretation": "59.0% decrease, not statistically significant (p = 0.242), medium effect size (d=-0.55)"}, {"cityName": "L\u00fcbeck", "timestamp": "2021-01", "value": 1.7463734063009422e-05, "incidence": 108.38709677419354, "pValue": 0.0813384560528523, "interpretation": "67.5% decrease, not statistically significant (p = 0.081), large effect size (d=-0.80)"}, {"cityName": "Hamburg", "timestamp": "2021-01", "value": 3.767585105918072e-05, "incidence": 117.89354838709679, "pValue": 0.0731785912487358, "interpretation": "54.5% decrease, not statistically significant (p = 0.073), medium effect size (d=-0.75)"}, {"cityName": "Braunschweig", "timestamp": "2021-01", "value": 2.6437460773569694e-05, "incidence": 87.18387096774192, "pValue": 0.03805166725694427, "interpretation": "54.6% decrease, significant (p = 0.038), large effect size (d=-1.23)"}, {"cityName": "Salzgitter", "timestamp": "2021-01", "value": 2.5654240744188428e-05, "incidence": 88.11612903225807, "pValue": 0.01866988222490861, "interpretation": "59.8% decrease, significant (p = 0.019), large effect size (d=-1.27)"}, {"cityName": "Wolfsburg", "timestamp": "2021-01", "value": 2.5140221144906e-05, "incidence": 74.27741935483871, "pValue": 0.0004738760673553261, "interpretation": "70.3% decrease, highly significant (p < 0.001), large effect size (d=-1.81)"}, {"cityName": "G\u00f6ttingen", "timestamp": "2021-01", "value": 2.180422251556246e-05, "incidence": 76.50967741935483, "pValue": 0.0, "interpretation": "Insufficient data for this month for a statistical test."}, {"cityName": "Hannover", "timestamp": "2021-01", "value": 3.555959311166876e-05, "incidence": 138.21935483870968, "pValue": 0.07989749983333362, "interpretation": "48.6% decrease, not statistically significant (p = 0.080), large effect size (d=-0.95)"}, {"cityName": "Hildesheim", "timestamp": "2021-01", "value": 2.0273642696659354e-05, "incidence": 125.65483870967743, "pValue": 0.0, "interpretation": "Insufficient data for this month for a statistical test."}, {"cityName": "Oldenburg (Oldb)", "timestamp": "2021-01", "value": 4.934568423777819e-05, "incidence": 67.20645161290322, "pValue": 0.17869776045120653, "interpretation": "36.9% decrease, not statistically significant (p = 0.179), medium effect size (d=-0.67)"}, {"cityName": "Osnabr\u00fcck", "timestamp": "2021-01", "value": 4.5493721369315274e-05, "incidence": 118.18709677419353, "pValue": 0.036106648835135306, "interpretation": "54.0% decrease, significant (p = 0.036), large effect size (d=-1.00)"}, {"cityName": "Bremen", "timestamp": "2021-01", "value": 5.598544891251892e-05, "incidence": 79.57096774193549, "pValue": 0.9721952840893288, "interpretation": "1.0% decrease, not statistically significant (p = 0.972), negligible effect size (d=-0.01)"}, {"cityName": "Bremerhaven", "timestamp": "2021-01", "value": 4.09401670497443e-05, "incidence": 82.07419354838711, "pValue": 0.9909535613323366, "interpretation": "0.5% decrease, not statistically significant (p = 0.991), negligible effect size (d=-0.01)"}, {"cityName": "D\u00fcsseldorf", "timestamp": "2021-01", "value": 8.516065867208853e-05, "incidence": 91.69999999999999, "pValue": 0.2428101270715805, "interpretation": "43.3% decrease, not statistically significant (p = 0.243), medium effect size (d=-0.67)"}, {"cityName": "Duisburg", "timestamp": "2021-01", "value": 9.094258077824727e-05, "incidence": 119.3, "pValue": 0.2402598479675087, "interpretation": "33.2% decrease, not statistically significant (p = 0.240), medium effect size (d=-0.57)"}, {"cityName": "Essen", "timestamp": "2021-01", "value": 7.635139478131746e-05, "incidence": 135.3870967741935, "pValue": 0.2159575251090321, "interpretation": "35.3% decrease, not statistically significant (p = 0.216), medium effect size (d=-0.61)"}, {"cityName": "Krefeld", "timestamp": "2021-01", "value": 6.193463475658343e-05, "incidence": 139.5806451612903, "pValue": 0.22108604903272522, "interpretation": "34.5% decrease, not statistically significant (p = 0.221), medium effect size (d=-0.59)"}, {"cityName": "M\u00f6nchengladbach", "timestamp": "2021-01", "value": 7.536833110297548e-05, "incidence": 110.88064516129032, "pValue": 0.5285742061617329, "interpretation": "23.0% decrease, not statistically significant (p = 0.529), small effect size (d=-0.35)"}, {"cityName": "M\u00fclheim an der Ruhr", "timestamp": "2021-01", "value": 9.266574246188004e-05, "incidence": 111.60645161290323, "pValue": 0.180315989047105, "interpretation": "44.1% decrease, not statistically significant (p = 0.180), medium effect size (d=-0.79)"}, {"cityName": "Oberhausen", "timestamp": "2021-01", "value": 0.00010612705507530615, "incidence": 168.0516129032258, "pValue": 0.09620693484250659, "interpretation": "38.5% decrease, not statistically significant (p = 0.096), large effect size (d=-0.86)"}, {"cityName": "Remscheid", "timestamp": "2021-01", "value": 7.350923648724953e-05, "incidence": 97.52258064516127, "pValue": 0.47789163263929135, "interpretation": "22.9% decrease, not statistically significant (p = 0.478), small effect size (d=-0.42)"}, {"cityName": "Solingen", "timestamp": "2021-01", "value": 7.998826185939834e-05, "incidence": 106.47096774193547, "pValue": 0.2932499981182683, "interpretation": "37.5% decrease, not statistically significant (p = 0.293), medium effect size (d=-0.62)"}, {"cityName": "Wuppertal", "timestamp": "2021-01", "value": 7.898236314455669e-05, "incidence": 143.84193548387094, "pValue": 0.483688511328643, "interpretation": "18.8% decrease, not statistically significant (p = 0.484), small effect size (d=-0.38)"}, {"cityName": "Neuss", "timestamp": "2021-01", "value": 7.35357025405392e-05, "incidence": 121.31612903225808, "pValue": 0.24078497445278496, "interpretation": "50.8% decrease, not statistically significant (p = 0.241), medium effect size (d=-0.76)"}, {"cityName": "Moers", "timestamp": "2021-01", "value": 8.557178911619953e-05, "incidence": 100.57741935483871, "pValue": 0.2674453435639664, "interpretation": "33.3% decrease, not statistically significant (p = 0.267), medium effect size (d=-0.54)"}, {"cityName": "Bonn", "timestamp": "2021-01", "value": 8.128028870983557e-05, "incidence": 106.08064516129032, "pValue": 0.49488084237462215, "interpretation": "25.5% decrease, not statistically significant (p = 0.495), small effect size (d=-0.39)"}, {"cityName": "K\u00f6ln", "timestamp": "2021-01", "value": 0.00014480900551591601, "incidence": 99.10645161290321, "pValue": 0.647124997659605, "interpretation": "15.7% decrease, not statistically significant (p = 0.647), small effect size (d=-0.21)"}, {"cityName": "Leverkusen", "timestamp": "2021-01", "value": 0.00010459660552442074, "incidence": 118.25483870967744, "pValue": 0.43098704414135336, "interpretation": "28.6% decrease, not statistically significant (p = 0.431), small effect size (d=-0.42)"}, {"cityName": "Aachen", "timestamp": "2021-01", "value": 7.734706325988685e-05, "incidence": 102.0032258064516, "pValue": 0.0, "interpretation": "Insufficient data for this month for a statistical test."}, {"cityName": "Bergisch Gladbach", "timestamp": "2021-01", "value": 7.321096823683806e-05, "incidence": 109.28064516129035, "pValue": 0.540889310578329, "interpretation": "27.1% decrease, not statistically significant (p = 0.541), small effect size (d=-0.40)"}, {"cityName": "Bottrop", "timestamp": "2021-01", "value": 8.672801777720451e-05, "incidence": 163.7903225806451, "pValue": 0.10155601906220664, "interpretation": "39.6% decrease, not statistically significant (p = 0.102), medium effect size (d=-0.80)"}, {"cityName": "Gelsenkirchen", "timestamp": "2021-01", "value": 9.043106590123738e-05, "incidence": 158.1032258064516, "pValue": 0.1348470970785033, "interpretation": "38.4% decrease, not statistically significant (p = 0.135), medium effect size (d=-0.73)"}, {"cityName": "M\u00fcnster", "timestamp": "2021-01", "value": 5.046988984471873e-05, "incidence": 65.84838709677419, "pValue": 0.12839063209148166, "interpretation": "48.3% decrease, not statistically significant (p = 0.128), medium effect size (d=-0.67)"}, {"cityName": "Recklinghausen", "timestamp": "2021-01", "value": 8.554497841172494e-05, "incidence": 157.77741935483866, "pValue": 0.12183575166458016, "interpretation": "49.3% decrease, not statistically significant (p = 0.122), large effect size (d=-0.86)"}, {"cityName": "Bielefeld", "timestamp": "2021-01", "value": 4.565473257874449e-05, "incidence": 164.41612903225803, "pValue": 0.1824167218417723, "interpretation": "38.0% decrease, not statistically significant (p = 0.182), medium effect size (d=-0.66)"}, {"cityName": "G\u00fctersloh", "timestamp": "2021-01", "value": 4.6744610881432894e-05, "incidence": 134.72258064516132, "pValue": 0.256753858873101, "interpretation": "52.6% decrease, not statistically significant (p = 0.257), medium effect size (d=-0.66)"}, {"cityName": "Paderborn", "timestamp": "2021-01", "value": 2.5403836081104893e-05, "incidence": 98.0064516129032, "pValue": 0.022674034591151485, "interpretation": "80.8% decrease, significant (p = 0.023), large effect size (d=-1.31)"}, {"cityName": "Bochum", "timestamp": "2021-01", "value": 8.95131379365921e-05, "incidence": 118.9193548387097, "pValue": 0.2031979458158936, "interpretation": "29.0% decrease, not statistically significant (p = 0.203), medium effect size (d=-0.64)"}, {"cityName": "Dortmund", "timestamp": "2021-01", "value": 9.455523618003902e-05, "incidence": 122.75161290322582, "pValue": 0.40462416360777065, "interpretation": "27.9% decrease, not statistically significant (p = 0.405), small effect size (d=-0.40)"}, {"cityName": "Hagen", "timestamp": "2021-01", "value": 4.5802327804267406e-05, "incidence": 157.74516129032259, "pValue": 0.14504240874345548, "interpretation": "48.4% decrease, not statistically significant (p = 0.145), large effect size (d=-0.87)"}, {"cityName": "Hamm", "timestamp": "2021-01", "value": 6.21772903416838e-05, "incidence": 145.65483870967742, "pValue": 0.2290949713404961, "interpretation": "44.2% decrease, not statistically significant (p = 0.229), medium effect size (d=-0.59)"}, {"cityName": "Herne", "timestamp": "2021-01", "value": 0.00010827358346432447, "incidence": 155.51612903225802, "pValue": 0.4222975501046726, "interpretation": "22.9% decrease, not statistically significant (p = 0.422), small effect size (d=-0.44)"}, {"cityName": "Siegen", "timestamp": "2021-01", "value": 4.243281728122383e-06, "incidence": 111.85483870967742, "pValue": 0.0, "interpretation": "Insufficient data for this month for a statistical test."}, {"cityName": "Darmstadt", "timestamp": "2021-01", "value": 0.00012165832925926556, "incidence": 95.37741935483871, "pValue": 0.0, "interpretation": "Insufficient data for this month for a statistical test."}, {"cityName": "Frankfurt am Main", "timestamp": "2021-01", "value": 0.00011332699267024344, "incidence": 102.59032258064515, "pValue": 0.9813000872184988, "interpretation": "0.7% decrease, not statistically significant (p = 0.981), negligible effect size (d=-0.01)"}, {"cityName": "Offenbach am Main", "timestamp": "2021-01", "value": 9.162944148887287e-05, "incidence": 148.6806451612903, "pValue": 0.446306091185365, "interpretation": "16.4% decrease, not statistically significant (p = 0.446), small effect size (d=-0.44)"}, {"cityName": "Wiesbaden", "timestamp": "2021-01", "value": 0.00011508188348401475, "incidence": 98.4709677419355, "pValue": 0.0, "interpretation": "Insufficient data for this month for a statistical test."}, {"cityName": "Hanau", "timestamp": "2021-01", "value": 9.482627053960011e-05, "incidence": 133.0677419354839, "pValue": 0.9248168610301116, "interpretation": "2.6% decrease, not statistically significant (p = 0.925), negligible effect size (d=-0.06)"}, {"cityName": "Kassel", "timestamp": "2021-01", "value": 7.630968320881948e-05, "incidence": 96.4451612903226, "pValue": 0.0, "interpretation": "Insufficient data for this month for a statistical test."}, {"cityName": "Koblenz", "timestamp": "2021-01", "value": 2.9383269267984564e-05, "incidence": 129.4709677419355, "pValue": 0.0054745664964253975, "interpretation": "75.6% decrease, very significant (p < 0.01), large effect size (d=-2.06)"}, {"cityName": "Trier", "timestamp": "2021-01", "value": 7.769260555505753e-05, "incidence": 66.8741935483871, "pValue": 0.3033335855169298, "interpretation": "44.8% increase, not statistically significant (p = 0.303), medium effect size (d=0.61)"}, {"cityName": "Kaiserslautern", "timestamp": "2021-01", "value": 2.762027143035084e-05, "incidence": 131.5709677419355, "pValue": 0.0, "interpretation": "Insufficient data for this month for a statistical test."}, {"cityName": "Ludwigshafen am Rhein", "timestamp": "2021-01", "value": 0.00011930789332836866, "incidence": 170.8193548387097, "pValue": 0.7453369512870782, "interpretation": "13.9% decrease, not statistically significant (p = 0.745), small effect size (d=-0.21)"}, {"cityName": "Mainz", "timestamp": "2021-01", "value": 9.535235585644841e-05, "incidence": 106.62903225806453, "pValue": 0.6686172880792238, "interpretation": "12.8% decrease, not statistically significant (p = 0.669), small effect size (d=-0.25)"}, {"cityName": "Stuttgart", "timestamp": "2021-01", "value": 0.0001608960252876083, "incidence": 100.91935483870968, "pValue": 0.0, "interpretation": "Insufficient data for this month for a statistical test."}, {"cityName": "Heilbronn", "timestamp": "2021-01", "value": 8.31495789397094e-05, "incidence": 196.26129032258066, "pValue": 0.4011201357577173, "interpretation": "27.0% decrease, not statistically significant (p = 0.401), medium effect size (d=-0.55)"}, {"cityName": "Karlsruhe", "timestamp": "2021-01", "value": 9.673160966485738e-05, "incidence": 81.96451612903228, "pValue": 0.9508249843566616, "interpretation": "1.4% decrease, not statistically significant (p = 0.951), negligible effect size (d=-0.03)"}, {"cityName": "Heidelberg", "timestamp": "2021-01", "value": 0.00011107412559029304, "incidence": 96.93225806451615, "pValue": 0.8965781029693896, "interpretation": "4.2% increase, not statistically significant (p = 0.897), negligible effect size (d=0.07)"}, {"cityName": "Mannheim", "timestamp": "2021-01", "value": 0.0001263962034136057, "incidence": 131.2483870967742, "pValue": 0.8025514051787981, "interpretation": "7.7% decrease, not statistically significant (p = 0.803), negligible effect size (d=-0.14)"}, {"cityName": "Pforzheim", "timestamp": "2021-01", "value": 0.0, "incidence": 184.51612903225808, "pValue": 0.0, "interpretation": "Insufficient data for this month for a statistical test."}, {"cityName": "Freiburg im Breisgau", "timestamp": "2021-01", "value": 6.918917427322379e-05, "incidence": 83.10322580645162, "pValue": 0.8433121774671858, "interpretation": "5.3% decrease, not statistically significant (p = 0.843), negligible effect size (d=-0.09)"}, {"cityName": "Reutlingen", "timestamp": "2021-01", "value": 0.0001885681745729276, "incidence": 115.01935483870967, "pValue": 0.0, "interpretation": "Insufficient data for this month for a statistical test."}, {"cityName": "Ulm", "timestamp": "2021-01", "value": 1.8354121493757702e-05, "incidence": 77.78709677419356, "pValue": 0.0, "interpretation": "Insufficient data for this month for a statistical test."}, {"cityName": "Ingolstadt", "timestamp": "2021-01", "value": 3.16122272384486e-05, "incidence": 133.49354838709678, "pValue": 0.0, "interpretation": "Insufficient data for this month for a statistical test."}, {"cityName": "M\u00fcnchen", "timestamp": "2021-01", "value": 6.718010933814095e-05, "incidence": 122.37096774193547, "pValue": 0.6618516524876017, "interpretation": "15.4% decrease, not statistically significant (p = 0.662), small effect size (d=-0.28)"}, {"cityName": "Regensburg", "timestamp": "2021-01", "value": 0.00011850724695250392, "incidence": 75.56774193548385, "pValue": 0.0, "interpretation": "Insufficient data for this month for a statistical test."}, {"cityName": "Erlangen", "timestamp": "2021-01", "value": 0.0001377499138470739, "incidence": 97.93870967741934, "pValue": 0.0, "interpretation": "Insufficient data for this month for a statistical test."}, {"cityName": "F\u00fcrth", "timestamp": "2021-01", "value": 0.0001503706444054842, "incidence": 189.30322580645162, "pValue": 0.0, "interpretation": "Insufficient data for this month for a statistical test."}, {"cityName": "N\u00fcrnberg", "timestamp": "2021-01", "value": 0.00013823118625265178, "incidence": 230.96129032258065, "pValue": 0.0, "interpretation": "Insufficient data for this month for a statistical test."}, {"cityName": "W\u00fcrzburg", "timestamp": "2021-01", "value": 8.373019227292389e-05, "incidence": 81.80000000000001, "pValue": 0.0, "interpretation": "Insufficient data for this month for a statistical test."}, {"cityName": "Augsburg", "timestamp": "2021-01", "value": 6.880713183255423e-05, "incidence": 137.33225806451614, "pValue": 0.0, "interpretation": "Insufficient data for this month for a statistical test."}, {"cityName": "Saarbr\u00fccken", "timestamp": "2021-01", "value": 9.779994531224171e-05, "incidence": 153.1709677419355, "pValue": 0.1908850846372175, "interpretation": "33.8% increase, not statistically significant (p = 0.191), medium effect size (d=0.76)"}, {"cityName": "Berlin", "timestamp": "2021-01", "value": 4.113749954613704e-05, "incidence": 0.0, "pValue": 0.07054751788623169, "interpretation": "69.7% decrease, not statistically significant (p = 0.071), large effect size (d=-1.03)"}, {"cityName": "Cottbus", "timestamp": "2021-01", "value": 4.994901470266856e-05, "incidence": 397.8387096774194, "pValue": 0.6167006196976845, "interpretation": "17.4% decrease, not statistically significant (p = 0.617), small effect size (d=-0.32)"}, {"cityName": "Potsdam", "timestamp": "2021-01", "value": 4.029259263702175e-06, "incidence": 272.5677419354838, "pValue": 0.0, "interpretation": "Insufficient data for this month for a statistical test."}, {"cityName": "Rostock", "timestamp": "2021-01", "value": 1.6540521755814552e-05, "incidence": 42.89354838709678, "pValue": 0.20597511612863859, "interpretation": "47.7% decrease, not statistically significant (p = 0.206), medium effect size (d=-0.66)"}, {"cityName": "Chemnitz", "timestamp": "2021-01", "value": 0.0, "incidence": 195.40322580645156, "pValue": 0.0, "interpretation": "Insufficient data for this month for a statistical test."}, {"cityName": "Dresden", "timestamp": "2021-01", "value": 0.0, "incidence": 205.941935483871, "pValue": 0.0, "interpretation": "Insufficient data for this month for a statistical test."}, {"cityName": "Leipzig", "timestamp": "2021-01", "value": 0.0002971184439957142, "incidence": 182.4774193548387, "pValue": 0.0, "interpretation": "Insufficient data for this month for a statistical test."}, {"cityName": "Halle (Saale)", "timestamp": "2021-01", "value": 0.00012507724265257517, "incidence": 235.1806451612903, "pValue": 0.13709230498375874, "interpretation": "73.2% increase, not statistically significant (p = 0.137), large effect size (d=0.97)"}, {"cityName": "Magdeburg", "timestamp": "2021-01", "value": 2.6746196549777923e-05, "incidence": 86.43225806451613, "pValue": 0.06457803882187539, "interpretation": "57.4% decrease, not statistically significant (p = 0.065), large effect size (d=-1.08)"}, {"cityName": "Erfurt", "timestamp": "2021-01", "value": 3.953000996261835e-05, "incidence": 158.30967741935487, "pValue": 0.0, "interpretation": "Insufficient data for this month for a statistical test."}, {"cityName": "Jena", "timestamp": "2021-01", "value": 0.0, "incidence": 173.70322580645163, "pValue": 0.0, "interpretation": "Insufficient data for this month for a statistical test."}]