[
    {
        "cityName": "Kiel",
        "timestamp": "2020-05",
        "value": 2.6280160195061137e-05,
        "incidence": 2.1548387096774198,
        "pValue": 0.19603087869071006,
        "interpretation": "19.9% decrease, not statistically significant (p = 0.196), medium effect size (d=-0.55)"
    },
    {
        "cityName": "L\u00fcbeck",
        "timestamp": "2020-05",
        "value": 3.1754878970483937e-05,
        "incidence": 0.8064516129032258,
        "pValue": 0.36501493696977894,
        "interpretation": "15.1% decrease, not statistically significant (p = 0.365), small effect size (d=-0.45)"
    },
    {
        "cityName": "Hamburg",
        "timestamp": "2020-05",
        "value": 5.808394678212978e-05,
        "incidence": 3.7064516129032254,
        "pValue": 0.2694333887811452,
        "interpretation": "25.8% increase, not statistically significant (p = 0.269), small effect size (d=0.49)"
    },
    {
        "cityName": "Braunschweig",
        "timestamp": "2020-05",
        "value": 4.228602012838511e-05,
        "incidence": 2.5419354838709687,
        "pValue": 0.5025711071768567,
        "interpretation": "15.5% decrease, not statistically significant (p = 0.503), small effect size (d=-0.40)"
    },
    {
        "cityName": "Salzgitter",
        "timestamp": "2020-05",
        "value": 4.279533750377596e-05,
        "incidence": 3.0483870967741944,
        "pValue": 0.7215580551175582,
        "interpretation": "5.7% increase, not statistically significant (p = 0.722), negligible effect size (d=0.17)"
    },
    {
        "cityName": "Wolfsburg",
        "timestamp": "2020-05",
        "value": 3.8454370377095125e-05,
        "incidence": 3.6774193548387095,
        "pValue": 0.5471027758123753,
        "interpretation": "15.7% increase, not statistically significant (p = 0.547), small effect size (d=0.37)"
    },
    {
        "cityName": "G\u00f6ttingen",
        "timestamp": "2020-05",
        "value": 4.046133142851648e-05,
        "incidence": 6.2935483870967746,
        "pValue": 0.6567639069375535,
        "interpretation": "10.0% decrease, not statistically significant (p = 0.657), small effect size (d=-0.29)"
    },
    {
        "cityName": "Hannover",
        "timestamp": "2020-05",
        "value": 4.352562092734795e-05,
        "incidence": 8.893548387096773,
        "pValue": 0.8121729875286475,
        "interpretation": "3.6% decrease, not statistically significant (p = 0.812), negligible effect size (d=-0.11)"
    },
    {
        "cityName": "Hildesheim",
        "timestamp": "2020-05",
        "value": 3.8402398144278454e-05,
        "incidence": 8.141935483870967,
        "pValue": 0.4972457711540814,
        "interpretation": "12.5% decrease, not statistically significant (p = 0.497), small effect size (d=-0.40)"
    },
    {
        "cityName": "Oldenburg (Oldb)",
        "timestamp": "2020-05",
        "value": 4.1659025009721516e-05,
        "incidence": 1.5709677419354842,
        "pValue": 0.7672837710890203,
        "interpretation": "5.4% decrease, not statistically significant (p = 0.767), negligible effect size (d=-0.13)"
    },
    {
        "cityName": "Osnabr\u00fcck",
        "timestamp": "2020-05",
        "value": 5.123386985029686e-05,
        "incidence": 6.122580645161291,
        "pValue": 0.8889281800875226,
        "interpretation": "1.6% decrease, not statistically significant (p = 0.889), negligible effect size (d=-0.07)"
    },
    {
        "cityName": "Bremen",
        "timestamp": "2020-05",
        "value": 4.8970047873063167e-05,
        "incidence": 19.81612903225807,
        "pValue": 0.6916501851189767,
        "interpretation": "7.9% decrease, not statistically significant (p = 0.692), negligible effect size (d=-0.15)"
    },
    {
        "cityName": "Bremerhaven",
        "timestamp": "2020-05",
        "value": 3.874478196459157e-05,
        "incidence": 11.380645161290323,
        "pValue": 0.8077502568297623,
        "interpretation": "3.8% decrease, not statistically significant (p = 0.808), negligible effect size (d=-0.10)"
    },
    {
        "cityName": "D\u00fcsseldorf",
        "timestamp": "2020-05",
        "value": 0.00011480601913318401,
        "incidence": 14.883870967741935,
        "pValue": 0.8763723278978666,
        "interpretation": "3.7% increase, not statistically significant (p = 0.876), negligible effect size (d=0.06)"
    },
    {
        "cityName": "Duisburg",
        "timestamp": "2020-05",
        "value": 0.00013517408082500481,
        "incidence": 15.245161290322581,
        "pValue": 0.9629481398482705,
        "interpretation": "0.9% increase, not statistically significant (p = 0.963), negligible effect size (d=0.02)"
    },
    {
        "cityName": "Essen",
        "timestamp": "2020-05",
        "value": 0.0001164995945799045,
        "incidence": 4.306451612903226,
        "pValue": 0.9357897843879968,
        "interpretation": "1.8% decrease, not statistically significant (p = 0.936), negligible effect size (d=-0.03)"
    },
    {
        "cityName": "Krefeld",
        "timestamp": "2020-05",
        "value": 0.0001256443434753097,
        "incidence": 14.841935483870971,
        "pValue": 0.9986887570757282,
        "interpretation": "0.0% increase, not statistically significant (p = 0.999), negligible effect size (d=0.00)"
    },
    {
        "cityName": "M\u00f6nchengladbach",
        "timestamp": "2020-05",
        "value": 0.00011152674540363509,
        "incidence": 11.87741935483871,
        "pValue": 0.8908874340029687,
        "interpretation": "3.6% decrease, not statistically significant (p = 0.891), negligible effect size (d=-0.05)"
    },
    {
        "cityName": "M\u00fclheim an der Ruhr",
        "timestamp": "2020-05",
        "value": 0.00011853261902514432,
        "incidence": 5.309677419354839,
        "pValue": 0.8814857034568371,
        "interpretation": "3.7% increase, not statistically significant (p = 0.881), negligible effect size (d=0.06)"
    },
    {
        "cityName": "Oberhausen",
        "timestamp": "2020-05",
        "value": 0.00012574336813906065,
        "incidence": 8.038709677419355,
        "pValue": 0.7226654887031161,
        "interpretation": "11.0% increase, not statistically significant (p = 0.723), negligible effect size (d=0.17)"
    },
    {
        "cityName": "Remscheid",
        "timestamp": "2020-05",
        "value": 7.58312176913023e-05,
        "incidence": 5.603225806451613,
        "pValue": 0.9130131361832994,
        "interpretation": "2.4% increase, not statistically significant (p = 0.913), negligible effect size (d=0.05)"
    },
    {
        "cityName": "Solingen",
        "timestamp": "2020-05",
        "value": 9.41598555073142e-05,
        "incidence": 3.27741935483871,
        "pValue": 0.5424749823792343,
        "interpretation": "13.0% increase, not statistically significant (p = 0.542), small effect size (d=0.25)"
    },
    {
        "cityName": "Wuppertal",
        "timestamp": "2020-05",
        "value": 8.182701896186229e-05,
        "incidence": 8.393548387096773,
        "pValue": 0.7448937577719974,
        "interpretation": "6.5% increase, not statistically significant (p = 0.745), negligible effect size (d=0.15)"
    },
    {
        "cityName": "Neuss",
        "timestamp": "2020-05",
        "value": 0.00011769532284233719,
        "incidence": 5.738709677419355,
        "pValue": 0.6766183985372525,
        "interpretation": "10.5% decrease, not statistically significant (p = 0.677), negligible effect size (d=-0.19)"
    },
    {
        "cityName": "Moers",
        "timestamp": "2020-05",
        "value": 0.0001302516320720315,
        "incidence": 5.287096774193547,
        "pValue": 0.7864746763487989,
        "interpretation": "6.4% decrease, not statistically significant (p = 0.786), negligible effect size (d=-0.13)"
    },
    {
        "cityName": "Bonn",
        "timestamp": "2020-05",
        "value": 8.876423817127943e-05,
        "incidence": 6.541935483870967,
        "pValue": 0.21463643945217117,
        "interpretation": "19.4% decrease, not statistically significant (p = 0.215), small effect size (d=-0.49)"
    },
    {
        "cityName": "K\u00f6ln",
        "timestamp": "2020-05",
        "value": 0.00011202615375320117,
        "incidence": 4.561290322580645,
        "pValue": 0.7159917718618536,
        "interpretation": "5.7% decrease, not statistically significant (p = 0.716), negligible effect size (d=-0.13)"
    },
    {
        "cityName": "Leverkusen",
        "timestamp": "2020-05",
        "value": 0.00010586581386936207,
        "incidence": 6.296774193548385,
        "pValue": 0.9076098245260794,
        "interpretation": "2.6% increase, not statistically significant (p = 0.908), negligible effect size (d=0.05)"
    },
    {
        "cityName": "Aachen",
        "timestamp": "2020-05",
        "value": 7.63548505974227e-05,
        "incidence": 5.106451612903225,
        "pValue": 0.1065824194184883,
        "interpretation": "29.9% decrease, not statistically significant (p = 0.107), medium effect size (d=-0.64)"
    },
    {
        "cityName": "Bergisch Gladbach",
        "timestamp": "2020-05",
        "value": 7.833038190645831e-05,
        "incidence": 3.4258064516129036,
        "pValue": 0.5596366274787548,
        "interpretation": "11.6% decrease, not statistically significant (p = 0.560), small effect size (d=-0.26)"
    },
    {
        "cityName": "Bottrop",
        "timestamp": "2020-05",
        "value": 0.00011105985408101012,
        "incidence": 9.938709677419354,
        "pValue": 0.8158196241022626,
        "interpretation": "6.3% decrease, not statistically significant (p = 0.816), negligible effect size (d=-0.11)"
    },
    {
        "cityName": "Gelsenkirchen",
        "timestamp": "2020-05",
        "value": 0.00011950591579079628,
        "incidence": 6.074193548387096,
        "pValue": 0.9500512281693487,
        "interpretation": "2.1% increase, not statistically significant (p = 0.950), negligible effect size (d=0.03)"
    },
    {
        "cityName": "M\u00fcnster",
        "timestamp": "2020-05",
        "value": 5.0077888820516436e-05,
        "incidence": 5.909677419354837,
        "pValue": 0.2854082112135172,
        "interpretation": "14.8% decrease, not statistically significant (p = 0.285), small effect size (d=-0.44)"
    },
    {
        "cityName": "Recklinghausen",
        "timestamp": "2020-05",
        "value": 9.899689421917383e-05,
        "incidence": 9.512903225806452,
        "pValue": 0.5061948085793544,
        "interpretation": "29.5% increase, not statistically significant (p = 0.506), small effect size (d=0.34)"
    },
    {
        "cityName": "Bielefeld",
        "timestamp": "2020-05",
        "value": 5.261845944914967e-05,
        "incidence": 2.406451612903225,
        "pValue": 0.6981214062292459,
        "interpretation": "8.8% increase, not statistically significant (p = 0.698), negligible effect size (d=0.18)"
    },
    {
        "cityName": "G\u00fctersloh",
        "timestamp": "2020-05",
        "value": 5.6216027587652206e-05,
        "incidence": 4.161290322580645,
        "pValue": 0.7126281729522868,
        "interpretation": "10.2% increase, not statistically significant (p = 0.713), negligible effect size (d=0.17)"
    },
    {
        "cityName": "Paderborn",
        "timestamp": "2020-05",
        "value": 5.613596388889897e-05,
        "incidence": 5.670967741935482,
        "pValue": 0.4352361319508966,
        "interpretation": "16.0% increase, not statistically significant (p = 0.435), small effect size (d=0.34)"
    },
    {
        "cityName": "Bochum",
        "timestamp": "2020-05",
        "value": 9.925050350526969e-05,
        "incidence": 5.812903225806453,
        "pValue": 0.8861732385569426,
        "interpretation": "3.7% decrease, not statistically significant (p = 0.886), negligible effect size (d=-0.07)"
    },
    {
        "cityName": "Dortmund",
        "timestamp": "2020-05",
        "value": 9.263326943505043e-05,
        "incidence": 2.764516129032258,
        "pValue": 0.8805644183175176,
        "interpretation": "4.4% increase, not statistically significant (p = 0.881), negligible effect size (d=0.07)"
    },
    {
        "cityName": "Hagen",
        "timestamp": "2020-05",
        "value": 7.202079648087765e-05,
        "incidence": 9.883870967741938,
        "pValue": 0.49974898699410863,
        "interpretation": "15.9% decrease, not statistically significant (p = 0.500), small effect size (d=-0.34)"
    },
    {
        "cityName": "Hamm",
        "timestamp": "2020-05",
        "value": 6.469917882766043e-05,
        "incidence": 5.016129032258065,
        "pValue": 0.27270524131259877,
        "interpretation": "27.1% decrease, not statistically significant (p = 0.273), medium effect size (d=-0.61)"
    },
    {
        "cityName": "Herne",
        "timestamp": "2020-05",
        "value": 0.00011320736957713962,
        "incidence": 5.4935483870967765,
        "pValue": 0.8096679599171467,
        "interpretation": "7.7% decrease, not statistically significant (p = 0.810), negligible effect size (d=-0.12)"
    },
    {
        "cityName": "Siegen",
        "timestamp": "2020-05",
        "value": 3.9134020335040985e-05,
        "incidence": 2.9387096774193555,
        "pValue": 0.05274584548773678,
        "interpretation": "33.7% decrease, not statistically significant (p = 0.053), large effect size (d=-0.90)"
    },
    {
        "cityName": "Darmstadt",
        "timestamp": "2020-05",
        "value": 5.257161418822679e-05,
        "incidence": 3.809677419354839,
        "pValue": 0.04313773342167474,
        "interpretation": "22.7% decrease, significant (p = 0.043), large effect size (d=-0.82)"
    },
    {
        "cityName": "Frankfurt am Main",
        "timestamp": "2020-05",
        "value": 6.851509467444636e-05,
        "incidence": 10.977419354838714,
        "pValue": 0.4871320455155502,
        "interpretation": "11.7% decrease, not statistically significant (p = 0.487), small effect size (d=-0.25)"
    },
    {
        "cityName": "Offenbach am Main",
        "timestamp": "2020-05",
        "value": 6.77133317698132e-05,
        "incidence": 12.5,
        "pValue": 0.9174844293047077,
        "interpretation": "1.9% decrease, not statistically significant (p = 0.917), negligible effect size (d=-0.04)"
    },
    {
        "cityName": "Wiesbaden",
        "timestamp": "2020-05",
        "value": 6.359350582998659e-05,
        "incidence": 10.861290322580645,
        "pValue": 0.9428253904726669,
        "interpretation": "1.4% decrease, not statistically significant (p = 0.943), negligible effect size (d=-0.03)"
    },
    {
        "cityName": "Hanau",
        "timestamp": "2020-05",
        "value": 5.2134945200612914e-05,
        "incidence": 8.506451612903225,
        "pValue": 0.7360226398732121,
        "interpretation": "6.7% decrease, not statistically significant (p = 0.736), negligible effect size (d=-0.15)"
    },
    {
        "cityName": "Kassel",
        "timestamp": "2020-05",
        "value": 4.2225492911206354e-05,
        "incidence": 10.299999999999995,
        "pValue": 0.5259610854067232,
        "interpretation": "10.1% increase, not statistically significant (p = 0.526), small effect size (d=0.30)"
    },
    {
        "cityName": "Koblenz",
        "timestamp": "2020-05",
        "value": 5.426604507697953e-05,
        "incidence": 1.8387096774193548,
        "pValue": 0.46632179571505483,
        "interpretation": "9.4% decrease, not statistically significant (p = 0.466), small effect size (d=-0.27)"
    },
    {
        "cityName": "Trier",
        "timestamp": "2020-05",
        "value": 4.3272145558148625e-05,
        "incidence": 1.2483870967741935,
        "pValue": 0.07860362924999417,
        "interpretation": "17.0% decrease, not statistically significant (p = 0.079), medium effect size (d=-0.76)"
    },
    {
        "cityName": "Kaiserslautern",
        "timestamp": "2020-05",
        "value": 3.738740297894065e-05,
        "incidence": 11.95806451612903,
        "pValue": 0.007373012788124684,
        "interpretation": "35.4% decrease, very significant (p < 0.01), large effect size (d=-1.34)"
    },
    {
        "cityName": "Ludwigshafen am Rhein",
        "timestamp": "2020-05",
        "value": 8.544611046090722e-05,
        "incidence": 5.767741935483872,
        "pValue": 0.33811539966377857,
        "interpretation": "22.8% decrease, not statistically significant (p = 0.338), small effect size (d=-0.45)"
    },
    {
        "cityName": "Mainz",
        "timestamp": "2020-05",
        "value": 6.782685522921383e-05,
        "incidence": 12.970967741935485,
        "pValue": 0.7598272305174604,
        "interpretation": "4.9% decrease, not statistically significant (p = 0.760), negligible effect size (d=-0.12)"
    },
    {
        "cityName": "Stuttgart",
        "timestamp": "2020-05",
        "value": 5.046064163454705e-05,
        "incidence": 5.7064516129032254,
        "pValue": 0.9804762882276944,
        "interpretation": "0.4% decrease, not statistically significant (p = 0.980), negligible effect size (d=-0.01)"
    },
    {
        "cityName": "Heilbronn",
        "timestamp": "2020-05",
        "value": 4.516313007722298e-05,
        "incidence": 4.748387096774194,
        "pValue": 0.089057550670375,
        "interpretation": "18.4% decrease, not statistically significant (p = 0.089), medium effect size (d=-0.70)"
    },
    {
        "cityName": "Karlsruhe",
        "timestamp": "2020-05",
        "value": 5.837052594870329e-05,
        "incidence": 2.0999999999999996,
        "pValue": 0.6907102420710334,
        "interpretation": "6.4% increase, not statistically significant (p = 0.691), negligible effect size (d=0.15)"
    },
    {
        "cityName": "Heidelberg",
        "timestamp": "2020-05",
        "value": 4.3992902838477964e-05,
        "incidence": 2.2677419354838713,
        "pValue": 0.13863486599392078,
        "interpretation": "18.5% decrease, not statistically significant (p = 0.139), medium effect size (d=-0.75)"
    },
    {
        "cityName": "Mannheim",
        "timestamp": "2020-05",
        "value": 7.001189514994621e-05,
        "incidence": 3.1967741935483875,
        "pValue": 0.30719107855057354,
        "interpretation": "21.5% decrease, not statistically significant (p = 0.307), medium effect size (d=-0.51)"
    },
    {
        "cityName": "Pforzheim",
        "timestamp": "2020-05",
        "value": 4.046095677444505e-05,
        "incidence": 23.03548387096774,
        "pValue": 0.02531825826538399,
        "interpretation": "27.8% decrease, significant (p = 0.025), large effect size (d=-1.32)"
    },
    {
        "cityName": "Freiburg im Breisgau",
        "timestamp": "2020-05",
        "value": 4.421108557532231e-05,
        "incidence": 2.8096774193548386,
        "pValue": 0.9719626475993431,
        "interpretation": "0.5% increase, not statistically significant (p = 0.972), negligible effect size (d=0.01)"
    },
    {
        "cityName": "Reutlingen",
        "timestamp": "2020-05",
        "value": 3.448695133556612e-05,
        "incidence": 8.86451612903226,
        "pValue": 0.9068317819833646,
        "interpretation": "1.8% decrease, not statistically significant (p = 0.907), negligible effect size (d=-0.06)"
    },
    {
        "cityName": "Ulm",
        "timestamp": "2020-05",
        "value": 4.00884432326022e-05,
        "incidence": 5.138709677419354,
        "pValue": 0.16363750654629336,
        "interpretation": "23.2% decrease, not statistically significant (p = 0.164), large effect size (d=-1.03)"
    },
    {
        "cityName": "Ingolstadt",
        "timestamp": "2020-05",
        "value": 4.299595699800799e-05,
        "incidence": 9.048387096774194,
        "pValue": 0.7833397208539241,
        "interpretation": "4.2% increase, not statistically significant (p = 0.783), negligible effect size (d=0.13)"
    },
    {
        "cityName": "M\u00fcnchen",
        "timestamp": "2020-05",
        "value": 5.622688107765638e-05,
        "incidence": 12.835483870967742,
        "pValue": 0.23420560456344408,
        "interpretation": "21.6% decrease, not statistically significant (p = 0.234), medium effect size (d=-0.62)"
    },
    {
        "cityName": "Regensburg",
        "timestamp": "2020-05",
        "value": 4.051579938580592e-05,
        "incidence": 27.990322580645163,
        "pValue": 0.01295209501679663,
        "interpretation": "86.8% increase, significant (p = 0.013), large effect size (d=1.95)"
    },
    {
        "cityName": "Erlangen",
        "timestamp": "2020-05",
        "value": 4.0591403376311064e-05,
        "incidence": 5.338709677419353,
        "pValue": 0.5828624471144761,
        "interpretation": "10.1% increase, not statistically significant (p = 0.583), small effect size (d=0.31)"
    },
    {
        "cityName": "F\u00fcrth",
        "timestamp": "2020-05",
        "value": 4.507268313318491e-05,
        "incidence": 6.474193548387097,
        "pValue": 0.9231084644729199,
        "interpretation": "1.7% decrease, not statistically significant (p = 0.923), negligible effect size (d=-0.05)"
    },
    {
        "cityName": "N\u00fcrnberg",
        "timestamp": "2020-05",
        "value": 4.947822625664148e-05,
        "incidence": 6.599999999999999,
        "pValue": 0.47976503680355065,
        "interpretation": "12.3% increase, not statistically significant (p = 0.480), small effect size (d=0.34)"
    },
    {
        "cityName": "W\u00fcrzburg",
        "timestamp": "2020-05",
        "value": 4.189840910839848e-05,
        "incidence": 2.148387096774193,
        "pValue": 0.41377876934834157,
        "interpretation": "21.6% increase, not statistically significant (p = 0.414), small effect size (d=0.48)"
    },
    {
        "cityName": "Augsburg",
        "timestamp": "2020-05",
        "value": 4.584357017078079e-05,
        "incidence": 1.8806451612903226,
        "pValue": 0.3823765029444067,
        "interpretation": "13.9% decrease, not statistically significant (p = 0.382), small effect size (d=-0.44)"
    },
    {
        "cityName": "Saarbr\u00fccken",
        "timestamp": "2020-05",
        "value": 4.314100369811058e-05,
        "incidence": 4.838709677419355,
        "pValue": 0.12519515594029776,
        "interpretation": "18.5% decrease, not statistically significant (p = 0.125), medium effect size (d=-0.68)"
    },
    {
        "cityName": "Berlin",
        "timestamp": "2020-05",
        "value": 4.178279919958696e-05,
        "incidence": 0.0,
        "pValue": 0.4403221241050288,
        "interpretation": "11.8% decrease, not statistically significant (p = 0.440), small effect size (d=-0.47)"
    },
    {
        "cityName": "Cottbus",
        "timestamp": "2020-05",
        "value": 3.905745688825846e-05,
        "incidence": 0.0,
        "pValue": 0.3791377425862864,
        "interpretation": "32.1% decrease, not statistically significant (p = 0.379), medium effect size (d=-0.56)"
    },
    {
        "cityName": "Potsdam",
        "timestamp": "2020-05",
        "value": 3.0972604530260846e-05,
        "incidence": 5.748387096774193,
        "pValue": 0.3759626416541515,
        "interpretation": "15.9% decrease, not statistically significant (p = 0.376), medium effect size (d=-0.58)"
    },
    {
        "cityName": "Rostock",
        "timestamp": "2020-05",
        "value": 2.721183453545426e-05,
        "incidence": 2.580645161290322,
        "pValue": 0.818647069924149,
        "interpretation": "3.1% decrease, not statistically significant (p = 0.819), negligible effect size (d=-0.10)"
    },
    {
        "cityName": "Chemnitz",
        "timestamp": "2020-05",
        "value": 4.073385739835297e-05,
        "incidence": 1.2903225806451608,
        "pValue": 0.27178849402064703,
        "interpretation": "30.9% increase, not statistically significant (p = 0.272), medium effect size (d=0.70)"
    },
    {
        "cityName": "Dresden",
        "timestamp": "2020-05",
        "value": 4.031987945464524e-05,
        "incidence": 2.9161290322580653,
        "pValue": 0.6997605582927375,
        "interpretation": "9.4% increase, not statistically significant (p = 0.700), small effect size (d=0.23)"
    },
    {
        "cityName": "Leipzig",
        "timestamp": "2020-05",
        "value": 5.212260921503983e-05,
        "incidence": 1.732258064516129,
        "pValue": 0.05413933705896401,
        "interpretation": "43.6% increase, not statistically significant (p = 0.054), large effect size (d=0.98)"
    },
    {
        "cityName": "Halle (Saale)",
        "timestamp": "2020-05",
        "value": 4.5453954953700304e-05,
        "incidence": 3.835483870967742,
        "pValue": 0.28614612604507056,
        "interpretation": "20.9% increase, not statistically significant (p = 0.286), medium effect size (d=0.57)"
    },
    {
        "cityName": "Magdeburg",
        "timestamp": "2020-05",
        "value": 4.5492234149653663e-05,
        "incidence": 0.2806451612903226,
        "pValue": 0.14925380259037715,
        "interpretation": "25.9% increase, not statistically significant (p = 0.149), large effect size (d=0.82)"
    },
    {
        "cityName": "Erfurt",
        "timestamp": "2020-05",
        "value": 3.976153675466776e-05,
        "incidence": 0.4774193548387096,
        "pValue": 0.1589222994248249,
        "interpretation": "29.5% increase, not statistically significant (p = 0.159), medium effect size (d=0.74)"
    },
    {
        "cityName": "Jena",
        "timestamp": "2020-05",
        "value": 3.5463554215514e-05,
        "incidence": 0.2903225806451613,
        "pValue": 0.6442157136467432,
        "interpretation": "8.3% increase, not statistically significant (p = 0.644), small effect size (d=0.26)"
    }
]