[
    {
        "cityName": "Kiel",
        "timestamp": "2020-01",
        "value": 4.965778706329209e-05,
        "incidence": 0.0,
        "pValue": 1.0,
        "interpretation": "Precovid baseline"
    },
    {
        "cityName": "L\u00fcbeck",
        "timestamp": "2020-01",
        "value": 4.812639801659518e-05,
        "incidence": 0.0,
        "pValue": 1.0,
        "interpretation": "Precovid baseline"
    },
    {
        "cityName": "Hamburg",
        "timestamp": "2020-01",
        "value": 6.930701848533419e-05,
        "incidence": 0.0,
        "pValue": 1.0,
        "interpretation": "Precovid baseline"
    },
    {
        "cityName": "Braunschweig",
        "timestamp": "2020-01",
        "value": 7.205630433471764e-05,
        "incidence": 0.0,
        "pValue": 1.0,
        "interpretation": "Precovid baseline"
    },
    {
        "cityName": "Salzgitter",
        "timestamp": "2020-01",
        "value": 6.622079527005554e-05,
        "incidence": 0.0,
        "pValue": 1.0,
        "interpretation": "Precovid baseline"
    },
    {
        "cityName": "Wolfsburg",
        "timestamp": "2020-01",
        "value": 6.887869370218955e-05,
        "incidence": 0.0,
        "pValue": 1.0,
        "interpretation": "Precovid baseline"
    },
    {
        "cityName": "G\u00f6ttingen",
        "timestamp": "2020-01",
        "value": 7.034769459139733e-05,
        "incidence": 0.0,
        "pValue": 1.0,
        "interpretation": "Precovid baseline"
    },
    {
        "cityName": "Hannover",
        "timestamp": "2020-01",
        "value": 8.10132692813089e-05,
        "incidence": 0.0,
        "pValue": 1.0,
        "interpretation": "Precovid baseline"
    },
    {
        "cityName": "Hildesheim",
        "timestamp": "2020-01",
        "value": 6.568419527919854e-05,
        "incidence": 0.0,
        "pValue": 1.0,
        "interpretation": "Precovid baseline"
    },
    {
        "cityName": "Oldenburg (Oldb)",
        "timestamp": "2020-01",
        "value": 9.2086085351184e-05,
        "incidence": 0.0,
        "pValue": 1.0,
        "interpretation": "Precovid baseline"
    },
    {
        "cityName": "Osnabr\u00fcck",
        "timestamp": "2020-01",
        "value": 0.00012225577269088137,
        "incidence": 0.0,
        "pValue": 1.0,
        "interpretation": "Precovid baseline"
    },
    {
        "cityName": "Bremen",
        "timestamp": "2020-01",
        "value": 8.496155840207319e-05,
        "incidence": 0.0,
        "pValue": 1.0,
        "interpretation": "Precovid baseline"
    },
    {
        "cityName": "Bremerhaven",
        "timestamp": "2020-01",
        "value": 4.798194692869272e-05,
        "incidence": 0.0,
        "pValue": 1.0,
        "interpretation": "Precovid baseline"
    },
    {
        "cityName": "D\u00fcsseldorf",
        "timestamp": "2020-01",
        "value": 0.00013824345589410968,
        "incidence": 0.0,
        "pValue": 1.0,
        "interpretation": "Precovid baseline"
    },
    {
        "cityName": "Duisburg",
        "timestamp": "2020-01",
        "value": 0.00015989084465381427,
        "incidence": 0.0,
        "pValue": 1.0,
        "interpretation": "Precovid baseline"
    },
    {
        "cityName": "Essen",
        "timestamp": "2020-01",
        "value": 0.00012263237761381344,
        "incidence": 0.0,
        "pValue": 1.0,
        "interpretation": "Precovid baseline"
    },
    {
        "cityName": "Krefeld",
        "timestamp": "2020-01",
        "value": 0.00011550138095537058,
        "incidence": 0.0,
        "pValue": 1.0,
        "interpretation": "Precovid baseline"
    },
    {
        "cityName": "M\u00f6nchengladbach",
        "timestamp": "2020-01",
        "value": 9.240585796791932e-05,
        "incidence": 0.0,
        "pValue": 1.0,
        "interpretation": "Precovid baseline"
    },
    {
        "cityName": "M\u00fclheim an der Ruhr",
        "timestamp": "2020-01",
        "value": 0.00014565388361612955,
        "incidence": 0.0,
        "pValue": 1.0,
        "interpretation": "Precovid baseline"
    },
    {
        "cityName": "Oberhausen",
        "timestamp": "2020-01",
        "value": 0.00015886751218483999,
        "incidence": 0.0,
        "pValue": 1.0,
        "interpretation": "Precovid baseline"
    },
    {
        "cityName": "Remscheid",
        "timestamp": "2020-01",
        "value": 0.00010238164104521274,
        "incidence": 0.0,
        "pValue": 1.0,
        "interpretation": "Precovid baseline"
    },
    {
        "cityName": "Solingen",
        "timestamp": "2020-01",
        "value": 0.00011409461876610294,
        "incidence": 0.0,
        "pValue": 1.0,
        "interpretation": "Precovid baseline"
    },
    {
        "cityName": "Wuppertal",
        "timestamp": "2020-01",
        "value": 0.00010088733742358508,
        "incidence": 0.0,
        "pValue": 1.0,
        "interpretation": "Precovid baseline"
    },
    {
        "cityName": "Neuss",
        "timestamp": "2020-01",
        "value": 0.00011811754666268826,
        "incidence": 0.0,
        "pValue": 1.0,
        "interpretation": "Precovid baseline"
    },
    {
        "cityName": "Moers",
        "timestamp": "2020-01",
        "value": 0.0001243905197562916,
        "incidence": 0.0,
        "pValue": 1.0,
        "interpretation": "Precovid baseline"
    },
    {
        "cityName": "Bonn",
        "timestamp": "2020-01",
        "value": 9.555754844437946e-05,
        "incidence": 0.0,
        "pValue": 1.0,
        "interpretation": "Precovid baseline"
    },
    {
        "cityName": "K\u00f6ln",
        "timestamp": "2020-01",
        "value": 0.000118600618508127,
        "incidence": 0.0,
        "pValue": 1.0,
        "interpretation": "Precovid baseline"
    },
    {
        "cityName": "Leverkusen",
        "timestamp": "2020-01",
        "value": 0.00010961473647815485,
        "incidence": 0.0,
        "pValue": 1.0,
        "interpretation": "Precovid baseline"
    },
    {
        "cityName": "Aachen",
        "timestamp": "2020-01",
        "value": 9.331163340087594e-05,
        "incidence": 0.0,
        "pValue": 1.0,
        "interpretation": "Precovid baseline"
    },
    {
        "cityName": "Bergisch Gladbach",
        "timestamp": "2020-01",
        "value": 8.978252299129963e-05,
        "incidence": 0.0,
        "pValue": 1.0,
        "interpretation": "Precovid baseline"
    },
    {
        "cityName": "Bottrop",
        "timestamp": "2020-01",
        "value": 0.00015271548181772232,
        "incidence": 0.0,
        "pValue": 1.0,
        "interpretation": "Precovid baseline"
    },
    {
        "cityName": "Gelsenkirchen",
        "timestamp": "2020-01",
        "value": 0.00015951710862710197,
        "incidence": 0.0,
        "pValue": 1.0,
        "interpretation": "Precovid baseline"
    },
    {
        "cityName": "M\u00fcnster",
        "timestamp": "2020-01",
        "value": 0.000136789906639279,
        "incidence": 0.0,
        "pValue": 1.0,
        "interpretation": "Precovid baseline"
    },
    {
        "cityName": "Recklinghausen",
        "timestamp": "2020-01",
        "value": 0.00013064610091252968,
        "incidence": 0.0,
        "pValue": 1.0,
        "interpretation": "Precovid baseline"
    },
    {
        "cityName": "Bielefeld",
        "timestamp": "2020-01",
        "value": 9.069045578750472e-05,
        "incidence": 0.0,
        "pValue": 1.0,
        "interpretation": "Precovid baseline"
    },
    {
        "cityName": "G\u00fctersloh",
        "timestamp": "2020-01",
        "value": 9.318127413280309e-05,
        "incidence": 0.0,
        "pValue": 1.0,
        "interpretation": "Precovid baseline"
    },
    {
        "cityName": "Paderborn",
        "timestamp": "2020-01",
        "value": 7.534668510479312e-05,
        "incidence": 0.0,
        "pValue": 1.0,
        "interpretation": "Precovid baseline"
    },
    {
        "cityName": "Bochum",
        "timestamp": "2020-01",
        "value": 0.00011003989493474364,
        "incidence": 0.0,
        "pValue": 1.0,
        "interpretation": "Precovid baseline"
    },
    {
        "cityName": "Dortmund",
        "timestamp": "2020-01",
        "value": 0.00010372953964214699,
        "incidence": 0.0,
        "pValue": 1.0,
        "interpretation": "Precovid baseline"
    },
    {
        "cityName": "Hagen",
        "timestamp": "2020-01",
        "value": 8.77924231362754e-05,
        "incidence": 0.0,
        "pValue": 1.0,
        "interpretation": "Precovid baseline"
    },
    {
        "cityName": "Hamm",
        "timestamp": "2020-01",
        "value": 0.00010812863530147643,
        "incidence": 0.0,
        "pValue": 1.0,
        "interpretation": "Precovid baseline"
    },
    {
        "cityName": "Herne",
        "timestamp": "2020-01",
        "value": 0.00012613830622285605,
        "incidence": 0.0,
        "pValue": 1.0,
        "interpretation": "Precovid baseline"
    },
    {
        "cityName": "Siegen",
        "timestamp": "2020-01",
        "value": 6.639534840360283e-05,
        "incidence": 0.0,
        "pValue": 1.0,
        "interpretation": "Precovid baseline"
    },
    {
        "cityName": "Darmstadt",
        "timestamp": "2020-01",
        "value": 0.00010469524105164138,
        "incidence": 0.0,
        "pValue": 1.0,
        "interpretation": "Precovid baseline"
    },
    {
        "cityName": "Frankfurt am Main",
        "timestamp": "2020-01",
        "value": 0.00012369915335015818,
        "incidence": 0.0,
        "pValue": 1.0,
        "interpretation": "Precovid baseline"
    },
    {
        "cityName": "Offenbach am Main",
        "timestamp": "2020-01",
        "value": 0.00010584462010724978,
        "incidence": 0.0,
        "pValue": 1.0,
        "interpretation": "Precovid baseline"
    },
    {
        "cityName": "Wiesbaden",
        "timestamp": "2020-01",
        "value": 0.00010419484331376023,
        "incidence": 0.0,
        "pValue": 1.0,
        "interpretation": "Precovid baseline"
    },
    {
        "cityName": "Hanau",
        "timestamp": "2020-01",
        "value": 9.090920838599022e-05,
        "incidence": 0.0,
        "pValue": 1.0,
        "interpretation": "Precovid baseline"
    },
    {
        "cityName": "Kassel",
        "timestamp": "2020-01",
        "value": 8.226914926328593e-05,
        "incidence": 0.0,
        "pValue": 1.0,
        "interpretation": "Precovid baseline"
    },
    {
        "cityName": "Koblenz",
        "timestamp": "2020-01",
        "value": 8.534252022703488e-05,
        "incidence": 0.0,
        "pValue": 1.0,
        "interpretation": "Precovid baseline"
    },
    {
        "cityName": "Trier",
        "timestamp": "2020-01",
        "value": 7.509126444347203e-05,
        "incidence": 0.0,
        "pValue": 1.0,
        "interpretation": "Precovid baseline"
    },
    {
        "cityName": "Kaiserslautern",
        "timestamp": "2020-01",
        "value": 8.001117608868159e-05,
        "incidence": 0.0,
        "pValue": 1.0,
        "interpretation": "Precovid baseline"
    },
    {
        "cityName": "Ludwigshafen am Rhein",
        "timestamp": "2020-01",
        "value": 0.00011859165776210527,
        "incidence": 0.0,
        "pValue": 1.0,
        "interpretation": "Precovid baseline"
    },
    {
        "cityName": "Mainz",
        "timestamp": "2020-01",
        "value": 0.0001263227459276095,
        "incidence": 0.0,
        "pValue": 1.0,
        "interpretation": "Precovid baseline"
    },
    {
        "cityName": "Stuttgart",
        "timestamp": "2020-01",
        "value": 9.701263237123688e-05,
        "incidence": 0.0,
        "pValue": 1.0,
        "interpretation": "Precovid baseline"
    },
    {
        "cityName": "Heilbronn",
        "timestamp": "2020-01",
        "value": 0.00010134727926924825,
        "incidence": 0.0,
        "pValue": 1.0,
        "interpretation": "Precovid baseline"
    },
    {
        "cityName": "Karlsruhe",
        "timestamp": "2020-01",
        "value": 0.00011965169881780943,
        "incidence": 0.0,
        "pValue": 1.0,
        "interpretation": "Precovid baseline"
    },
    {
        "cityName": "Heidelberg",
        "timestamp": "2020-01",
        "value": 0.00011286320851037377,
        "incidence": 0.0,
        "pValue": 1.0,
        "interpretation": "Precovid baseline"
    },
    {
        "cityName": "Mannheim",
        "timestamp": "2020-01",
        "value": 0.00012493845075368883,
        "incidence": 0.0,
        "pValue": 1.0,
        "interpretation": "Precovid baseline"
    },
    {
        "cityName": "Pforzheim",
        "timestamp": "2020-01",
        "value": 7.497014141538077e-05,
        "incidence": 0.0,
        "pValue": 1.0,
        "interpretation": "Precovid baseline"
    },
    {
        "cityName": "Freiburg im Breisgau",
        "timestamp": "2020-01",
        "value": 7.298409386917397e-05,
        "incidence": 0.0,
        "pValue": 1.0,
        "interpretation": "Precovid baseline"
    },
    {
        "cityName": "Reutlingen",
        "timestamp": "2020-01",
        "value": 7.44245044188574e-05,
        "incidence": 0.0,
        "pValue": 1.0,
        "interpretation": "Precovid baseline"
    },
    {
        "cityName": "Ulm",
        "timestamp": "2020-01",
        "value": 6.11185586374057e-05,
        "incidence": 0.0,
        "pValue": 1.0,
        "interpretation": "Precovid baseline"
    },
    {
        "cityName": "Ingolstadt",
        "timestamp": "2020-01",
        "value": 9.184799273498356e-05,
        "incidence": 0.0,
        "pValue": 1.0,
        "interpretation": "Precovid baseline"
    },
    {
        "cityName": "M\u00fcnchen",
        "timestamp": "2020-01",
        "value": 7.939302863983008e-05,
        "incidence": 0.0,
        "pValue": 1.0,
        "interpretation": "Precovid baseline"
    },
    {
        "cityName": "Regensburg",
        "timestamp": "2020-01",
        "value": 0.00011054249480366707,
        "incidence": 0.0,
        "pValue": 1.0,
        "interpretation": "Precovid baseline"
    },
    {
        "cityName": "Erlangen",
        "timestamp": "2020-01",
        "value": 0.00010022624129695552,
        "incidence": 0.0,
        "pValue": 1.0,
        "interpretation": "Precovid baseline"
    },
    {
        "cityName": "F\u00fcrth",
        "timestamp": "2020-01",
        "value": 0.00010044442024081945,
        "incidence": 0.0,
        "pValue": 1.0,
        "interpretation": "Precovid baseline"
    },
    {
        "cityName": "N\u00fcrnberg",
        "timestamp": "2020-01",
        "value": 9.001485269629595e-05,
        "incidence": 0.0,
        "pValue": 1.0,
        "interpretation": "Precovid baseline"
    },
    {
        "cityName": "W\u00fcrzburg",
        "timestamp": "2020-01",
        "value": 6.904087058501318e-05,
        "incidence": 0.0,
        "pValue": 1.0,
        "interpretation": "Precovid baseline"
    },
    {
        "cityName": "Augsburg",
        "timestamp": "2020-01",
        "value": 5.881902493106631e-05,
        "incidence": 0.0,
        "pValue": 1.0,
        "interpretation": "Precovid baseline"
    },
    {
        "cityName": "Saarbr\u00fccken",
        "timestamp": "2020-01",
        "value": 7.55098182708025e-05,
        "incidence": 0.0,
        "pValue": 1.0,
        "interpretation": "Precovid baseline"
    },
    {
        "cityName": "Berlin",
        "timestamp": "2020-01",
        "value": 8.344385636652388e-05,
        "incidence": 0.0,
        "pValue": 1.0,
        "interpretation": "Precovid baseline"
    },
    {
        "cityName": "Cottbus",
        "timestamp": "2020-01",
        "value": 6.890235594115578e-05,
        "incidence": 0.0,
        "pValue": 1.0,
        "interpretation": "Precovid baseline"
    },
    {
        "cityName": "Potsdam",
        "timestamp": "2020-01",
        "value": 7.013089078314165e-05,
        "incidence": 0.0,
        "pValue": 1.0,
        "interpretation": "Precovid baseline"
    },
    {
        "cityName": "Rostock",
        "timestamp": "2020-01",
        "value": 4.436508187967719e-05,
        "incidence": 0.0,
        "pValue": 1.0,
        "interpretation": "Precovid baseline"
    },
    {
        "cityName": "Chemnitz",
        "timestamp": "2020-01",
        "value": 6.092880375501586e-05,
        "incidence": 0.0,
        "pValue": 1.0,
        "interpretation": "Precovid baseline"
    },
    {
        "cityName": "Dresden",
        "timestamp": "2020-01",
        "value": 8.160275491801175e-05,
        "incidence": 0.0,
        "pValue": 1.0,
        "interpretation": "Precovid baseline"
    },
    {
        "cityName": "Leipzig",
        "timestamp": "2020-01",
        "value": 8.351711885017507e-05,
        "incidence": 0.0,
        "pValue": 1.0,
        "interpretation": "Precovid baseline"
    },
    {
        "cityName": "Halle (Saale)",
        "timestamp": "2020-01",
        "value": 7.034227019175887e-05,
        "incidence": 0.0,
        "pValue": 1.0,
        "interpretation": "Precovid baseline"
    },
    {
        "cityName": "Magdeburg",
        "timestamp": "2020-01",
        "value": 7.063480045058226e-05,
        "incidence": 0.0,
        "pValue": 1.0,
        "interpretation": "Precovid baseline"
    },
    {
        "cityName": "Erfurt",
        "timestamp": "2020-01",
        "value": 5.828681342462276e-05,
        "incidence": 0.0,
        "pValue": 1.0,
        "interpretation": "Precovid baseline"
    },
    {
        "cityName": "Jena",
        "timestamp": "2020-01",
        "value": 6.445050368913346e-05,
        "incidence": 0.0,
        "pValue": 1.0,
        "interpretation": "Precovid baseline"
    }
]