[{"cityName": "Kiel", "timestamp": "2024-06", "value": 2.633415473004182e-05, "incidence": 3.5700000000000007, "pValue": 0.007049058837654531, "interpretation": "32.8% decrease, very significant (p < 0.01), large effect size (d=-1.37)"}, {"cityName": "L\u00fcbeck", "timestamp": "2024-06", "value": 3.0919110738775795e-05, "incidence": 1.99, "pValue": 0.26600793290396685, "interpretation": "12.6% decrease, not statistically significant (p = 0.266), small effect size (d=-0.44)"}, {"cityName": "Hamburg", "timestamp": "2024-06", "value": 3.908615973260668e-05, "incidence": 3.78, "pValue": 0.008302306052904695, "interpretation": "26.6% decrease, very significant (p < 0.01), large effect size (d=-1.11)"}, {"cityName": "Braunschweig", "timestamp": "2024-06", "value": 2.8964474468546757e-05, "incidence": 2.5333333333333328, "pValue": 0.025143891308525495, "interpretation": "20.1% decrease, significant (p = 0.025), large effect size (d=-0.97)"}, {"cityName": "Salzgitter", "timestamp": "2024-06", "value": 3.151749260723591e-05, "incidence": 0.4233333333333334, "pValue": 0.2597139231898738, "interpretation": "12.8% decrease, not statistically significant (p = 0.260), small effect size (d=-0.47)"}, {"cityName": "Wolfsburg", "timestamp": "2024-06", "value": 3.048101758682414e-05, "incidence": 0.7733333333333333, "pValue": 0.3074255252624346, "interpretation": "11.2% decrease, not statistically significant (p = 0.307), small effect size (d=-0.41)"}, {"cityName": "G\u00f6ttingen", "timestamp": "2024-06", "value": 2.9777456629311755e-05, "incidence": 3.106666666666667, "pValue": 0.6134024968346568, "interpretation": "5.6% decrease, not statistically significant (p = 0.613), small effect size (d=-0.22)"}, {"cityName": "Hannover", "timestamp": "2024-06", "value": 3.6904303430530584e-05, "incidence": 2.3833333333333333, "pValue": 0.09203878418642032, "interpretation": "14.0% decrease, not statistically significant (p = 0.092), medium effect size (d=-0.68)"}, {"cityName": "Hildesheim", "timestamp": "2024-06", "value": 3.178733373608659e-05, "incidence": 1.3666666666666667, "pValue": 0.15404557807475333, "interpretation": "16.2% decrease, not statistically significant (p = 0.154), medium effect size (d=-0.59)"}, {"cityName": "Oldenburg (Oldb)", "timestamp": "2024-06", "value": 2.9456938500516115e-05, "incidence": 4.17, "pValue": 0.001031898780933966, "interpretation": "34.7% decrease, very significant (p < 0.01), large effect size (d=-1.84)"}, {"cityName": "Osnabr\u00fcck", "timestamp": "2024-06", "value": 3.1822847879745744e-05, "incidence": 2.7800000000000002, "pValue": 0.004285096450058906, "interpretation": "31.9% decrease, very significant (p < 0.01), large effect size (d=-1.36)"}, {"cityName": "Bremen", "timestamp": "2024-06", "value": 3.2736583933478495e-05, "incidence": 2.3666666666666667, "pValue": 5.859471328806915e-05, "interpretation": "33.1% decrease, highly significant (p < 0.001), large effect size (d=-2.01)"}, {"cityName": "Bremerhaven", "timestamp": "2024-06", "value": 2.907294297723898e-05, "incidence": 0.5233333333333332, "pValue": 0.014657757593110774, "interpretation": "28.8% decrease, significant (p = 0.015), large effect size (d=-1.21)"}, {"cityName": "D\u00fcsseldorf", "timestamp": "2024-06", "value": 4.8845319259094026e-05, "incidence": 4.123333333333333, "pValue": 0.020673987169026894, "interpretation": "42.3% decrease, significant (p = 0.021), large effect size (d=-1.12)"}, {"cityName": "Duisburg", "timestamp": "2024-06", "value": 6.514351862745408e-05, "incidence": 3.2133333333333334, "pValue": 0.07013284780493606, "interpretation": "32.2% decrease, not statistically significant (p = 0.070), large effect size (d=-0.81)"}, {"cityName": "Essen", "timestamp": "2024-06", "value": 5.477838791333712e-05, "incidence": 2.473333333333333, "pValue": 0.13450220621806114, "interpretation": "28.4% decrease, not statistically significant (p = 0.135), medium effect size (d=-0.75)"}, {"cityName": "Krefeld", "timestamp": "2024-06", "value": 5.592459526199561e-05, "incidence": 3.483333333333334, "pValue": 0.19551195723095263, "interpretation": "27.5% decrease, not statistically significant (p = 0.196), medium effect size (d=-0.53)"}, {"cityName": "M\u00f6nchengladbach", "timestamp": "2024-06", "value": 4.774625894838366e-05, "incidence": 1.4433333333333331, "pValue": 0.04995617377114524, "interpretation": "34.9% decrease, significant (p = 0.050), large effect size (d=-0.88)"}, {"cityName": "M\u00fclheim an der Ruhr", "timestamp": "2024-06", "value": 5.1017915312614707e-05, "incidence": 4.71, "pValue": 0.0701364536475789, "interpretation": "37.8% decrease, not statistically significant (p = 0.070), large effect size (d=-0.91)"}, {"cityName": "Oberhausen", "timestamp": "2024-06", "value": 6.140383909671352e-05, "incidence": 2.8899999999999997, "pValue": 0.10656135055465424, "interpretation": "34.1% decrease, not statistically significant (p = 0.107), large effect size (d=-0.89)"}, {"cityName": "Remscheid", "timestamp": "2024-06", "value": 4.3400338230033714e-05, "incidence": 4.29, "pValue": 0.06925013453488324, "interpretation": "31.4% decrease, not statistically significant (p = 0.069), large effect size (d=-0.87)"}, {"cityName": "Solingen", "timestamp": "2024-06", "value": 4.417917807586491e-05, "incidence": 2.1533333333333333, "pValue": 0.09958724904340678, "interpretation": "41.0% decrease, not statistically significant (p = 0.100), large effect size (d=-0.83)"}, {"cityName": "Wuppertal", "timestamp": "2024-06", "value": 4.559146516301014e-05, "incidence": 3.113333333333333, "pValue": 0.10279062530210495, "interpretation": "35.1% decrease, not statistically significant (p = 0.103), large effect size (d=-0.81)"}, {"cityName": "Neuss", "timestamp": "2024-06", "value": 5.0473281589802355e-05, "incidence": 3.8200000000000007, "pValue": 0.07418769770216094, "interpretation": "47.2% decrease, not statistically significant (p = 0.074), large effect size (d=-0.97)"}, {"cityName": "Moers", "timestamp": "2024-06", "value": 6.554565126342433e-05, "incidence": 2.3233333333333337, "pValue": 0.33205323687822974, "interpretation": "21.4% decrease, not statistically significant (p = 0.332), small effect size (d=-0.41)"}, {"cityName": "Bonn", "timestamp": "2024-06", "value": 4.502702821892771e-05, "incidence": 2.6799999999999997, "pValue": 0.16383674690098193, "interpretation": "33.4% decrease, not statistically significant (p = 0.164), medium effect size (d=-0.61)"}, {"cityName": "K\u00f6ln", "timestamp": "2024-06", "value": 5.9152228964699636e-05, "incidence": 2.753333333333333, "pValue": 0.0474884689993367, "interpretation": "29.3% decrease, significant (p = 0.047), medium effect size (d=-0.77)"}, {"cityName": "Leverkusen", "timestamp": "2024-06", "value": 5.885047236612687e-05, "incidence": 4.883333333333334, "pValue": 0.07993062561758935, "interpretation": "30.1% decrease, not statistically significant (p = 0.080), medium effect size (d=-0.77)"}, {"cityName": "Aachen", "timestamp": "2024-06", "value": 3.9168545205531446e-05, "incidence": 1.8833333333333335, "pValue": 0.2854747738624367, "interpretation": "21.2% decrease, not statistically significant (p = 0.285), small effect size (d=-0.41)"}, {"cityName": "Bergisch Gladbach", "timestamp": "2024-06", "value": 5.918981956451067e-05, "incidence": 1.4833333333333334, "pValue": 0.4856620036510274, "interpretation": "12.4% decrease, not statistically significant (p = 0.486), small effect size (d=-0.29)"}, {"cityName": "Bottrop", "timestamp": "2024-06", "value": 5.7889244464390416e-05, "incidence": 6.953333333333334, "pValue": 0.0698012336298171, "interpretation": "36.7% decrease, not statistically significant (p = 0.070), large effect size (d=-0.88)"}, {"cityName": "Gelsenkirchen", "timestamp": "2024-06", "value": 6.151484215960783e-05, "incidence": 5.65, "pValue": 0.3661398624971153, "interpretation": "25.8% decrease, not statistically significant (p = 0.366), small effect size (d=-0.48)"}, {"cityName": "M\u00fcnster", "timestamp": "2024-06", "value": 3.616388462353171e-05, "incidence": 4.180000000000001, "pValue": 0.025272198870579042, "interpretation": "31.1% decrease, significant (p = 0.025), large effect size (d=-0.96)"}, {"cityName": "Recklinghausen", "timestamp": "2024-06", "value": 4.816972292386569e-05, "incidence": 4.796666666666667, "pValue": 0.07896215263449463, "interpretation": "43.2% decrease, not statistically significant (p = 0.079), large effect size (d=-0.86)"}, {"cityName": "Bielefeld", "timestamp": "2024-06", "value": 3.477815577449898e-05, "incidence": 2.956666666666666, "pValue": 0.08599967274590672, "interpretation": "17.4% decrease, not statistically significant (p = 0.086), medium effect size (d=-0.75)"}, {"cityName": "G\u00fctersloh", "timestamp": "2024-06", "value": 4.02203033445403e-05, "incidence": 2.09, "pValue": 0.05589508174552564, "interpretation": "19.1% decrease, not statistically significant (p = 0.056), large effect size (d=-0.81)"}, {"cityName": "Paderborn", "timestamp": "2024-06", "value": 3.394985856908944e-05, "incidence": 1.2566666666666666, "pValue": 0.17664655438670945, "interpretation": "16.6% decrease, not statistically significant (p = 0.177), medium effect size (d=-0.56)"}, {"cityName": "Bochum", "timestamp": "2024-06", "value": 4.831891662130753e-05, "incidence": 4.126666666666666, "pValue": 0.11718272528227276, "interpretation": "30.2% decrease, not statistically significant (p = 0.117), medium effect size (d=-0.78)"}, {"cityName": "Dortmund", "timestamp": "2024-06", "value": 4.907698352255073e-05, "incidence": 4.329999999999999, "pValue": 0.040919672010605784, "interpretation": "33.7% decrease, significant (p = 0.041), large effect size (d=-0.89)"}, {"cityName": "Hagen", "timestamp": "2024-06", "value": 4.495349150664847e-05, "incidence": 2.0300000000000007, "pValue": 0.08813020120878692, "interpretation": "25.9% decrease, not statistically significant (p = 0.088), medium effect size (d=-0.73)"}, {"cityName": "Hamm", "timestamp": "2024-06", "value": 5.133078056609347e-05, "incidence": 1.89, "pValue": 0.994015834271523, "interpretation": "0.1% increase, not statistically significant (p = 0.994), negligible effect size (d=0.00)"}, {"cityName": "Herne", "timestamp": "2024-06", "value": 5.6796649005264044e-05, "incidence": 5.1466666666666665, "pValue": 0.1760205694694048, "interpretation": "29.3% decrease, not statistically significant (p = 0.176), medium effect size (d=-0.64)"}, {"cityName": "Siegen", "timestamp": "2024-06", "value": 3.35564196575433e-05, "incidence": 2.24, "pValue": 0.07421389387266769, "interpretation": "22.8% decrease, not statistically significant (p = 0.074), large effect size (d=-0.94)"}, {"cityName": "Darmstadt", "timestamp": "2024-06", "value": 3.977631885473701e-05, "incidence": 3.0066666666666677, "pValue": 0.05643951472872643, "interpretation": "22.9% decrease, not statistically significant (p = 0.056), medium effect size (d=-0.80)"}, {"cityName": "Frankfurt am Main", "timestamp": "2024-06", "value": 5.2262632049281486e-05, "incidence": 2.09, "pValue": 0.02715677309122641, "interpretation": "26.7% decrease, significant (p = 0.027), large effect size (d=-0.87)"}, {"cityName": "Offenbach am Main", "timestamp": "2024-06", "value": 4.78701496666128e-05, "incidence": 3.2666666666666666, "pValue": 0.02891288008821126, "interpretation": "25.4% decrease, significant (p = 0.029), large effect size (d=-0.95)"}, {"cityName": "Wiesbaden", "timestamp": "2024-06", "value": 4.4554167996264165e-05, "incidence": 2.6666666666666665, "pValue": 0.11179356255335, "interpretation": "16.3% decrease, not statistically significant (p = 0.112), medium effect size (d=-0.60)"}, {"cityName": "Hanau", "timestamp": "2024-06", "value": 4.464305059697766e-05, "incidence": 2.646666666666667, "pValue": 0.04674330955698831, "interpretation": "20.6% decrease, significant (p = 0.047), large effect size (d=-0.82)"}, {"cityName": "Kassel", "timestamp": "2024-06", "value": 3.214953661275407e-05, "incidence": 2.0233333333333334, "pValue": 0.23262979737420209, "interpretation": "12.9% decrease, not statistically significant (p = 0.233), medium effect size (d=-0.57)"}, {"cityName": "Koblenz", "timestamp": "2024-06", "value": 3.953569426408244e-05, "incidence": 3.2433333333333327, "pValue": 0.3164183471014557, "interpretation": "12.8% decrease, not statistically significant (p = 0.316), small effect size (d=-0.45)"}, {"cityName": "Trier", "timestamp": "2024-06", "value": 3.8275134284049275e-05, "incidence": 1.8533333333333333, "pValue": 0.6077611986998418, "interpretation": "4.9% increase, not statistically significant (p = 0.608), small effect size (d=0.21)"}, {"cityName": "Kaiserslautern", "timestamp": "2024-06", "value": 3.477082981799658e-05, "incidence": 3.0333333333333337, "pValue": 0.9858862039412295, "interpretation": "0.2% increase, not statistically significant (p = 0.986), negligible effect size (d=0.01)"}, {"cityName": "Ludwigshafen am Rhein", "timestamp": "2024-06", "value": 5.724270401212076e-05, "incidence": 1.9666666666666661, "pValue": 0.31794953143769505, "interpretation": "16.3% decrease, not statistically significant (p = 0.318), small effect size (d=-0.42)"}, {"cityName": "Mainz", "timestamp": "2024-06", "value": 4.692412767326459e-05, "incidence": 2.8366666666666664, "pValue": 0.16508009522209277, "interpretation": "17.1% decrease, not statistically significant (p = 0.165), medium effect size (d=-0.54)"}, {"cityName": "Stuttgart", "timestamp": "2024-06", "value": 3.4973135269764396e-05, "incidence": 2.816666666666667, "pValue": 0.0415036499556728, "interpretation": "21.5% decrease, significant (p = 0.042), large effect size (d=-0.86)"}, {"cityName": "Heilbronn", "timestamp": "2024-06", "value": 3.63026726214836e-05, "incidence": 3.039999999999999, "pValue": 0.46760624161172226, "interpretation": "7.2% decrease, not statistically significant (p = 0.468), small effect size (d=-0.28)"}, {"cityName": "Karlsruhe", "timestamp": "2024-06", "value": 3.6904390435665845e-05, "incidence": 1.3999999999999997, "pValue": 0.026040989868689086, "interpretation": "22.7% decrease, significant (p = 0.026), large effect size (d=-0.90)"}, {"cityName": "Heidelberg", "timestamp": "2024-06", "value": 3.851038452826048e-05, "incidence": 1.8299999999999996, "pValue": 0.7608094735443113, "interpretation": "3.8% decrease, not statistically significant (p = 0.761), negligible effect size (d=-0.12)"}, {"cityName": "Mannheim", "timestamp": "2024-06", "value": 5.5054649710655215e-05, "incidence": 1.236666666666667, "pValue": 0.30553528136047414, "interpretation": "15.1% decrease, not statistically significant (p = 0.306), small effect size (d=-0.42)"}, {"cityName": "Pforzheim", "timestamp": "2024-06", "value": 3.323477317786051e-05, "incidence": 1.6400000000000001, "pValue": 0.23699531502495208, "interpretation": "12.2% decrease, not statistically significant (p = 0.237), medium effect size (d=-0.56)"}, {"cityName": "Freiburg im Breisgau", "timestamp": "2024-06", "value": 2.9844822603519316e-05, "incidence": 0.5666666666666668, "pValue": 0.4188494708390542, "interpretation": "10.4% decrease, not statistically significant (p = 0.419), small effect size (d=-0.34)"}, {"cityName": "Reutlingen", "timestamp": "2024-06", "value": 2.632062569318805e-05, "incidence": 2.7033333333333327, "pValue": 0.061819090954744665, "interpretation": "22.8% decrease, not statistically significant (p = 0.062), large effect size (d=-0.91)"}, {"cityName": "Ulm", "timestamp": "2024-06", "value": 2.452206957202993e-05, "incidence": 4.95, "pValue": 0.009024972628062882, "interpretation": "42.3% decrease, very significant (p < 0.01), large effect size (d=-1.44)"}, {"cityName": "Ingolstadt", "timestamp": "2024-06", "value": 3.232447003635267e-05, "incidence": 1.0733333333333333, "pValue": 0.027950133803779764, "interpretation": "18.6% decrease, significant (p = 0.028), large effect size (d=-0.99)"}, {"cityName": "M\u00fcnchen", "timestamp": "2024-06", "value": 3.308287033667931e-05, "incidence": 2.7933333333333334, "pValue": 0.0001040772567891998, "interpretation": "33.1% decrease, highly significant (p < 0.001), large effect size (d=-1.63)"}, {"cityName": "Regensburg", "timestamp": "2024-06", "value": 2.69530457444489e-05, "incidence": 2.2733333333333334, "pValue": 0.03097569943924126, "interpretation": "23.4% decrease, significant (p = 0.031), large effect size (d=-0.95)"}, {"cityName": "Erlangen", "timestamp": "2024-06", "value": 3.0146841059571932e-05, "incidence": 2.4100000000000006, "pValue": 0.019867873775501175, "interpretation": "24.1% decrease, significant (p = 0.020), large effect size (d=-1.25)"}, {"cityName": "F\u00fcrth", "timestamp": "2024-06", "value": 3.1338448752649126e-05, "incidence": 1.2066666666666663, "pValue": 0.0005703229777625144, "interpretation": "33.4% decrease, highly significant (p < 0.001), large effect size (d=-1.96)"}, {"cityName": "N\u00fcrnberg", "timestamp": "2024-06", "value": 3.283566823511413e-05, "incidence": 1.1833333333333331, "pValue": 0.0030960600479036796, "interpretation": "27.7% decrease, very significant (p < 0.01), large effect size (d=-1.64)"}, {"cityName": "W\u00fcrzburg", "timestamp": "2024-06", "value": 3.0505987524520606e-05, "incidence": 3.2566666666666664, "pValue": 0.04313660419253996, "interpretation": "23.7% decrease, significant (p = 0.043), large effect size (d=-1.02)"}, {"cityName": "Augsburg", "timestamp": "2024-06", "value": 2.9404338699980424e-05, "incidence": 1.4166666666666663, "pValue": 0.0003201838239355743, "interpretation": "31.9% decrease, highly significant (p < 0.001), large effect size (d=-1.61)"}, {"cityName": "Saarbr\u00fccken", "timestamp": "2024-06", "value": 3.197692761508127e-05, "incidence": 2.2, "pValue": 0.7507467480650527, "interpretation": "4.0% decrease, not statistically significant (p = 0.751), negligible effect size (d=-0.13)"}, {"cityName": "Berlin", "timestamp": "2024-06", "value": 3.666300667313541e-05, "incidence": 0.0, "pValue": 0.009205084477901204, "interpretation": "20.2% decrease, very significant (p < 0.01), large effect size (d=-0.97)"}, {"cityName": "Cottbus", "timestamp": "2024-06", "value": 3.5516577414595165e-05, "incidence": 2.466666666666667, "pValue": 0.09616737020932892, "interpretation": "17.8% decrease, not statistically significant (p = 0.096), medium effect size (d=-0.69)"}, {"cityName": "Potsdam", "timestamp": "2024-06", "value": 3.433176864157705e-05, "incidence": 0.8566666666666669, "pValue": 0.27867297718442435, "interpretation": "11.4% decrease, not statistically significant (p = 0.279), small effect size (d=-0.43)"}, {"cityName": "Rostock", "timestamp": "2024-06", "value": 2.9273112445618167e-05, "incidence": 2.256666666666667, "pValue": 0.21470713011013273, "interpretation": "9.8% decrease, not statistically significant (p = 0.215), small effect size (d=-0.49)"}, {"cityName": "Chemnitz", "timestamp": "2024-06", "value": 3.394293996346433e-05, "incidence": 2.0400000000000005, "pValue": 0.12342678777284036, "interpretation": "15.8% decrease, not statistically significant (p = 0.123), medium effect size (d=-0.64)"}, {"cityName": "Dresden", "timestamp": "2024-06", "value": 4.3094615367325867e-05, "incidence": 2.113333333333333, "pValue": 0.4538777657660503, "interpretation": "8.3% increase, not statistically significant (p = 0.454), small effect size (d=0.29)"}, {"cityName": "Leipzig", "timestamp": "2024-06", "value": 3.305729935128315e-05, "incidence": 2.4233333333333333, "pValue": 0.003555286458238536, "interpretation": "25.5% decrease, very significant (p < 0.01), large effect size (d=-1.21)"}, {"cityName": "Halle (Saale)", "timestamp": "2024-06", "value": 3.117120165067414e-05, "incidence": 3.3533333333333335, "pValue": 0.02860743570005856, "interpretation": "20.7% decrease, significant (p = 0.029), large effect size (d=-0.99)"}, {"cityName": "Magdeburg", "timestamp": "2024-06", "value": 3.1034744001532855e-05, "incidence": 2.4066666666666663, "pValue": 0.04172543934628053, "interpretation": "19.4% decrease, significant (p = 0.042), medium effect size (d=-0.72)"}, {"cityName": "Erfurt", "timestamp": "2024-06", "value": 2.840398364957977e-05, "incidence": 1.9233333333333327, "pValue": 0.09606775754701774, "interpretation": "14.5% decrease, not statistically significant (p = 0.096), medium effect size (d=-0.65)"}, {"cityName": "Jena", "timestamp": "2024-06", "value": 2.8241842907542985e-05, "incidence": 2.3699999999999997, "pValue": 0.08615182896834626, "interpretation": "17.0% decrease, not statistically significant (p = 0.086), large effect size (d=-0.81)"}]