[{"cityName": "Kiel", "timestamp": "2021-10", "value": 5.4693248655114856e-05, "incidence": 52.7258064516129, "pValue": 0.6788372663003469, "interpretation": "12.3% increase, not statistically significant (p = 0.679), negligible effect size (d=0.19)"}, {"cityName": "L\u00fcbeck", "timestamp": "2021-10", "value": 4.566266175566448e-05, "incidence": 33.81290322580645, "pValue": 0.09066537623978155, "interpretation": "28.9% decrease, not statistically significant (p = 0.091), medium effect size (d=-0.78)"}, {"cityName": "Hamburg", "timestamp": "2021-10", "value": 6.1017405931596404e-05, "incidence": 80.19677419354839, "pValue": 0.09030185289472464, "interpretation": "28.2% decrease, not statistically significant (p = 0.090), medium effect size (d=-0.69)"}, {"cityName": "Braunschweig", "timestamp": "2021-10", "value": 5.3994720527792675e-05, "incidence": 37.099999999999994, "pValue": 0.21817288038034433, "interpretation": "16.3% decrease, not statistically significant (p = 0.218), medium effect size (d=-0.54)"}, {"cityName": "Salzgitter", "timestamp": "2021-10", "value": 5.6398985907435414e-05, "incidence": 69.35161290322579, "pValue": 0.010608741829961642, "interpretation": "32.6% decrease, significant (p = 0.011), large effect size (d=-1.14)"}, {"cityName": "Wolfsburg", "timestamp": "2021-10", "value": 5.184974227296678e-05, "incidence": 68.48064516129033, "pValue": 0.020705970994414877, "interpretation": "29.1% decrease, significant (p = 0.021), large effect size (d=-1.11)"}, {"cityName": "G\u00f6ttingen", "timestamp": "2021-10", "value": 5.0099283855940613e-05, "incidence": 42.2774193548387, "pValue": 0.3211626061493023, "interpretation": "14.4% decrease, not statistically significant (p = 0.321), small effect size (d=-0.46)"}, {"cityName": "Hannover", "timestamp": "2021-10", "value": 6.616214216735803e-05, "incidence": 61.677419354838705, "pValue": 0.09041445718965153, "interpretation": "27.8% decrease, not statistically significant (p = 0.090), medium effect size (d=-0.75)"}, {"cityName": "Hildesheim", "timestamp": "2021-10", "value": 5.943636300370974e-05, "incidence": 46.219354838709684, "pValue": 0.2235268639193575, "interpretation": "21.6% decrease, not statistically significant (p = 0.224), medium effect size (d=-0.57)"}, {"cityName": "Oldenburg (Oldb)", "timestamp": "2021-10", "value": 6.792692001909018e-05, "incidence": 44.63870967741935, "pValue": 0.2768721418367468, "interpretation": "22.2% decrease, not statistically significant (p = 0.277), small effect size (d=-0.49)"}, {"cityName": "Osnabr\u00fcck", "timestamp": "2021-10", "value": 6.821181159466505e-05, "incidence": 50.65806451612904, "pValue": 0.2562623918608652, "interpretation": "20.8% decrease, not statistically significant (p = 0.256), medium effect size (d=-0.60)"}, {"cityName": "Bremen", "timestamp": "2021-10", "value": 6.81626595190314e-05, "incidence": 67.8225806451613, "pValue": 0.17290278434579365, "interpretation": "27.1% decrease, not statistically significant (p = 0.173), medium effect size (d=-0.57)"}, {"cityName": "Bremerhaven", "timestamp": "2021-10", "value": 6.695547407226903e-05, "incidence": 184.94193548387096, "pValue": 0.39582956448315554, "interpretation": "18.4% decrease, not statistically significant (p = 0.396), small effect size (d=-0.37)"}, {"cityName": "D\u00fcsseldorf", "timestamp": "2021-10", "value": 0.00015490721320597138, "incidence": 80.84838709677419, "pValue": 0.24502149628172465, "interpretation": "21.8% increase, not statistically significant (p = 0.245), small effect size (d=0.49)"}, {"cityName": "Duisburg", "timestamp": "2021-10", "value": 0.00015190640130104162, "incidence": 61.07419354838708, "pValue": 0.46904361035963016, "interpretation": "14.3% increase, not statistically significant (p = 0.469), small effect size (d=0.29)"}, {"cityName": "Essen", "timestamp": "2021-10", "value": 0.00010823279332656127, "incidence": 54.3, "pValue": 0.13070175196214506, "interpretation": "21.4% decrease, not statistically significant (p = 0.131), medium effect size (d=-0.63)"}, {"cityName": "Krefeld", "timestamp": "2021-10", "value": 0.000130500178784132, "incidence": 63.729032258064514, "pValue": 0.5497023974110263, "interpretation": "12.2% increase, not statistically significant (p = 0.550), small effect size (d=0.24)"}, {"cityName": "M\u00f6nchengladbach", "timestamp": "2021-10", "value": 9.731111791113327e-05, "incidence": 85.10322580645162, "pValue": 0.7558300986558666, "interpretation": "7.0% increase, not statistically significant (p = 0.756), negligible effect size (d=0.13)"}, {"cityName": "M\u00fclheim an der Ruhr", "timestamp": "2021-10", "value": 0.00013318523350689147, "incidence": 54.46129032258065, "pValue": 0.9556215069675478, "interpretation": "1.0% increase, not statistically significant (p = 0.956), negligible effect size (d=0.03)"}, {"cityName": "Oberhausen", "timestamp": "2021-10", "value": 0.00015955661924985738, "incidence": 53.18387096774194, "pValue": 0.7241175020424402, "interpretation": "7.8% increase, not statistically significant (p = 0.724), negligible effect size (d=0.18)"}, {"cityName": "Remscheid", "timestamp": "2021-10", "value": 7.719198862711588e-05, "incidence": 45.97741935483871, "pValue": 0.8580632615383864, "interpretation": "3.3% increase, not statistically significant (p = 0.858), negligible effect size (d=0.08)"}, {"cityName": "Solingen", "timestamp": "2021-10", "value": 0.0001232384383911267, "incidence": 61.98387096774193, "pValue": 0.18609643746793889, "interpretation": "42.1% increase, not statistically significant (p = 0.186), medium effect size (d=0.56)"}, {"cityName": "Wuppertal", "timestamp": "2021-10", "value": 9.102833940199128e-05, "incidence": 58.606451612903214, "pValue": 0.5772407855471726, "interpretation": "14.7% increase, not statistically significant (p = 0.577), small effect size (d=0.24)"}, {"cityName": "Neuss", "timestamp": "2021-10", "value": 0.0001413049321854487, "incidence": 58.79032258064516, "pValue": 0.23442202349824873, "interpretation": "25.4% increase, not statistically significant (p = 0.234), small effect size (d=0.50)"}, {"cityName": "Moers", "timestamp": "2021-10", "value": 0.00014016931943063225, "incidence": 41.12580645161292, "pValue": 0.7633216250457916, "interpretation": "7.3% increase, not statistically significant (p = 0.763), negligible effect size (d=0.13)"}, {"cityName": "Bonn", "timestamp": "2021-10", "value": 7.740095448256893e-05, "incidence": 48.85806451612904, "pValue": 0.6419624617425361, "interpretation": "9.1% decrease, not statistically significant (p = 0.642), small effect size (d=-0.20)"}, {"cityName": "K\u00f6ln", "timestamp": "2021-10", "value": 0.00012132848819924725, "incidence": 80.90000000000002, "pValue": 0.5921705863561727, "interpretation": "11.1% increase, not statistically significant (p = 0.592), small effect size (d=0.21)"}, {"cityName": "Leverkusen", "timestamp": "2021-10", "value": 0.00011447495004783075, "incidence": 74.07096774193549, "pValue": 0.26661417083324845, "interpretation": "26.9% increase, not statistically significant (p = 0.267), medium effect size (d=0.53)"}, {"cityName": "Aachen", "timestamp": "2021-10", "value": 6.318232044577599e-05, "incidence": 55.73225806451613, "pValue": 0.536578600608782, "interpretation": "13.8% decrease, not statistically significant (p = 0.537), small effect size (d=-0.29)"}, {"cityName": "Bergisch Gladbach", "timestamp": "2021-10", "value": 8.686310944280454e-05, "incidence": 44.216129032258074, "pValue": 0.4287351339510812, "interpretation": "13.3% increase, not statistically significant (p = 0.429), small effect size (d=0.36)"}, {"cityName": "Bottrop", "timestamp": "2021-10", "value": 0.000128853545688531, "incidence": 70.56774193548387, "pValue": 0.6877019370956681, "interpretation": "8.0% decrease, not statistically significant (p = 0.688), negligible effect size (d=-0.17)"}, {"cityName": "Gelsenkirchen", "timestamp": "2021-10", "value": 0.00011267345946501283, "incidence": 87.61290322580643, "pValue": 0.4471901064062225, "interpretation": "13.5% decrease, not statistically significant (p = 0.447), small effect size (d=-0.34)"}, {"cityName": "M\u00fcnster", "timestamp": "2021-10", "value": 8.994327825412416e-05, "incidence": 43.22580645161291, "pValue": 0.5091066962532089, "interpretation": "11.5% decrease, not statistically significant (p = 0.509), small effect size (d=-0.27)"}, {"cityName": "Recklinghausen", "timestamp": "2021-10", "value": 0.0001159180045271149, "incidence": 71.58709677419355, "pValue": 0.4893099012508876, "interpretation": "10.1% decrease, not statistically significant (p = 0.489), small effect size (d=-0.31)"}, {"cityName": "Bielefeld", "timestamp": "2021-10", "value": 6.0126728688677154e-05, "incidence": 73.5741935483871, "pValue": 0.07922615550643734, "interpretation": "24.4% decrease, not statistically significant (p = 0.079), medium effect size (d=-0.72)"}, {"cityName": "G\u00fctersloh", "timestamp": "2021-10", "value": 5.9687229804694655e-05, "incidence": 80.34193548387097, "pValue": 0.054292583648801296, "interpretation": "28.9% decrease, not statistically significant (p = 0.054), large effect size (d=-0.93)"}, {"cityName": "Paderborn", "timestamp": "2021-10", "value": 5.905205504067483e-05, "incidence": 43.86774193548386, "pValue": 0.43426931797110524, "interpretation": "16.8% decrease, not statistically significant (p = 0.434), small effect size (d=-0.34)"}, {"cityName": "Bochum", "timestamp": "2021-10", "value": 9.931542444974184e-05, "incidence": 58.03225806451613, "pValue": 0.12988694588465147, "interpretation": "21.2% decrease, not statistically significant (p = 0.130), medium effect size (d=-0.66)"}, {"cityName": "Dortmund", "timestamp": "2021-10", "value": 9.74371408422788e-05, "incidence": 68.47741935483872, "pValue": 0.2132216535578566, "interpretation": "17.8% decrease, not statistically significant (p = 0.213), medium effect size (d=-0.55)"}, {"cityName": "Hagen", "timestamp": "2021-10", "value": 7.06999161248577e-05, "incidence": 131.28709677419357, "pValue": 0.44766458639375706, "interpretation": "11.1% decrease, not statistically significant (p = 0.448), small effect size (d=-0.34)"}, {"cityName": "Hamm", "timestamp": "2021-10", "value": 7.896125316619873e-05, "incidence": 59.354838709677416, "pValue": 0.2354996262426869, "interpretation": "17.5% decrease, not statistically significant (p = 0.235), small effect size (d=-0.47)"}, {"cityName": "Herne", "timestamp": "2021-10", "value": 0.00011067639570683241, "incidence": 58.438709677419354, "pValue": 0.07879719258737583, "interpretation": "23.4% decrease, not statistically significant (p = 0.079), large effect size (d=-0.82)"}, {"cityName": "Siegen", "timestamp": "2021-10", "value": 6.66805193759501e-05, "incidence": 74.66451612903225, "pValue": 0.6106163892262819, "interpretation": "12.1% decrease, not statistically significant (p = 0.611), small effect size (d=-0.28)"}, {"cityName": "Darmstadt", "timestamp": "2021-10", "value": 8.833089271898974e-05, "incidence": 68.79032258064518, "pValue": 0.4861328352489277, "interpretation": "12.8% increase, not statistically significant (p = 0.486), small effect size (d=0.35)"}, {"cityName": "Frankfurt am Main", "timestamp": "2021-10", "value": 0.00011964498976753517, "incidence": 102.74193548387099, "pValue": 0.8111221749443012, "interpretation": "4.0% decrease, not statistically significant (p = 0.811), negligible effect size (d=-0.11)"}, {"cityName": "Offenbach am Main", "timestamp": "2021-10", "value": 0.0001027346377006986, "incidence": 138.56129032258065, "pValue": 0.9226532544197412, "interpretation": "1.6% decrease, not statistically significant (p = 0.923), negligible effect size (d=-0.05)"}, {"cityName": "Wiesbaden", "timestamp": "2021-10", "value": 0.00010807897585133712, "incidence": 65.27741935483871, "pValue": 0.24614212528863416, "interpretation": "28.1% increase, not statistically significant (p = 0.246), medium effect size (d=0.61)"}, {"cityName": "Hanau", "timestamp": "2021-10", "value": 7.71144046806372e-05, "incidence": 98.28387096774195, "pValue": 0.252791612095018, "interpretation": "16.8% decrease, not statistically significant (p = 0.253), medium effect size (d=-0.62)"}, {"cityName": "Kassel", "timestamp": "2021-10", "value": 6.638476366384162e-05, "incidence": 49.935483870967744, "pValue": 0.9500629724794535, "interpretation": "1.1% decrease, not statistically significant (p = 0.950), negligible effect size (d=-0.04)"}, {"cityName": "Koblenz", "timestamp": "2021-10", "value": 7.857841491285298e-05, "incidence": 44.51935483870968, "pValue": 0.37231708712872913, "interpretation": "16.1% increase, not statistically significant (p = 0.372), small effect size (d=0.40)"}, {"cityName": "Trier", "timestamp": "2021-10", "value": 6.424197927117348e-05, "incidence": 37.71612903225807, "pValue": 0.15931579624602937, "interpretation": "19.7% increase, not statistically significant (p = 0.159), medium effect size (d=0.63)"}, {"cityName": "Kaiserslautern", "timestamp": "2021-10", "value": 6.117079353246551e-05, "incidence": 65.02903225806452, "pValue": 0.6836111026407676, "interpretation": "7.4% increase, not statistically significant (p = 0.684), negligible effect size (d=0.20)"}, {"cityName": "Ludwigshafen am Rhein", "timestamp": "2021-10", "value": 0.0001002038479782641, "incidence": 95.3290322580645, "pValue": 0.72076929235747, "interpretation": "9.4% increase, not statistically significant (p = 0.721), negligible effect size (d=0.18)"}, {"cityName": "Mainz", "timestamp": "2021-10", "value": 0.00010066300455946475, "incidence": 73.99354838709677, "pValue": 0.7616429326282028, "interpretation": "6.1% decrease, not statistically significant (p = 0.762), negligible effect size (d=-0.14)"}, {"cityName": "Stuttgart", "timestamp": "2021-10", "value": 8.282742540662487e-05, "incidence": 129.61290322580646, "pValue": 0.9518380942235696, "interpretation": "1.2% increase, not statistically significant (p = 0.952), negligible effect size (d=0.02)"}, {"cityName": "Heilbronn", "timestamp": "2021-10", "value": 7.785898115899827e-05, "incidence": 169.71612903225807, "pValue": 0.4504991313186957, "interpretation": "9.9% decrease, not statistically significant (p = 0.450), small effect size (d=-0.31)"}, {"cityName": "Karlsruhe", "timestamp": "2021-10", "value": 7.937236223369837e-05, "incidence": 100.48387096774194, "pValue": 0.8702997778289163, "interpretation": "3.1% increase, not statistically significant (p = 0.870), negligible effect size (d=0.07)"}, {"cityName": "Heidelberg", "timestamp": "2021-10", "value": 8.152840095327089e-05, "incidence": 49.03870967741935, "pValue": 0.814441117595281, "interpretation": "2.8% decrease, not statistically significant (p = 0.814), negligible effect size (d=-0.10)"}, {"cityName": "Mannheim", "timestamp": "2021-10", "value": 0.00010317919775843621, "incidence": 115.6548387096774, "pValue": 0.34261104136920373, "interpretation": "18.5% increase, not statistically significant (p = 0.343), small effect size (d=0.42)"}, {"cityName": "Pforzheim", "timestamp": "2021-10", "value": 6.174311662713687e-05, "incidence": 244.66451612903225, "pValue": 0.5556726841619749, "interpretation": "9.3% decrease, not statistically significant (p = 0.556), small effect size (d=-0.26)"}, {"cityName": "Freiburg im Breisgau", "timestamp": "2021-10", "value": 5.819929194533163e-05, "incidence": 107.17419354838708, "pValue": 0.17748972753190623, "interpretation": "26.8% increase, not statistically significant (p = 0.177), medium effect size (d=0.56)"}, {"cityName": "Reutlingen", "timestamp": "2021-10", "value": 6.495008710771799e-05, "incidence": 141.32580645161292, "pValue": 0.6701571002816065, "interpretation": "6.3% increase, not statistically significant (p = 0.670), negligible effect size (d=0.17)"}, {"cityName": "Ulm", "timestamp": "2021-10", "value": 7.109252098751695e-05, "incidence": 141.06129032258065, "pValue": 0.02010083233814045, "interpretation": "35.6% increase, significant (p = 0.020), large effect size (d=1.05)"}, {"cityName": "Ingolstadt", "timestamp": "2021-10", "value": 6.764586820888023e-05, "incidence": 137.78709677419354, "pValue": 0.3458916840017263, "interpretation": "15.7% decrease, not statistically significant (p = 0.346), small effect size (d=-0.45)"}, {"cityName": "M\u00fcnchen", "timestamp": "2021-10", "value": 8.09716024937538e-05, "incidence": 147.83548387096775, "pValue": 0.9025033572063115, "interpretation": "2.2% increase, not statistically significant (p = 0.903), negligible effect size (d=0.05)"}, {"cityName": "Regensburg", "timestamp": "2021-10", "value": 6.591192601869503e-05, "incidence": 198.4806451612903, "pValue": 0.22646927409388218, "interpretation": "18.6% decrease, not statistically significant (p = 0.226), medium effect size (d=-0.55)"}, {"cityName": "Erlangen", "timestamp": "2021-10", "value": 6.87340964629714e-05, "incidence": 65.17741935483872, "pValue": 0.658895769707361, "interpretation": "5.8% decrease, not statistically significant (p = 0.659), small effect size (d=-0.23)"}, {"cityName": "F\u00fcrth", "timestamp": "2021-10", "value": 7.043962832540274e-05, "incidence": 135.9741935483871, "pValue": 0.49711849516498874, "interpretation": "10.6% decrease, not statistically significant (p = 0.497), small effect size (d=-0.35)"}, {"cityName": "N\u00fcrnberg", "timestamp": "2021-10", "value": 7.381893440403722e-05, "incidence": 157.10967741935482, "pValue": 0.3713049980941975, "interpretation": "11.2% decrease, not statistically significant (p = 0.371), small effect size (d=-0.45)"}, {"cityName": "W\u00fcrzburg", "timestamp": "2021-10", "value": 6.493780529126525e-05, "incidence": 91.59677419354838, "pValue": 0.9487108873076595, "interpretation": "1.0% decrease, not statistically significant (p = 0.949), negligible effect size (d=-0.03)"}, {"cityName": "Augsburg", "timestamp": "2021-10", "value": 6.462605849194985e-05, "incidence": 134.04193548387096, "pValue": 0.9894740949545434, "interpretation": "0.3% decrease, not statistically significant (p = 0.989), negligible effect size (d=-0.01)"}, {"cityName": "Saarbr\u00fccken", "timestamp": "2021-10", "value": 6.017497895906369e-05, "incidence": 51.75161290322581, "pValue": 0.7282249629767461, "interpretation": "4.6% increase, not statistically significant (p = 0.728), negligible effect size (d=0.15)"}, {"cityName": "Berlin", "timestamp": "2021-10", "value": 7.224514535287531e-05, "incidence": 0.0, "pValue": 0.6736438655242554, "interpretation": "8.7% decrease, not statistically significant (p = 0.674), negligible effect size (d=-0.16)"}, {"cityName": "Cottbus", "timestamp": "2021-10", "value": 6.879573293889944e-05, "incidence": 107.65161290322582, "pValue": 0.8747888018026865, "interpretation": "2.8% decrease, not statistically significant (p = 0.875), negligible effect size (d=-0.08)"}, {"cityName": "Potsdam", "timestamp": "2021-10", "value": 6.026472649810945e-05, "incidence": 78.43870967741935, "pValue": 0.9162421902660486, "interpretation": "2.1% decrease, not statistically significant (p = 0.916), negligible effect size (d=-0.05)"}, {"cityName": "Rostock", "timestamp": "2021-10", "value": 4.704780947191246e-05, "incidence": 67.09677419354838, "pValue": 0.9862468224401613, "interpretation": "0.4% increase, not statistically significant (p = 0.986), negligible effect size (d=0.01)"}, {"cityName": "Chemnitz", "timestamp": "2021-10", "value": 6.0596662323649336e-05, "incidence": 112.87419354838711, "pValue": 0.2771469966916628, "interpretation": "18.6% decrease, not statistically significant (p = 0.277), small effect size (d=-0.49)"}, {"cityName": "Dresden", "timestamp": "2021-10", "value": 7.182324135845357e-05, "incidence": 157.541935483871, "pValue": 0.5394237487205011, "interpretation": "10.2% increase, not statistically significant (p = 0.539), small effect size (d=0.26)"}, {"cityName": "Leipzig", "timestamp": "2021-10", "value": 8.417360082853074e-05, "incidence": 77.80967741935484, "pValue": 0.4792179869750033, "interpretation": "12.2% increase, not statistically significant (p = 0.479), small effect size (d=0.32)"}, {"cityName": "Halle (Saale)", "timestamp": "2021-10", "value": 7.930368398471425e-05, "incidence": 41.238709677419344, "pValue": 0.4954242285524938, "interpretation": "12.5% increase, not statistically significant (p = 0.495), small effect size (d=0.28)"}, {"cityName": "Magdeburg", "timestamp": "2021-10", "value": 6.250717285040177e-05, "incidence": 50.39354838709679, "pValue": 0.6494337577062865, "interpretation": "6.2% decrease, not statistically significant (p = 0.649), negligible effect size (d=-0.19)"}, {"cityName": "Erfurt", "timestamp": "2021-10", "value": 5.691000161335823e-05, "incidence": 173.67096774193547, "pValue": 0.9818958243980378, "interpretation": "0.3% decrease, not statistically significant (p = 0.982), negligible effect size (d=-0.01)"}, {"cityName": "Jena", "timestamp": "2021-10", "value": 5.490632934702767e-05, "incidence": 106.78709677419356, "pValue": 0.2322730236469776, "interpretation": "19.8% decrease, not statistically significant (p = 0.232), medium effect size (d=-0.54)"}]