[{"cityName": "Kiel", "timestamp": "2024-07", "value": 2.694673215349515e-05, "incidence": 13.083870967741932, "pValue": 0.6103651090617639, "interpretation": "6.2% decrease, not statistically significant (p = 0.610), small effect size (d=-0.22)"}, {"cityName": "L\u00fcbeck", "timestamp": "2024-07", "value": 2.4169541171027555e-05, "incidence": 3.5258064516129033, "pValue": 0.5032530658009229, "interpretation": "9.4% decrease, not statistically significant (p = 0.503), small effect size (d=-0.32)"}, {"cityName": "Hamburg", "timestamp": "2024-07", "value": 3.5365301839731355e-05, "incidence": 6.145161290322581, "pValue": 0.10040394338030902, "interpretation": "20.3% decrease, not statistically significant (p = 0.100), medium effect size (d=-0.64)"}, {"cityName": "Braunschweig", "timestamp": "2024-07", "value": 3.488297464654726e-05, "incidence": 4.735483870967743, "pValue": 0.11578603335626345, "interpretation": "14.4% decrease, not statistically significant (p = 0.116), medium effect size (d=-0.76)"}, {"cityName": "Salzgitter", "timestamp": "2024-07", "value": 3.0526440241374075e-05, "incidence": 4.5935483870967735, "pValue": 0.01655940249960315, "interpretation": "31.7% decrease, significant (p = 0.017), large effect size (d=-1.19)"}, {"cityName": "Wolfsburg", "timestamp": "2024-07", "value": 2.9970064612203523e-05, "incidence": 3.1516129032258062, "pValue": 0.07046403292142109, "interpretation": "20.6% decrease, not statistically significant (p = 0.070), medium effect size (d=-0.76)"}, {"cityName": "G\u00f6ttingen", "timestamp": "2024-07", "value": 2.7461307278523844e-05, "incidence": 5.8677419354838705, "pValue": 0.4636319592446485, "interpretation": "9.6% decrease, not statistically significant (p = 0.464), small effect size (d=-0.37)"}, {"cityName": "Hannover", "timestamp": "2024-07", "value": 3.0414133920873466e-05, "incidence": 8.048387096774194, "pValue": 0.0227796775595247, "interpretation": "27.6% decrease, significant (p = 0.023), large effect size (d=-1.05)"}, {"cityName": "Hildesheim", "timestamp": "2024-07", "value": 2.646375522839234e-05, "incidence": 4.7612903225806456, "pValue": 0.5800394763706798, "interpretation": "11.9% decrease, not statistically significant (p = 0.580), small effect size (d=-0.29)"}, {"cityName": "Oldenburg (Oldb)", "timestamp": "2024-07", "value": 2.342760853935033e-05, "incidence": 6.345161290322582, "pValue": 0.002389973023833256, "interpretation": "44.9% decrease, very significant (p < 0.01), large effect size (d=-2.58)"}, {"cityName": "Osnabr\u00fcck", "timestamp": "2024-07", "value": 2.717876552858136e-05, "incidence": 5.303225806451613, "pValue": 3.084891276392775e-05, "interpretation": "46.0% decrease, highly significant (p < 0.001), large effect size (d=-2.85)"}, {"cityName": "Bremen", "timestamp": "2024-07", "value": 3.1228585657281955e-05, "incidence": 3.9193548387096775, "pValue": 0.004123515302982141, "interpretation": "33.3% decrease, very significant (p < 0.01), large effect size (d=-1.30)"}, {"cityName": "Bremerhaven", "timestamp": "2024-07", "value": 2.9027127311564982e-05, "incidence": 1.854838709677419, "pValue": 0.1395049954367616, "interpretation": "23.5% decrease, not statistically significant (p = 0.140), medium effect size (d=-0.71)"}, {"cityName": "D\u00fcsseldorf", "timestamp": "2024-07", "value": 4.594722228897054e-05, "incidence": 8.561290322580644, "pValue": 7.403729338951098e-05, "interpretation": "61.3% decrease, highly significant (p < 0.001), large effect size (d=-2.12)"}, {"cityName": "Duisburg", "timestamp": "2024-07", "value": 5.803043500353128e-05, "incidence": 6.451612903225806, "pValue": 0.0003917357736120947, "interpretation": "46.9% decrease, highly significant (p < 0.001), large effect size (d=-1.88)"}, {"cityName": "Essen", "timestamp": "2024-07", "value": 4.2477127116842145e-05, "incidence": 8.412903225806453, "pValue": 1.190504195663398e-05, "interpretation": "54.2% decrease, highly significant (p < 0.001), large effect size (d=-2.39)"}, {"cityName": "Krefeld", "timestamp": "2024-07", "value": 4.135610876031793e-05, "incidence": 5.370967741935484, "pValue": 0.003953686821960318, "interpretation": "58.2% decrease, very significant (p < 0.01), large effect size (d=-1.43)"}, {"cityName": "M\u00f6nchengladbach", "timestamp": "2024-07", "value": 3.849771194930734e-05, "incidence": 3.470967741935483, "pValue": 0.004921501941433542, "interpretation": "63.8% decrease, very significant (p < 0.01), large effect size (d=-1.48)"}, {"cityName": "M\u00fclheim an der Ruhr", "timestamp": "2024-07", "value": 4.425484156753454e-05, "incidence": 14.051612903225806, "pValue": 0.0008720353391349102, "interpretation": "54.6% decrease, highly significant (p < 0.001), large effect size (d=-1.92)"}, {"cityName": "Oberhausen", "timestamp": "2024-07", "value": 5.374918244062708e-05, "incidence": 5.867741935483869, "pValue": 0.00024566101201492176, "interpretation": "51.6% decrease, highly significant (p < 0.001), large effect size (d=-2.32)"}, {"cityName": "Remscheid", "timestamp": "2024-07", "value": 2.8962684640040002e-05, "incidence": 4.95483870967742, "pValue": 0.02671168038367146, "interpretation": "64.5% decrease, significant (p = 0.027), large effect size (d=-1.50)"}, {"cityName": "Solingen", "timestamp": "2024-07", "value": 3.1801144359633327e-05, "incidence": 7.61290322580645, "pValue": 0.003910677908394063, "interpretation": "61.8% decrease, very significant (p < 0.01), large effect size (d=-1.65)"}, {"cityName": "Wuppertal", "timestamp": "2024-07", "value": 3.299184350503815e-05, "incidence": 9.525806451612901, "pValue": 0.011252788176162223, "interpretation": "58.2% decrease, significant (p = 0.011), large effect size (d=-1.62)"}, {"cityName": "Neuss", "timestamp": "2024-07", "value": 4.0623526729177684e-05, "incidence": 8.983870967741938, "pValue": 0.0015469605118836414, "interpretation": "67.1% decrease, very significant (p < 0.01), large effect size (d=-1.67)"}, {"cityName": "Moers", "timestamp": "2024-07", "value": 4.8626210108133296e-05, "incidence": 5.7870967741935475, "pValue": 0.005673056256913593, "interpretation": "51.4% decrease, very significant (p < 0.01), large effect size (d=-1.40)"}, {"cityName": "Bonn", "timestamp": "2024-07", "value": 3.663555517877367e-05, "incidence": 7.248387096774194, "pValue": 0.027483074371206857, "interpretation": "57.5% decrease, significant (p = 0.027), large effect size (d=-1.11)"}, {"cityName": "K\u00f6ln", "timestamp": "2024-07", "value": 4.542775180501243e-05, "incidence": 5.448387096774193, "pValue": 0.00047848113395909236, "interpretation": "59.7% decrease, highly significant (p < 0.001), large effect size (d=-1.84)"}, {"cityName": "Leverkusen", "timestamp": "2024-07", "value": 4.604789622438451e-05, "incidence": 8.193548387096772, "pValue": 0.005938280651216063, "interpretation": "52.9% decrease, very significant (p < 0.01), large effect size (d=-1.80)"}, {"cityName": "Aachen", "timestamp": "2024-07", "value": 3.043228182299384e-05, "incidence": 6.867741935483871, "pValue": 0.013562207102454064, "interpretation": "48.2% decrease, significant (p = 0.014), large effect size (d=-1.41)"}, {"cityName": "Bergisch Gladbach", "timestamp": "2024-07", "value": 3.4154727472923696e-05, "incidence": 3.8483870967741933, "pValue": 0.03015385144763983, "interpretation": "63.7% decrease, significant (p = 0.030), large effect size (d=-1.42)"}, {"cityName": "Bottrop", "timestamp": "2024-07", "value": 5.2146469790707616e-05, "incidence": 16.30645161290322, "pValue": 0.001220678344816023, "interpretation": "48.2% decrease, very significant (p < 0.01), large effect size (d=-1.78)"}, {"cityName": "Gelsenkirchen", "timestamp": "2024-07", "value": 5.413522697327768e-05, "incidence": 12.699999999999998, "pValue": 0.008229625507687098, "interpretation": "41.8% decrease, very significant (p < 0.01), large effect size (d=-1.48)"}, {"cityName": "M\u00fcnster", "timestamp": "2024-07", "value": 3.3125150621983045e-05, "incidence": 6.625806451612903, "pValue": 0.0071555117388964334, "interpretation": "30.1% decrease, very significant (p < 0.01), large effect size (d=-1.33)"}, {"cityName": "Recklinghausen", "timestamp": "2024-07", "value": 4.0753462459318915e-05, "incidence": 9.225806451612904, "pValue": 0.0010776032826095693, "interpretation": "51.4% decrease, very significant (p < 0.01), large effect size (d=-2.16)"}, {"cityName": "Bielefeld", "timestamp": "2024-07", "value": 3.011339867953211e-05, "incidence": 5.841935483870969, "pValue": 0.016498343708769805, "interpretation": "26.1% decrease, significant (p = 0.016), large effect size (d=-1.12)"}, {"cityName": "G\u00fctersloh", "timestamp": "2024-07", "value": 3.206239198334515e-05, "incidence": 4.0838709677419365, "pValue": 0.02450001283659051, "interpretation": "26.6% decrease, significant (p = 0.025), large effect size (d=-1.21)"}, {"cityName": "Paderborn", "timestamp": "2024-07", "value": 2.7484713017099325e-05, "incidence": 1.8483870967741938, "pValue": 0.016196179182637736, "interpretation": "42.0% decrease, significant (p = 0.016), large effect size (d=-1.12)"}, {"cityName": "Bochum", "timestamp": "2024-07", "value": 4.12869364178429e-05, "incidence": 10.79354838709677, "pValue": 2.2423348836436386e-05, "interpretation": "48.7% decrease, highly significant (p < 0.001), large effect size (d=-2.55)"}, {"cityName": "Dortmund", "timestamp": "2024-07", "value": 4.278158075084873e-05, "incidence": 7.4225806451612915, "pValue": 0.0002537431830860887, "interpretation": "51.2% decrease, highly significant (p < 0.001), large effect size (d=-2.20)"}, {"cityName": "Hagen", "timestamp": "2024-07", "value": 3.0404548883309652e-05, "incidence": 7.070967741935483, "pValue": 0.0008332449000409048, "interpretation": "57.7% decrease, highly significant (p < 0.001), large effect size (d=-2.13)"}, {"cityName": "Hamm", "timestamp": "2024-07", "value": 3.5275314335844345e-05, "incidence": 3.6612903225806455, "pValue": 0.0019922720961485993, "interpretation": "42.9% decrease, very significant (p < 0.01), large effect size (d=-1.81)"}, {"cityName": "Herne", "timestamp": "2024-07", "value": 4.7964518307708205e-05, "incidence": 8.593548387096773, "pValue": 0.0015682255774257957, "interpretation": "45.0% decrease, very significant (p < 0.01), large effect size (d=-1.95)"}, {"cityName": "Siegen", "timestamp": "2024-07", "value": 2.7514679823070763e-05, "incidence": 3.790322580645162, "pValue": 0.05737772579098571, "interpretation": "35.6% decrease, not statistically significant (p = 0.057), large effect size (d=-1.04)"}, {"cityName": "Darmstadt", "timestamp": "2024-07", "value": 4.364123081111095e-05, "incidence": 4.648387096774193, "pValue": 0.08923888148102721, "interpretation": "20.4% decrease, not statistically significant (p = 0.089), medium effect size (d=-0.67)"}, {"cityName": "Frankfurt am Main", "timestamp": "2024-07", "value": 5.574068266221068e-05, "incidence": 6.312903225806453, "pValue": 0.008753452022634153, "interpretation": "25.1% decrease, very significant (p < 0.01), large effect size (d=-1.03)"}, {"cityName": "Offenbach am Main", "timestamp": "2024-07", "value": 4.9855030903762035e-05, "incidence": 8.816129032258061, "pValue": 0.05180034158166125, "interpretation": "25.4% decrease, not statistically significant (p = 0.052), large effect size (d=-0.86)"}, {"cityName": "Wiesbaden", "timestamp": "2024-07", "value": 4.253441390270988e-05, "incidence": 4.780645161290322, "pValue": 0.00938443748110227, "interpretation": "23.6% decrease, very significant (p < 0.01), large effect size (d=-1.06)"}, {"cityName": "Hanau", "timestamp": "2024-07", "value": 4.066189285367727e-05, "incidence": 5.893548387096773, "pValue": 0.05366104452300808, "interpretation": "29.2% decrease, not statistically significant (p = 0.054), large effect size (d=-0.84)"}, {"cityName": "Kassel", "timestamp": "2024-07", "value": 2.620137982173926e-05, "incidence": 6.103225806451615, "pValue": 0.01015659580201007, "interpretation": "36.8% decrease, significant (p = 0.010), large effect size (d=-1.33)"}, {"cityName": "Koblenz", "timestamp": "2024-07", "value": 3.0516540088380378e-05, "incidence": 7.854838709677417, "pValue": 0.0019805259913548636, "interpretation": "44.3% decrease, very significant (p < 0.01), large effect size (d=-1.38)"}, {"cityName": "Trier", "timestamp": "2024-07", "value": 2.2035071742720903e-05, "incidence": 7.841935483870968, "pValue": 0.0002496105988731077, "interpretation": "50.2% decrease, highly significant (p < 0.001), large effect size (d=-1.54)"}, {"cityName": "Kaiserslautern", "timestamp": "2024-07", "value": 2.401255411454118e-05, "incidence": 5.36451612903226, "pValue": 0.004706698012468941, "interpretation": "29.5% decrease, very significant (p < 0.01), large effect size (d=-1.38)"}, {"cityName": "Ludwigshafen am Rhein", "timestamp": "2024-07", "value": 4.17370320064947e-05, "incidence": 3.1612903225806446, "pValue": 4.957966344562534e-05, "interpretation": "43.7% decrease, highly significant (p < 0.001), large effect size (d=-1.67)"}, {"cityName": "Mainz", "timestamp": "2024-07", "value": 3.7333993532229215e-05, "incidence": 7.903225806451611, "pValue": 0.0005680402305340684, "interpretation": "38.2% decrease, highly significant (p < 0.001), large effect size (d=-1.45)"}, {"cityName": "Stuttgart", "timestamp": "2024-07", "value": 3.1305638711071675e-05, "incidence": 5.83225806451613, "pValue": 0.002307362424254873, "interpretation": "37.7% decrease, very significant (p < 0.01), large effect size (d=-1.46)"}, {"cityName": "Heilbronn", "timestamp": "2024-07", "value": 2.868998045515683e-05, "incidence": 4.051612903225807, "pValue": 0.0008154887325833276, "interpretation": "34.0% decrease, highly significant (p < 0.001), large effect size (d=-1.45)"}, {"cityName": "Karlsruhe", "timestamp": "2024-07", "value": 3.399229220425089e-05, "incidence": 3.483870967741935, "pValue": 0.0009890700837255192, "interpretation": "29.3% decrease, highly significant (p < 0.001), large effect size (d=-1.30)"}, {"cityName": "Heidelberg", "timestamp": "2024-07", "value": 3.167392232602364e-05, "incidence": 4.97741935483871, "pValue": 0.00040616087183312563, "interpretation": "46.1% decrease, highly significant (p < 0.001), large effect size (d=-1.47)"}, {"cityName": "Mannheim", "timestamp": "2024-07", "value": 4.277921281754971e-05, "incidence": 4.187096774193549, "pValue": 3.2215627923559897e-06, "interpretation": "47.6% decrease, highly significant (p < 0.001), large effect size (d=-2.06)"}, {"cityName": "Pforzheim", "timestamp": "2024-07", "value": 2.7549698845379884e-05, "incidence": 2.1161290322580637, "pValue": 0.0439556058673372, "interpretation": "23.6% decrease, significant (p = 0.044), large effect size (d=-0.84)"}, {"cityName": "Freiburg im Breisgau", "timestamp": "2024-07", "value": 2.559146809357184e-05, "incidence": 7.767741935483872, "pValue": 0.037272072136316725, "interpretation": "18.0% decrease, significant (p = 0.037), medium effect size (d=-0.72)"}, {"cityName": "Reutlingen", "timestamp": "2024-07", "value": 2.4734436010476202e-05, "incidence": 4.522580645161291, "pValue": 0.005359311099036489, "interpretation": "31.4% decrease, very significant (p < 0.01), large effect size (d=-1.31)"}, {"cityName": "Ulm", "timestamp": "2024-07", "value": 2.8412608356264075e-05, "incidence": 8.841935483870968, "pValue": 0.01140162282684295, "interpretation": "22.1% decrease, significant (p = 0.011), large effect size (d=-1.27)"}, {"cityName": "Ingolstadt", "timestamp": "2024-07", "value": 2.9263135123377044e-05, "incidence": 3.0354838709677403, "pValue": 0.15628555576905728, "interpretation": "16.9% decrease, not statistically significant (p = 0.156), medium effect size (d=-0.60)"}, {"cityName": "M\u00fcnchen", "timestamp": "2024-07", "value": 3.154210459727507e-05, "incidence": 5.541935483870966, "pValue": 0.0033095607051369415, "interpretation": "34.9% decrease, very significant (p < 0.01), large effect size (d=-1.50)"}, {"cityName": "Regensburg", "timestamp": "2024-07", "value": 2.975938841700554e-05, "incidence": 5.851612903225807, "pValue": 0.018650423271377555, "interpretation": "20.2% decrease, significant (p = 0.019), large effect size (d=-1.12)"}, {"cityName": "Erlangen", "timestamp": "2024-07", "value": 3.113736498302647e-05, "incidence": 4.8516129032258055, "pValue": 0.3917277335368937, "interpretation": "10.6% decrease, not statistically significant (p = 0.392), small effect size (d=-0.41)"}, {"cityName": "F\u00fcrth", "timestamp": "2024-07", "value": 3.033281536772847e-05, "incidence": 4.283870967741935, "pValue": 0.06426659111376372, "interpretation": "19.2% decrease, not statistically significant (p = 0.064), large effect size (d=-0.94)"}, {"cityName": "N\u00fcrnberg", "timestamp": "2024-07", "value": 3.225873506656199e-05, "incidence": 3.870967741935484, "pValue": 0.004056425465697056, "interpretation": "24.1% decrease, very significant (p < 0.01), large effect size (d=-1.39)"}, {"cityName": "W\u00fcrzburg", "timestamp": "2024-07", "value": 2.9550621547969058e-05, "incidence": 4.33225806451613, "pValue": 0.00169607774547657, "interpretation": "28.4% decrease, very significant (p < 0.01), large effect size (d=-1.26)"}, {"cityName": "Augsburg", "timestamp": "2024-07", "value": 2.9269283494124047e-05, "incidence": 3.9645161290322575, "pValue": 0.026855385463160564, "interpretation": "23.3% decrease, significant (p = 0.027), large effect size (d=-0.95)"}, {"cityName": "Saarbr\u00fccken", "timestamp": "2024-07", "value": 2.354552464870115e-05, "incidence": 3.3096774193548395, "pValue": 0.0034640110157933956, "interpretation": "36.9% decrease, very significant (p < 0.01), large effect size (d=-1.13)"}, {"cityName": "Berlin", "timestamp": "2024-07", "value": 3.154936428295403e-05, "incidence": 0.0, "pValue": 0.022723997916988443, "interpretation": "24.5% decrease, significant (p = 0.023), large effect size (d=-0.89)"}, {"cityName": "Cottbus", "timestamp": "2024-07", "value": 2.9900415728871638e-05, "incidence": 3.0, "pValue": 0.03938161746182906, "interpretation": "32.2% decrease, significant (p = 0.039), large effect size (d=-1.06)"}, {"cityName": "Potsdam", "timestamp": "2024-07", "value": 2.7975000728688694e-05, "incidence": 3.3483870967741938, "pValue": 0.249785553245021, "interpretation": "17.0% decrease, not statistically significant (p = 0.250), medium effect size (d=-0.52)"}, {"cityName": "Rostock", "timestamp": "2024-07", "value": 2.2471981179533582e-05, "incidence": 5.819354838709676, "pValue": 0.02060508780096698, "interpretation": "26.7% decrease, significant (p = 0.021), large effect size (d=-0.95)"}, {"cityName": "Chemnitz", "timestamp": "2024-07", "value": 2.8733516157400317e-05, "incidence": 5.725806451612904, "pValue": 0.046506122075588054, "interpretation": "22.9% decrease, significant (p = 0.047), large effect size (d=-0.92)"}, {"cityName": "Dresden", "timestamp": "2024-07", "value": 3.751774149184877e-05, "incidence": 3.9645161290322584, "pValue": 0.1916044306055955, "interpretation": "14.1% decrease, not statistically significant (p = 0.192), medium effect size (d=-0.57)"}, {"cityName": "Leipzig", "timestamp": "2024-07", "value": 3.449015282824928e-05, "incidence": 8.645161290322578, "pValue": 0.009704577322341704, "interpretation": "25.0% decrease, very significant (p < 0.01), large effect size (d=-1.17)"}, {"cityName": "Halle (Saale)", "timestamp": "2024-07", "value": 3.595863139101615e-05, "incidence": 5.393548387096775, "pValue": 0.4742603648337229, "interpretation": "8.5% decrease, not statistically significant (p = 0.474), small effect size (d=-0.30)"}, {"cityName": "Magdeburg", "timestamp": "2024-07", "value": 2.9879769212321232e-05, "incidence": 7.516129032258063, "pValue": 0.1295647932337606, "interpretation": "16.4% decrease, not statistically significant (p = 0.130), medium effect size (d=-0.60)"}, {"cityName": "Erfurt", "timestamp": "2024-07", "value": 2.545545353217328e-05, "incidence": 2.3967741935483864, "pValue": 0.005404893554991419, "interpretation": "28.6% decrease, very significant (p < 0.01), large effect size (d=-1.24)"}, {"cityName": "Jena", "timestamp": "2024-07", "value": 2.7554394263360235e-05, "incidence": 3.193548387096774, "pValue": 0.7063657230374136, "interpretation": "5.7% decrease, not statistically significant (p = 0.706), negligible effect size (d=-0.19)"}]