[{"cityName": "Kiel", "timestamp": "2020-09", "value": 4.527896609423416e-05, "incidence": 3.1199999999999997, "pValue": 0.10030539450815382, "interpretation": "35.5% increase, not statistically significant (p = 0.100), medium effect size (d=0.66)"}, {"cityName": "L\u00fcbeck", "timestamp": "2020-09", "value": 5.5885796124736466e-05, "incidence": 6.493333333333334, "pValue": 0.19344060666023086, "interpretation": "42.0% increase, not statistically significant (p = 0.193), medium effect size (d=0.69)"}, {"cityName": "Hamburg", "timestamp": "2020-09", "value": 6.889386309517754e-05, "incidence": 18.676666666666662, "pValue": 0.3037906079102246, "interpretation": "17.6% increase, not statistically significant (p = 0.304), small effect size (d=0.39)"}, {"cityName": "Braunschweig", "timestamp": "2020-09", "value": 5.4175462162889104e-05, "incidence": 6.5233333333333325, "pValue": 0.5551322293915391, "interpretation": "6.5% decrease, not statistically significant (p = 0.555), small effect size (d=-0.24)"}, {"cityName": "Salzgitter", "timestamp": "2020-09", "value": 4.971753223799169e-05, "incidence": 11.486666666666666, "pValue": 0.33987964561686435, "interpretation": "7.6% decrease, not statistically significant (p = 0.340), small effect size (d=-0.35)"}, {"cityName": "Wolfsburg", "timestamp": "2020-09", "value": 5.596501777242673e-05, "incidence": 5.046666666666666, "pValue": 0.2938413000034838, "interpretation": "13.9% decrease, not statistically significant (p = 0.294), small effect size (d=-0.45)"}, {"cityName": "G\u00f6ttingen", "timestamp": "2020-09", "value": 4.412140420061492e-05, "incidence": 5.659999999999999, "pValue": 0.24127536183334242, "interpretation": "11.6% decrease, not statistically significant (p = 0.241), small effect size (d=-0.48)"}, {"cityName": "Hannover", "timestamp": "2020-09", "value": 6.603551905994352e-05, "incidence": 17.263333333333332, "pValue": 0.6801487196531963, "interpretation": "4.7% decrease, not statistically significant (p = 0.680), negligible effect size (d=-0.17)"}, {"cityName": "Hildesheim", "timestamp": "2020-09", "value": 4.5993536546388094e-05, "incidence": 6.353333333333334, "pValue": 0.340047878518826, "interpretation": "10.8% decrease, not statistically significant (p = 0.340), small effect size (d=-0.39)"}, {"cityName": "Oldenburg (Oldb)", "timestamp": "2020-09", "value": 5.612018867395818e-05, "incidence": 8.533333333333333, "pValue": 0.03992513541177748, "interpretation": "31.8% increase, significant (p = 0.040), large effect size (d=1.05)"}, {"cityName": "Osnabr\u00fcck", "timestamp": "2020-09", "value": 8.288888387720694e-05, "incidence": 16.94, "pValue": 0.2049703345949874, "interpretation": "23.7% increase, not statistically significant (p = 0.205), medium effect size (d=0.53)"}, {"cityName": "Bremen", "timestamp": "2020-09", "value": 6.747653433045403e-05, "incidence": 14.82, "pValue": 0.0641707170096511, "interpretation": "31.8% increase, not statistically significant (p = 0.064), medium effect size (d=0.74)"}, {"cityName": "Bremerhaven", "timestamp": "2020-09", "value": 5.709053116983601e-05, "incidence": 4.623333333333334, "pValue": 0.012033504520161355, "interpretation": "65.8% increase, significant (p = 0.012), large effect size (d=1.27)"}, {"cityName": "D\u00fcsseldorf", "timestamp": "2020-09", "value": 0.000148912516945019, "incidence": 18.64333333333333, "pValue": 0.14705227495698334, "interpretation": "32.6% increase, not statistically significant (p = 0.147), medium effect size (d=0.54)"}, {"cityName": "Duisburg", "timestamp": "2020-09", "value": 0.00015347996631111854, "incidence": 16.71333333333333, "pValue": 0.41547815283734746, "interpretation": "16.5% increase, not statistically significant (p = 0.415), small effect size (d=0.31)"}, {"cityName": "Essen", "timestamp": "2020-09", "value": 0.00015554269059346273, "incidence": 15.58, "pValue": 0.23847716981448686, "interpretation": "28.0% increase, not statistically significant (p = 0.238), small effect size (d=0.49)"}, {"cityName": "Krefeld", "timestamp": "2020-09", "value": 0.00013534753368451045, "incidence": 17.35666666666667, "pValue": 0.8527610295334573, "interpretation": "3.9% increase, not statistically significant (p = 0.853), negligible effect size (d=0.07)"}, {"cityName": "M\u00f6nchengladbach", "timestamp": "2020-09", "value": 0.00010906217684005869, "incidence": 9.386666666666665, "pValue": 0.5735252348493831, "interpretation": "11.8% increase, not statistically significant (p = 0.574), small effect size (d=0.22)"}, {"cityName": "M\u00fclheim an der Ruhr", "timestamp": "2020-09", "value": 0.00014541064026869007, "incidence": 22.460000000000004, "pValue": 0.4316575298124127, "interpretation": "14.7% increase, not statistically significant (p = 0.432), small effect size (d=0.32)"}, {"cityName": "Oberhausen", "timestamp": "2020-09", "value": 0.00015705528382498486, "incidence": 11.033333333333333, "pValue": 0.45865847382441216, "interpretation": "17.1% increase, not statistically significant (p = 0.459), small effect size (d=0.31)"}, {"cityName": "Remscheid", "timestamp": "2020-09", "value": 8.724532090127468e-05, "incidence": 31.633333333333326, "pValue": 0.5722026173173764, "interpretation": "10.7% increase, not statistically significant (p = 0.572), small effect size (d=0.25)"}, {"cityName": "Solingen", "timestamp": "2020-09", "value": 0.00013024448708165437, "incidence": 23.939999999999998, "pValue": 0.22672056330482376, "interpretation": "38.4% increase, not statistically significant (p = 0.227), medium effect size (d=0.52)"}, {"cityName": "Wuppertal", "timestamp": "2020-09", "value": 0.00010670073054454945, "incidence": 19.470000000000006, "pValue": 0.7272569310566344, "interpretation": "7.1% increase, not statistically significant (p = 0.727), negligible effect size (d=0.14)"}, {"cityName": "Neuss", "timestamp": "2020-09", "value": 0.00014308872050605714, "incidence": 11.01, "pValue": 0.29859439158310214, "interpretation": "22.3% increase, not statistically significant (p = 0.299), small effect size (d=0.42)"}, {"cityName": "Moers", "timestamp": "2020-09", "value": 0.00014041033240833452, "incidence": 9.02, "pValue": 0.7513792738459022, "interpretation": "8.0% increase, not statistically significant (p = 0.751), negligible effect size (d=0.13)"}, {"cityName": "Bonn", "timestamp": "2020-09", "value": 8.060830772261728e-05, "incidence": 14.873333333333333, "pValue": 0.23706913919552441, "interpretation": "16.3% decrease, not statistically significant (p = 0.237), small effect size (d=-0.47)"}, {"cityName": "K\u00f6ln", "timestamp": "2020-09", "value": 0.00013465189840644598, "incidence": 27.049999999999994, "pValue": 0.5265709337747249, "interpretation": "12.0% increase, not statistically significant (p = 0.527), small effect size (d=0.23)"}, {"cityName": "Leverkusen", "timestamp": "2020-09", "value": 0.0001452418703896304, "incidence": 20.143333333333334, "pValue": 0.17471519294203747, "interpretation": "33.1% increase, not statistically significant (p = 0.175), medium effect size (d=0.55)"}, {"cityName": "Aachen", "timestamp": "2020-09", "value": 8.682251490395644e-05, "incidence": 14.263333333333339, "pValue": 0.038007040240696566, "interpretation": "58.2% increase, significant (p = 0.038), large effect size (d=0.80)"}, {"cityName": "Bergisch Gladbach", "timestamp": "2020-09", "value": 9.415217209607363e-05, "incidence": 9.83, "pValue": 0.3114124953886873, "interpretation": "21.6% decrease, not statistically significant (p = 0.311), small effect size (d=-0.45)"}, {"cityName": "Bottrop", "timestamp": "2020-09", "value": 0.00014143346754067084, "incidence": 9.319999999999999, "pValue": 0.7041396154248811, "interpretation": "8.2% increase, not statistically significant (p = 0.704), negligible effect size (d=0.15)"}, {"cityName": "Gelsenkirchen", "timestamp": "2020-09", "value": 0.00015699112897410114, "incidence": 25.723333333333343, "pValue": 0.43647194359983077, "interpretation": "20.0% increase, not statistically significant (p = 0.436), small effect size (d=0.32)"}, {"cityName": "M\u00fcnster", "timestamp": "2020-09", "value": 0.00010107527895454775, "incidence": 8.73, "pValue": 0.17314643816599215, "interpretation": "40.3% increase, not statistically significant (p = 0.173), medium effect size (d=0.52)"}, {"cityName": "Recklinghausen", "timestamp": "2020-09", "value": 0.00013848580420017242, "incidence": 12.763333333333332, "pValue": 0.9701053774681981, "interpretation": "1.0% increase, not statistically significant (p = 0.970), negligible effect size (d=0.01)"}, {"cityName": "Bielefeld", "timestamp": "2020-09", "value": 7.239621481858194e-05, "incidence": 10.163333333333332, "pValue": 0.9922128375231536, "interpretation": "0.1% decrease, not statistically significant (p = 0.992), negligible effect size (d=-0.00)"}, {"cityName": "G\u00fctersloh", "timestamp": "2020-09", "value": 7.482647779397667e-05, "incidence": 9.04, "pValue": 0.673055203430859, "interpretation": "6.7% increase, not statistically significant (p = 0.673), negligible effect size (d=0.16)"}, {"cityName": "Paderborn", "timestamp": "2020-09", "value": 6.169571180737788e-05, "incidence": 5.1033333333333335, "pValue": 0.9484276535195353, "interpretation": "1.1% decrease, not statistically significant (p = 0.948), negligible effect size (d=-0.03)"}, {"cityName": "Bochum", "timestamp": "2020-09", "value": 0.00014918044325895607, "incidence": 16.463333333333335, "pValue": 0.3873129467439632, "interpretation": "20.5% increase, not statistically significant (p = 0.387), small effect size (d=0.36)"}, {"cityName": "Dortmund", "timestamp": "2020-09", "value": 0.00012962766649091944, "incidence": 14.33333333333333, "pValue": 0.4403226525202404, "interpretation": "20.9% increase, not statistically significant (p = 0.440), small effect size (d=0.31)"}, {"cityName": "Hagen", "timestamp": "2020-09", "value": 9.848757101030185e-05, "incidence": 15.983333333333336, "pValue": 0.5828060844297264, "interpretation": "10.0% increase, not statistically significant (p = 0.583), small effect size (d=0.24)"}, {"cityName": "Hamm", "timestamp": "2020-09", "value": 9.995470533058757e-05, "incidence": 37.40333333333333, "pValue": 0.8771085999476294, "interpretation": "3.3% increase, not statistically significant (p = 0.877), negligible effect size (d=0.06)"}, {"cityName": "Herne", "timestamp": "2020-09", "value": 0.00015053992392495276, "incidence": 14.459999999999999, "pValue": 0.16889777686763943, "interpretation": "33.5% increase, not statistically significant (p = 0.169), medium effect size (d=0.58)"}, {"cityName": "Siegen", "timestamp": "2020-09", "value": 5.3034257143735884e-05, "incidence": 15.513333333333337, "pValue": 0.5451900880711573, "interpretation": "8.0% increase, not statistically significant (p = 0.545), small effect size (d=0.28)"}, {"cityName": "Darmstadt", "timestamp": "2020-09", "value": 7.413550470532341e-05, "incidence": 11.876666666666665, "pValue": 0.2400056636051143, "interpretation": "12.7% decrease, not statistically significant (p = 0.240), small effect size (d=-0.46)"}, {"cityName": "Frankfurt am Main", "timestamp": "2020-09", "value": 8.707591967487878e-05, "incidence": 21.509999999999998, "pValue": 0.05612918501803738, "interpretation": "22.5% decrease, not statistically significant (p = 0.056), medium effect size (d=-0.71)"}, {"cityName": "Offenbach am Main", "timestamp": "2020-09", "value": 8.105927422134714e-05, "incidence": 18.21333333333333, "pValue": 0.1712745229052194, "interpretation": "16.0% decrease, not statistically significant (p = 0.171), medium effect size (d=-0.53)"}, {"cityName": "Wiesbaden", "timestamp": "2020-09", "value": 8.107785187247727e-05, "incidence": 16.689999999999998, "pValue": 0.9210777929296297, "interpretation": "1.3% decrease, not statistically significant (p = 0.921), negligible effect size (d=-0.04)"}, {"cityName": "Hanau", "timestamp": "2020-09", "value": 7.002214148927193e-05, "incidence": 13.003333333333332, "pValue": 0.12312582480819274, "interpretation": "17.8% decrease, not statistically significant (p = 0.123), medium effect size (d=-0.61)"}, {"cityName": "Kassel", "timestamp": "2020-09", "value": 5.737708933237526e-05, "incidence": 7.443333333333336, "pValue": 0.4985499743330184, "interpretation": "7.1% decrease, not statistically significant (p = 0.499), small effect size (d=-0.28)"}, {"cityName": "Koblenz", "timestamp": "2020-09", "value": 7.017669526653158e-05, "incidence": 4.8, "pValue": 0.5626731600350738, "interpretation": "6.1% increase, not statistically significant (p = 0.563), small effect size (d=0.22)"}, {"cityName": "Trier", "timestamp": "2020-09", "value": 5.819883663207293e-05, "incidence": 8.903333333333332, "pValue": 0.19698459298943438, "interpretation": "15.0% increase, not statistically significant (p = 0.197), medium effect size (d=0.52)"}, {"cityName": "Kaiserslautern", "timestamp": "2020-09", "value": 4.8593913491528765e-05, "incidence": 9.946666666666665, "pValue": 0.3535654887685318, "interpretation": "11.3% decrease, not statistically significant (p = 0.354), small effect size (d=-0.40)"}, {"cityName": "Ludwigshafen am Rhein", "timestamp": "2020-09", "value": 0.00010084015472481649, "incidence": 16.26, "pValue": 0.5130858326713621, "interpretation": "11.0% increase, not statistically significant (p = 0.513), small effect size (d=0.25)"}, {"cityName": "Mainz", "timestamp": "2020-09", "value": 8.444748527836055e-05, "incidence": 22.136666666666663, "pValue": 0.4501231686201478, "interpretation": "9.7% increase, not statistically significant (p = 0.450), small effect size (d=0.27)"}, {"cityName": "Stuttgart", "timestamp": "2020-09", "value": 6.551384770621856e-05, "incidence": 26.686666666666667, "pValue": 0.418986972812629, "interpretation": "9.4% decrease, not statistically significant (p = 0.419), small effect size (d=-0.32)"}, {"cityName": "Heilbronn", "timestamp": "2020-09", "value": 5.999246301750342e-05, "incidence": 23.013333333333332, "pValue": 0.8384018878835795, "interpretation": "2.8% increase, not statistically significant (p = 0.838), negligible effect size (d=0.09)"}, {"cityName": "Karlsruhe", "timestamp": "2020-09", "value": 6.667122555275758e-05, "incidence": 10.546666666666665, "pValue": 0.4729156578288405, "interpretation": "8.5% decrease, not statistically significant (p = 0.473), small effect size (d=-0.27)"}, {"cityName": "Heidelberg", "timestamp": "2020-09", "value": 6.616942731565551e-05, "incidence": 17.646666666666665, "pValue": 0.46470882037504024, "interpretation": "11.4% increase, not statistically significant (p = 0.465), small effect size (d=0.31)"}, {"cityName": "Mannheim", "timestamp": "2020-09", "value": 0.00010229803621768951, "incidence": 24.38, "pValue": 0.5403689133793035, "interpretation": "10.8% increase, not statistically significant (p = 0.540), small effect size (d=0.24)"}, {"cityName": "Pforzheim", "timestamp": "2020-09", "value": 5.028589576896694e-05, "incidence": 15.81, "pValue": 0.21544290489585816, "interpretation": "14.7% decrease, not statistically significant (p = 0.215), small effect size (d=-0.49)"}, {"cityName": "Freiburg im Breisgau", "timestamp": "2020-09", "value": 4.601094837265986e-05, "incidence": 16.606666666666666, "pValue": 0.956339633749998, "interpretation": "0.7% decrease, not statistically significant (p = 0.956), negligible effect size (d=-0.02)"}, {"cityName": "Reutlingen", "timestamp": "2020-09", "value": 4.1584229620639235e-05, "incidence": 21.586666666666666, "pValue": 0.192258175313415, "interpretation": "13.9% decrease, not statistically significant (p = 0.192), medium effect size (d=-0.54)"}, {"cityName": "Ulm", "timestamp": "2020-09", "value": 4.375420853887734e-05, "incidence": 27.196666666666665, "pValue": 0.18045241940859438, "interpretation": "17.4% decrease, not statistically significant (p = 0.180), medium effect size (d=-0.52)"}, {"cityName": "Ingolstadt", "timestamp": "2020-09", "value": 4.539987518607328e-05, "incidence": 19.080000000000002, "pValue": 0.3197175116722463, "interpretation": "12.8% decrease, not statistically significant (p = 0.320), small effect size (d=-0.41)"}, {"cityName": "M\u00fcnchen", "timestamp": "2020-09", "value": 6.219328273660861e-05, "incidence": 41.85000000000001, "pValue": 0.9790256966931564, "interpretation": "0.4% decrease, not statistically significant (p = 0.979), negligible effect size (d=-0.01)"}, {"cityName": "Regensburg", "timestamp": "2020-09", "value": 4.630531184375286e-05, "incidence": 21.06666666666667, "pValue": 0.7290055706366045, "interpretation": "4.4% decrease, not statistically significant (p = 0.729), negligible effect size (d=-0.15)"}, {"cityName": "Erlangen", "timestamp": "2020-09", "value": 4.676240080568407e-05, "incidence": 15.32333333333333, "pValue": 0.9276028753877857, "interpretation": "0.9% increase, not statistically significant (p = 0.928), negligible effect size (d=0.04)"}, {"cityName": "F\u00fcrth", "timestamp": "2020-09", "value": 5.216694553382695e-05, "incidence": 19.103333333333335, "pValue": 0.35669075181592935, "interpretation": "11.1% increase, not statistically significant (p = 0.357), small effect size (d=0.39)"}, {"cityName": "N\u00fcrnberg", "timestamp": "2020-09", "value": 5.441193228982615e-05, "incidence": 25.649999999999995, "pValue": 0.762445863106751, "interpretation": "3.8% decrease, not statistically significant (p = 0.762), negligible effect size (d=-0.12)"}, {"cityName": "W\u00fcrzburg", "timestamp": "2020-09", "value": 5.2110674005234614e-05, "incidence": 45.46333333333333, "pValue": 0.9228103210080233, "interpretation": "1.1% increase, not statistically significant (p = 0.923), negligible effect size (d=0.04)"}, {"cityName": "Augsburg", "timestamp": "2020-09", "value": 4.732325368632491e-05, "incidence": 21.209999999999994, "pValue": 0.2327534991627952, "interpretation": "18.1% decrease, not statistically significant (p = 0.233), medium effect size (d=-0.50)"}, {"cityName": "Saarbr\u00fccken", "timestamp": "2020-09", "value": 5.054462235420942e-05, "incidence": 5.209999999999999, "pValue": 0.8465394448448647, "interpretation": "2.3% increase, not statistically significant (p = 0.847), negligible effect size (d=0.07)"}, {"cityName": "Berlin", "timestamp": "2020-09", "value": 5.905434103092042e-05, "incidence": 0.0, "pValue": 0.4538281190865462, "interpretation": "11.0% increase, not statistically significant (p = 0.454), small effect size (d=0.29)"}, {"cityName": "Cottbus", "timestamp": "2020-09", "value": 5.5236921000939147e-05, "incidence": 1.2, "pValue": 0.6432378342972942, "interpretation": "6.4% increase, not statistically significant (p = 0.643), negligible effect size (d=0.20)"}, {"cityName": "Potsdam", "timestamp": "2020-09", "value": 5.17827198457192e-05, "incidence": 6.826666666666665, "pValue": 0.24049653255922712, "interpretation": "21.4% increase, not statistically significant (p = 0.240), small effect size (d=0.49)"}, {"cityName": "Rostock", "timestamp": "2020-09", "value": 4.845949341401909e-05, "incidence": 4.7700000000000005, "pValue": 0.06899934249413385, "interpretation": "40.1% increase, not statistically significant (p = 0.069), large effect size (d=0.87)"}, {"cityName": "Chemnitz", "timestamp": "2020-09", "value": 5.016922837168705e-05, "incidence": 7.406666666666666, "pValue": 0.7252416029102715, "interpretation": "4.0% increase, not statistically significant (p = 0.725), negligible effect size (d=0.15)"}, {"cityName": "Dresden", "timestamp": "2020-09", "value": 5.5675500665198676e-05, "incidence": 6.3566666666666665, "pValue": 0.1607327027239225, "interpretation": "16.2% decrease, not statistically significant (p = 0.161), medium effect size (d=-0.55)"}, {"cityName": "Leipzig", "timestamp": "2020-09", "value": 5.970761983417997e-05, "incidence": 6.019999999999999, "pValue": 0.6965349932430154, "interpretation": "5.4% increase, not statistically significant (p = 0.697), negligible effect size (d=0.16)"}, {"cityName": "Halle (Saale)", "timestamp": "2020-09", "value": 5.0719138622904815e-05, "incidence": 7.343333333333333, "pValue": 0.6566399635151313, "interpretation": "6.0% increase, not statistically significant (p = 0.657), negligible effect size (d=0.19)"}, {"cityName": "Magdeburg", "timestamp": "2020-09", "value": 4.852217266728219e-05, "incidence": 3.736666666666667, "pValue": 0.8562382994894566, "interpretation": "2.3% increase, not statistically significant (p = 0.856), negligible effect size (d=0.07)"}, {"cityName": "Erfurt", "timestamp": "2020-09", "value": 4.960339456955169e-05, "incidence": 5.903333333333333, "pValue": 0.2563717449502929, "interpretation": "18.1% increase, not statistically significant (p = 0.256), small effect size (d=0.48)"}, {"cityName": "Jena", "timestamp": "2020-09", "value": 4.730123004669117e-05, "incidence": 8.34, "pValue": 0.16087236405038874, "interpretation": "21.4% increase, not statistically significant (p = 0.161), medium effect size (d=0.60)"}]