[{"cityName": "Kiel", "timestamp": "2025-12", "value": 5.791689978823775e-05, "incidence": 6.674193548387097, "pValue": 0.8555895724618422, "interpretation": "7.2% decrease, not statistically significant (p = 0.856), negligible effect size (d=-0.09)"}, {"cityName": "L\u00fcbeck", "timestamp": "2025-12", "value": 5.000370826261739e-05, "incidence": 7.570967741935485, "pValue": 0.5036641881606563, "interpretation": "22.3% decrease, not statistically significant (p = 0.504), small effect size (d=-0.32)"}, {"cityName": "Hamburg", "timestamp": "2025-12", "value": 7.062588852864725e-05, "incidence": 7.793548387096774, "pValue": 0.7502053000995319, "interpretation": "9.0% decrease, not statistically significant (p = 0.750), negligible effect size (d=-0.12)"}, {"cityName": "Braunschweig", "timestamp": "2025-12", "value": 5.8037858894642664e-05, "incidence": 7.483870967741935, "pValue": 0.42563532418212735, "interpretation": "12.2% decrease, not statistically significant (p = 0.426), small effect size (d=-0.33)"}, {"cityName": "Salzgitter", "timestamp": "2025-12", "value": 4.978785291314125e-05, "incidence": 7.648387096774195, "pValue": 0.38951055108200516, "interpretation": "14.4% decrease, not statistically significant (p = 0.390), small effect size (d=-0.37)"}, {"cityName": "Wolfsburg", "timestamp": "2025-12", "value": 5.202896059735825e-05, "incidence": 10.087096774193547, "pValue": 0.21568730700149777, "interpretation": "22.3% decrease, not statistically significant (p = 0.216), medium effect size (d=-0.50)"}, {"cityName": "G\u00f6ttingen", "timestamp": "2025-12", "value": 4.698749675991989e-05, "incidence": 11.235483870967744, "pValue": 0.2518390271501396, "interpretation": "25.9% decrease, not statistically significant (p = 0.252), medium effect size (d=-0.55)"}, {"cityName": "Hannover", "timestamp": "2025-12", "value": 5.3881036460791764e-05, "incidence": 8.170967741935485, "pValue": 0.3548076939089013, "interpretation": "20.0% decrease, not statistically significant (p = 0.355), small effect size (d=-0.39)"}, {"cityName": "Hildesheim", "timestamp": "2025-12", "value": 5.411605268497677e-05, "incidence": 7.406451612903226, "pValue": 0.8180967830708824, "interpretation": "4.5% decrease, not statistically significant (p = 0.818), negligible effect size (d=-0.10)"}, {"cityName": "Oldenburg (Oldb)", "timestamp": "2025-12", "value": 5.210370873101056e-05, "incidence": 7.793548387096774, "pValue": 0.26581119703534417, "interpretation": "36.9% decrease, not statistically significant (p = 0.266), medium effect size (d=-0.53)"}, {"cityName": "Osnabr\u00fcck", "timestamp": "2025-12", "value": 5.693346346643838e-05, "incidence": 6.609677419354839, "pValue": 0.056137324971181006, "interpretation": "40.4% decrease, not statistically significant (p = 0.056), large effect size (d=-0.84)"}, {"cityName": "Bremen", "timestamp": "2025-12", "value": 6.16582950241253e-05, "incidence": 5.283870967741936, "pValue": 0.7168509081843453, "interpretation": "9.7% decrease, not statistically significant (p = 0.717), negligible effect size (d=-0.15)"}, {"cityName": "Bremerhaven", "timestamp": "2025-12", "value": 6.628415264588381e-05, "incidence": 7.645161290322579, "pValue": 0.6558206454475992, "interpretation": "13.0% decrease, not statistically significant (p = 0.656), negligible effect size (d=-0.20)"}, {"cityName": "D\u00fcsseldorf", "timestamp": "2025-12", "value": 0.00011055982421811034, "incidence": 6.703225806451612, "pValue": 0.12756261892362666, "interpretation": "29.3% decrease, not statistically significant (p = 0.128), medium effect size (d=-0.63)"}, {"cityName": "Duisburg", "timestamp": "2025-12", "value": 0.00010987590902890914, "incidence": 7.4709677419354845, "pValue": 0.23151549033055321, "interpretation": "20.0% decrease, not statistically significant (p = 0.232), small effect size (d=-0.46)"}, {"cityName": "Essen", "timestamp": "2025-12", "value": 9.17181157721923e-05, "incidence": 4.683870967741936, "pValue": 0.06682914118813972, "interpretation": "32.1% decrease, not statistically significant (p = 0.067), medium effect size (d=-0.78)"}, {"cityName": "Krefeld", "timestamp": "2025-12", "value": 0.00010331766679883003, "incidence": 8.109677419354838, "pValue": 0.6795079407121714, "interpretation": "9.1% decrease, not statistically significant (p = 0.680), negligible effect size (d=-0.18)"}, {"cityName": "M\u00f6nchengladbach", "timestamp": "2025-12", "value": 9.011308630478794e-05, "incidence": 3.5967741935483866, "pValue": 0.372914496556743, "interpretation": "21.2% decrease, not statistically significant (p = 0.373), small effect size (d=-0.37)"}, {"cityName": "M\u00fclheim an der Ruhr", "timestamp": "2025-12", "value": 0.00010425440915342834, "incidence": 7.409677419354839, "pValue": 0.6290089621419431, "interpretation": "10.0% decrease, not statistically significant (p = 0.629), small effect size (d=-0.21)"}, {"cityName": "Oberhausen", "timestamp": "2025-12", "value": 9.670852719304654e-05, "incidence": 6.487096774193548, "pValue": 0.34848478731232957, "interpretation": "24.4% decrease, not statistically significant (p = 0.348), small effect size (d=-0.44)"}, {"cityName": "Remscheid", "timestamp": "2025-12", "value": 6.540785543620586e-05, "incidence": 3.8096774193548386, "pValue": 0.11083319478010001, "interpretation": "59.3% decrease, not statistically significant (p = 0.111), large effect size (d=-0.85)"}, {"cityName": "Solingen", "timestamp": "2025-12", "value": 0.00010389379895059392, "incidence": 7.803225806451613, "pValue": 0.4637983954322833, "interpretation": "24.0% decrease, not statistically significant (p = 0.464), small effect size (d=-0.36)"}, {"cityName": "Wuppertal", "timestamp": "2025-12", "value": 7.852346256927208e-05, "incidence": 7.290322580645161, "pValue": 0.4643341645466933, "interpretation": "23.8% decrease, not statistically significant (p = 0.464), small effect size (d=-0.34)"}, {"cityName": "Neuss", "timestamp": "2025-12", "value": 0.00010250805644318461, "incidence": 6.522580645161291, "pValue": 0.2167419661501278, "interpretation": "26.4% decrease, not statistically significant (p = 0.217), medium effect size (d=-0.50)"}, {"cityName": "Moers", "timestamp": "2025-12", "value": 0.00010267619342942323, "incidence": 6.367741935483871, "pValue": 0.34652804143195515, "interpretation": "22.0% decrease, not statistically significant (p = 0.347), small effect size (d=-0.41)"}, {"cityName": "Bonn", "timestamp": "2025-12", "value": 7.339020852338184e-05, "incidence": 5.164516129032259, "pValue": 0.8618274041835442, "interpretation": "3.8% increase, not statistically significant (p = 0.862), negligible effect size (d=0.07)"}, {"cityName": "K\u00f6ln", "timestamp": "2025-12", "value": 9.802459195877115e-05, "incidence": 5.587096774193548, "pValue": 0.3870472303751311, "interpretation": "17.1% decrease, not statistically significant (p = 0.387), small effect size (d=-0.37)"}, {"cityName": "Leverkusen", "timestamp": "2025-12", "value": 0.0001187292121661206, "incidence": 3.52258064516129, "pValue": 0.9696931787909692, "interpretation": "1.1% decrease, not statistically significant (p = 0.970), negligible effect size (d=-0.02)"}, {"cityName": "Aachen", "timestamp": "2025-12", "value": 5.725626673164039e-05, "incidence": 3.4935483870967743, "pValue": 0.8848386937939297, "interpretation": "3.5% increase, not statistically significant (p = 0.885), negligible effect size (d=0.06)"}, {"cityName": "Bergisch Gladbach", "timestamp": "2025-12", "value": 8.157073586646999e-05, "incidence": 4.987096774193548, "pValue": 0.7473553363670667, "interpretation": "9.1% decrease, not statistically significant (p = 0.747), negligible effect size (d=-0.16)"}, {"cityName": "Bottrop", "timestamp": "2025-12", "value": 8.573261199190336e-05, "incidence": 12.954838709677421, "pValue": 0.05914065985361884, "interpretation": "39.6% decrease, not statistically significant (p = 0.059), large effect size (d=-0.82)"}, {"cityName": "Gelsenkirchen", "timestamp": "2025-12", "value": 8.857267333523316e-05, "incidence": 8.23225806451613, "pValue": 0.023628095453949165, "interpretation": "45.9% decrease, significant (p = 0.024), large effect size (d=-1.01)"}, {"cityName": "M\u00fcnster", "timestamp": "2025-12", "value": 6.506629614976414e-05, "incidence": 6.280645161290322, "pValue": 0.08601119689558956, "interpretation": "34.9% decrease, not statistically significant (p = 0.086), medium effect size (d=-0.75)"}, {"cityName": "Recklinghausen", "timestamp": "2025-12", "value": 7.502606604248285e-05, "incidence": 11.251612903225809, "pValue": 0.02200347861015947, "interpretation": "38.6% decrease, significant (p = 0.022), large effect size (d=-1.12)"}, {"cityName": "Bielefeld", "timestamp": "2025-12", "value": 5.69684295138965e-05, "incidence": 8.716129032258065, "pValue": 0.033220461496783565, "interpretation": "36.6% decrease, significant (p = 0.033), large effect size (d=-0.98)"}, {"cityName": "G\u00fctersloh", "timestamp": "2025-12", "value": 5.3054816089570525e-05, "incidence": 5.43225806451613, "pValue": 0.2499782205900925, "interpretation": "28.2% decrease, not statistically significant (p = 0.250), medium effect size (d=-0.58)"}, {"cityName": "Paderborn", "timestamp": "2025-12", "value": 5.381655383614763e-05, "incidence": 0.8677419354838711, "pValue": 0.1438934973840064, "interpretation": "27.8% decrease, not statistically significant (p = 0.144), medium effect size (d=-0.64)"}, {"cityName": "Bochum", "timestamp": "2025-12", "value": 7.703321170993149e-05, "incidence": 9.57741935483871, "pValue": 0.03168598380802951, "interpretation": "44.5% decrease, significant (p = 0.032), large effect size (d=-0.95)"}, {"cityName": "Dortmund", "timestamp": "2025-12", "value": 7.313825007455022e-05, "incidence": 7.806451612903224, "pValue": 0.05145219413852605, "interpretation": "38.8% decrease, not statistically significant (p = 0.051), large effect size (d=-0.80)"}, {"cityName": "Hagen", "timestamp": "2025-12", "value": 7.295361238306966e-05, "incidence": 21.993548387096777, "pValue": 0.3211831141776302, "interpretation": "23.2% decrease, not statistically significant (p = 0.321), small effect size (d=-0.45)"}, {"cityName": "Hamm", "timestamp": "2025-12", "value": 5.2929684031932124e-05, "incidence": 16.72258064516129, "pValue": 0.03925036763572366, "interpretation": "45.9% decrease, significant (p = 0.039), large effect size (d=-0.81)"}, {"cityName": "Herne", "timestamp": "2025-12", "value": 8.09052842669189e-05, "incidence": 8.54193548387097, "pValue": 0.011260118884285887, "interpretation": "51.7% decrease, significant (p = 0.011), large effect size (d=-1.24)"}, {"cityName": "Siegen", "timestamp": "2025-12", "value": 4.0053206612356006e-05, "incidence": 7.364516129032258, "pValue": 0.1768654250659731, "interpretation": "39.0% decrease, not statistically significant (p = 0.177), medium effect size (d=-0.63)"}, {"cityName": "Darmstadt", "timestamp": "2025-12", "value": 7.909099275076932e-05, "incidence": 6.148387096774196, "pValue": 0.23880245952434556, "interpretation": "21.5% decrease, not statistically significant (p = 0.239), medium effect size (d=-0.54)"}, {"cityName": "Frankfurt am Main", "timestamp": "2025-12", "value": 0.00010710332373326474, "incidence": 5.861290322580644, "pValue": 0.99279934872279, "interpretation": "0.2% decrease, not statistically significant (p = 0.993), negligible effect size (d=-0.00)"}, {"cityName": "Offenbach am Main", "timestamp": "2025-12", "value": 8.843301012265411e-05, "incidence": 7.990322580645161, "pValue": 0.6349305686946383, "interpretation": "9.9% decrease, not statistically significant (p = 0.635), negligible effect size (d=-0.20)"}, {"cityName": "Wiesbaden", "timestamp": "2025-12", "value": 8.226333496471246e-05, "incidence": 8.038709677419357, "pValue": 0.28459848162812873, "interpretation": "26.2% increase, not statistically significant (p = 0.285), small effect size (d=0.50)"}, {"cityName": "Hanau", "timestamp": "2025-12", "value": 7.415690029469821e-05, "incidence": 9.000000000000002, "pValue": 0.6991078095000525, "interpretation": "7.6% decrease, not statistically significant (p = 0.699), negligible effect size (d=-0.15)"}, {"cityName": "Kassel", "timestamp": "2025-12", "value": 5.094396571318308e-05, "incidence": 5.993548387096776, "pValue": 0.4631498441567181, "interpretation": "12.8% decrease, not statistically significant (p = 0.463), small effect size (d=-0.36)"}, {"cityName": "Koblenz", "timestamp": "2025-12", "value": 7.105914927605126e-05, "incidence": 8.338709677419354, "pValue": 0.8194893243573386, "interpretation": "5.7% decrease, not statistically significant (p = 0.819), negligible effect size (d=-0.11)"}, {"cityName": "Trier", "timestamp": "2025-12", "value": 5.2880251314491036e-05, "incidence": 7.37741935483871, "pValue": 0.02426219442447281, "interpretation": "32.9% decrease, significant (p = 0.024), large effect size (d=-1.02)"}, {"cityName": "Kaiserslautern", "timestamp": "2025-12", "value": 5.7062760998423284e-05, "incidence": 10.306451612903226, "pValue": 0.057552236824085355, "interpretation": "28.3% decrease, not statistically significant (p = 0.058), large effect size (d=-0.80)"}, {"cityName": "Ludwigshafen am Rhein", "timestamp": "2025-12", "value": 9.605398129982252e-05, "incidence": 7.46774193548387, "pValue": 0.4120310907084218, "interpretation": "17.5% decrease, not statistically significant (p = 0.412), small effect size (d=-0.35)"}, {"cityName": "Mainz", "timestamp": "2025-12", "value": 9.362922719446942e-05, "incidence": 10.335483870967739, "pValue": 0.9029557436503034, "interpretation": "2.8% decrease, not statistically significant (p = 0.903), negligible effect size (d=-0.06)"}, {"cityName": "Stuttgart", "timestamp": "2025-12", "value": 8.398862943674128e-05, "incidence": 4.467741935483871, "pValue": 0.1551579786174167, "interpretation": "18.7% decrease, not statistically significant (p = 0.155), medium effect size (d=-0.50)"}, {"cityName": "Heilbronn", "timestamp": "2025-12", "value": 8.649122254509065e-05, "incidence": 8.241935483870966, "pValue": 0.13722496918816388, "interpretation": "20.7% decrease, not statistically significant (p = 0.137), medium effect size (d=-0.63)"}, {"cityName": "Karlsruhe", "timestamp": "2025-12", "value": 9.603169746696949e-05, "incidence": 5.938709677419354, "pValue": 0.5227932348481913, "interpretation": "9.8% decrease, not statistically significant (p = 0.523), small effect size (d=-0.24)"}, {"cityName": "Heidelberg", "timestamp": "2025-12", "value": 8.025867741947111e-05, "incidence": 5.383870967741935, "pValue": 0.16262717980709632, "interpretation": "22.2% decrease, not statistically significant (p = 0.163), medium effect size (d=-0.59)"}, {"cityName": "Mannheim", "timestamp": "2025-12", "value": 9.75348986685276e-05, "incidence": 6.783870967741934, "pValue": 0.1560305976651269, "interpretation": "30.3% decrease, not statistically significant (p = 0.156), medium effect size (d=-0.63)"}, {"cityName": "Pforzheim", "timestamp": "2025-12", "value": 7.113959226343367e-05, "incidence": 3.9000000000000012, "pValue": 0.9894032460071593, "interpretation": "0.2% increase, not statistically significant (p = 0.989), negligible effect size (d=0.00)"}, {"cityName": "Freiburg im Breisgau", "timestamp": "2025-12", "value": 7.695437374490279e-05, "incidence": 5.0677419354838715, "pValue": 0.8143303162317399, "interpretation": "5.4% increase, not statistically significant (p = 0.814), negligible effect size (d=0.09)"}, {"cityName": "Reutlingen", "timestamp": "2025-12", "value": 6.905589543748647e-05, "incidence": 8.119354838709677, "pValue": 0.1360660528990668, "interpretation": "19.8% decrease, not statistically significant (p = 0.136), medium effect size (d=-0.55)"}, {"cityName": "Ulm", "timestamp": "2025-12", "value": 6.285234427961864e-05, "incidence": 10.370967741935482, "pValue": 0.5426843682245551, "interpretation": "19.1% decrease, not statistically significant (p = 0.543), small effect size (d=-0.28)"}, {"cityName": "Ingolstadt", "timestamp": "2025-12", "value": 6.832598592154682e-05, "incidence": 4.8161290322580665, "pValue": 0.23481062591995874, "interpretation": "21.2% decrease, not statistically significant (p = 0.235), medium effect size (d=-0.55)"}, {"cityName": "M\u00fcnchen", "timestamp": "2025-12", "value": 8.5580637320303e-05, "incidence": 5.764516129032258, "pValue": 0.9987536330567318, "interpretation": "0.0% decrease, not statistically significant (p = 0.999), negligible effect size (d=-0.00)"}, {"cityName": "Regensburg", "timestamp": "2025-12", "value": 5.013228704531987e-05, "incidence": 5.774193548387099, "pValue": 0.19746028774610308, "interpretation": "34.0% decrease, not statistically significant (p = 0.197), medium effect size (d=-0.76)"}, {"cityName": "Erlangen", "timestamp": "2025-12", "value": 6.935685191170446e-05, "incidence": 5.806451612903227, "pValue": 0.48462316973439656, "interpretation": "18.1% increase, not statistically significant (p = 0.485), small effect size (d=0.30)"}, {"cityName": "F\u00fcrth", "timestamp": "2025-12", "value": 7.511220755986869e-05, "incidence": 8.66451612903226, "pValue": 0.3003736550978903, "interpretation": "30.3% increase, not statistically significant (p = 0.300), small effect size (d=0.47)"}, {"cityName": "N\u00fcrnberg", "timestamp": "2025-12", "value": 6.909429970564264e-05, "incidence": 5.919354838709678, "pValue": 0.8209278393228012, "interpretation": "3.7% decrease, not statistically significant (p = 0.821), negligible effect size (d=-0.10)"}, {"cityName": "W\u00fcrzburg", "timestamp": "2025-12", "value": 6.492991087725386e-05, "incidence": 9.558064516129035, "pValue": 0.2760891285596048, "interpretation": "24.7% decrease, not statistically significant (p = 0.276), small effect size (d=-0.48)"}, {"cityName": "Augsburg", "timestamp": "2025-12", "value": 5.860577444904126e-05, "incidence": 6.235483870967743, "pValue": 0.5581863577000185, "interpretation": "14.3% decrease, not statistically significant (p = 0.558), small effect size (d=-0.29)"}, {"cityName": "Saarbr\u00fccken", "timestamp": "2025-12", "value": 6.461787270382047e-05, "incidence": 8.174193548387096, "pValue": 0.4418082351645489, "interpretation": "15.7% decrease, not statistically significant (p = 0.442), small effect size (d=-0.33)"}, {"cityName": "Berlin", "timestamp": "2025-12", "value": 6.964182617460809e-05, "incidence": 0.0, "pValue": 0.8068100444803961, "interpretation": "5.6% increase, not statistically significant (p = 0.807), negligible effect size (d=0.10)"}, {"cityName": "Cottbus", "timestamp": "2025-12", "value": 6.171875597479251e-05, "incidence": 14.712903225806452, "pValue": 0.566227638762735, "interpretation": "16.7% increase, not statistically significant (p = 0.566), small effect size (d=0.25)"}, {"cityName": "Potsdam", "timestamp": "2025-12", "value": 6.358874003019403e-05, "incidence": 11.677419354838706, "pValue": 0.45512316691517185, "interpretation": "18.1% increase, not statistically significant (p = 0.455), small effect size (d=0.32)"}, {"cityName": "Rostock", "timestamp": "2025-12", "value": 4.5506015532847606e-05, "incidence": 26.106451612903225, "pValue": 0.40925097095963026, "interpretation": "24.0% decrease, not statistically significant (p = 0.409), small effect size (d=-0.39)"}, {"cityName": "Chemnitz", "timestamp": "2025-12", "value": 5.804202178629433e-05, "incidence": 31.58709677419355, "pValue": 0.3032308347832047, "interpretation": "18.9% increase, not statistically significant (p = 0.303), small effect size (d=0.41)"}, {"cityName": "Dresden", "timestamp": "2025-12", "value": 7.878745144063776e-05, "incidence": 19.03548387096774, "pValue": 0.5181267636307558, "interpretation": "12.5% increase, not statistically significant (p = 0.518), small effect size (d=0.26)"}, {"cityName": "Leipzig", "timestamp": "2025-12", "value": 6.975913785544096e-05, "incidence": 24.925806451612903, "pValue": 0.8777477443304064, "interpretation": "2.6% increase, not statistically significant (p = 0.878), negligible effect size (d=0.07)"}, {"cityName": "Halle (Saale)", "timestamp": "2025-12", "value": 6.401541759259999e-05, "incidence": 31.999999999999996, "pValue": 0.3328160431016154, "interpretation": "17.9% increase, not statistically significant (p = 0.333), small effect size (d=0.43)"}, {"cityName": "Magdeburg", "timestamp": "2025-12", "value": 5.433078561174242e-05, "incidence": 28.98387096774194, "pValue": 0.7611874093264219, "interpretation": "6.4% decrease, not statistically significant (p = 0.761), negligible effect size (d=-0.12)"}, {"cityName": "Erfurt", "timestamp": "2025-12", "value": 5.081998422107798e-05, "incidence": 16.783870967741937, "pValue": 0.6760007077681902, "interpretation": "7.7% decrease, not statistically significant (p = 0.676), negligible effect size (d=-0.17)"}, {"cityName": "Jena", "timestamp": "2025-12", "value": 5.109410590699149e-05, "incidence": 17.274193548387096, "pValue": 0.7935446722789696, "interpretation": "5.7% decrease, not statistically significant (p = 0.794), negligible effect size (d=-0.12)"}]