[{"cityName": "Kiel", "timestamp": "2024-09", "value": 3.595095837400073e-05, "incidence": 11.656666666666666, "pValue": 0.4140026816378204, "interpretation": "13.8% increase, not statistically significant (p = 0.414), small effect size (d=0.31)"}, {"cityName": "L\u00fcbeck", "timestamp": "2024-09", "value": 3.626837860792875e-05, "incidence": 5.846666666666667, "pValue": 0.5821630723168202, "interpretation": "8.4% decrease, not statistically significant (p = 0.582), small effect size (d=-0.25)"}, {"cityName": "Hamburg", "timestamp": "2024-09", "value": 4.1887705662736185e-05, "incidence": 8.756666666666666, "pValue": 0.03204012646189118, "interpretation": "24.0% decrease, significant (p = 0.032), medium effect size (d=-0.78)"}, {"cityName": "Braunschweig", "timestamp": "2024-09", "value": 3.7015580079134775e-05, "incidence": 5.2766666666666655, "pValue": 2.2249253070393305e-05, "interpretation": "36.8% decrease, highly significant (p < 0.001), large effect size (d=-1.97)"}, {"cityName": "Salzgitter", "timestamp": "2024-09", "value": 3.8991548353806135e-05, "incidence": 11.499999999999996, "pValue": 0.0010001189281253042, "interpretation": "25.3% decrease, very significant (p < 0.01), large effect size (d=-1.25)"}, {"cityName": "Wolfsburg", "timestamp": "2024-09", "value": 3.5645783339676106e-05, "incidence": 3.616666666666668, "pValue": 4.022645477082491e-06, "interpretation": "43.7% decrease, highly significant (p < 0.001), large effect size (d=-2.27)"}, {"cityName": "G\u00f6ttingen", "timestamp": "2024-09", "value": 3.729077122573342e-05, "incidence": 11.06, "pValue": 0.006410503906075031, "interpretation": "27.1% decrease, very significant (p < 0.01), large effect size (d=-1.15)"}, {"cityName": "Hannover", "timestamp": "2024-09", "value": 4.5490705432664404e-05, "incidence": 10.633333333333331, "pValue": 0.00022795973533439406, "interpretation": "36.9% decrease, highly significant (p < 0.001), large effect size (d=-1.73)"}, {"cityName": "Hildesheim", "timestamp": "2024-09", "value": 4.053951980655684e-05, "incidence": 7.333333333333332, "pValue": 0.048949657216899194, "interpretation": "22.1% decrease, significant (p = 0.049), medium effect size (d=-0.76)"}, {"cityName": "Oldenburg (Oldb)", "timestamp": "2024-09", "value": 4.500271170400083e-05, "incidence": 6.64, "pValue": 0.7284380873790456, "interpretation": "5.3% decrease, not statistically significant (p = 0.728), negligible effect size (d=-0.15)"}, {"cityName": "Osnabr\u00fcck", "timestamp": "2024-09", "value": 4.9011490773409605e-05, "incidence": 5.640000000000001, "pValue": 0.03538784094888905, "interpretation": "27.3% decrease, significant (p = 0.035), large effect size (d=-0.88)"}, {"cityName": "Bremen", "timestamp": "2024-09", "value": 4.163486348678831e-05, "incidence": 6.176666666666668, "pValue": 0.10911212342279207, "interpretation": "19.5% decrease, not statistically significant (p = 0.109), medium effect size (d=-0.61)"}, {"cityName": "Bremerhaven", "timestamp": "2024-09", "value": 3.5964068956673145e-05, "incidence": 3.039999999999999, "pValue": 0.5470160519376598, "interpretation": "11.2% increase, not statistically significant (p = 0.547), small effect size (d=0.26)"}, {"cityName": "D\u00fcsseldorf", "timestamp": "2024-09", "value": 7.548026467968778e-05, "incidence": 10.753333333333336, "pValue": 0.006196515778559608, "interpretation": "29.7% decrease, very significant (p < 0.01), large effect size (d=-1.13)"}, {"cityName": "Duisburg", "timestamp": "2024-09", "value": 9.240405872846261e-05, "incidence": 9.616666666666664, "pValue": 0.03132445111223404, "interpretation": "28.8% decrease, significant (p = 0.031), large effect size (d=-0.84)"}, {"cityName": "Essen", "timestamp": "2024-09", "value": 8.104748737353545e-05, "incidence": 7.863333333333335, "pValue": 0.061366291863699775, "interpretation": "28.5% decrease, not statistically significant (p = 0.061), large effect size (d=-0.81)"}, {"cityName": "Krefeld", "timestamp": "2024-09", "value": 7.582620645944889e-05, "incidence": 9.296666666666663, "pValue": 0.009375705482466296, "interpretation": "42.0% decrease, very significant (p < 0.01), large effect size (d=-1.08)"}, {"cityName": "M\u00f6nchengladbach", "timestamp": "2024-09", "value": 6.477395875443672e-05, "incidence": 5.5, "pValue": 0.005509896986647534, "interpretation": "37.4% decrease, very significant (p < 0.01), large effect size (d=-1.15)"}, {"cityName": "M\u00fclheim an der Ruhr", "timestamp": "2024-09", "value": 8.67089256644249e-05, "incidence": 11.466666666666667, "pValue": 0.07035099783506989, "interpretation": "22.9% decrease, not statistically significant (p = 0.070), medium effect size (d=-0.80)"}, {"cityName": "Oberhausen", "timestamp": "2024-09", "value": 9.114984781123124e-05, "incidence": 7.9399999999999995, "pValue": 0.008019004639251906, "interpretation": "37.9% decrease, very significant (p < 0.01), large effect size (d=-1.17)"}, {"cityName": "Remscheid", "timestamp": "2024-09", "value": 5.083481470743815e-05, "incidence": 4.8900000000000015, "pValue": 0.0260370034288801, "interpretation": "33.2% decrease, significant (p = 0.026), large effect size (d=-1.09)"}, {"cityName": "Solingen", "timestamp": "2024-09", "value": 5.855906056240201e-05, "incidence": 5.5666666666666655, "pValue": 0.002467327074660934, "interpretation": "37.6% decrease, very significant (p < 0.01), large effect size (d=-1.45)"}, {"cityName": "Wuppertal", "timestamp": "2024-09", "value": 5.8182329801773584e-05, "incidence": 7.213333333333334, "pValue": 0.008461663976250483, "interpretation": "40.5% decrease, very significant (p < 0.01), large effect size (d=-1.21)"}, {"cityName": "Neuss", "timestamp": "2024-09", "value": 7.144486880861223e-05, "incidence": 9.016666666666667, "pValue": 0.0035940902886263605, "interpretation": "38.1% decrease, very significant (p < 0.01), large effect size (d=-1.30)"}, {"cityName": "Moers", "timestamp": "2024-09", "value": 8.776203529643161e-05, "incidence": 8.203333333333331, "pValue": 0.06988877639051455, "interpretation": "34.5% decrease, not statistically significant (p = 0.070), medium effect size (d=-0.75)"}, {"cityName": "Bonn", "timestamp": "2024-09", "value": 5.239211763678627e-05, "incidence": 7.983333333333333, "pValue": 0.0006982451008108706, "interpretation": "45.5% decrease, highly significant (p < 0.001), large effect size (d=-1.47)"}, {"cityName": "K\u00f6ln", "timestamp": "2024-09", "value": 7.054860341466135e-05, "incidence": 6.2, "pValue": 0.000668116900876243, "interpretation": "45.8% decrease, highly significant (p < 0.001), large effect size (d=-1.40)"}, {"cityName": "Leverkusen", "timestamp": "2024-09", "value": 6.293402111623436e-05, "incidence": 12.32666666666667, "pValue": 0.00339128291499425, "interpretation": "41.4% decrease, very significant (p < 0.01), large effect size (d=-1.28)"}, {"cityName": "Aachen", "timestamp": "2024-09", "value": 5.3343178447464413e-05, "incidence": 7.316666666666667, "pValue": 0.45368417123082416, "interpretation": "11.5% decrease, not statistically significant (p = 0.454), small effect size (d=-0.29)"}, {"cityName": "Bergisch Gladbach", "timestamp": "2024-09", "value": 5.8235825105969396e-05, "incidence": 4.1000000000000005, "pValue": 0.006481856541112008, "interpretation": "50.2% decrease, very significant (p < 0.01), large effect size (d=-1.32)"}, {"cityName": "Bottrop", "timestamp": "2024-09", "value": 7.596555138554643e-05, "incidence": 12.706666666666665, "pValue": 0.005397843552057519, "interpretation": "43.1% decrease, very significant (p < 0.01), large effect size (d=-1.20)"}, {"cityName": "Gelsenkirchen", "timestamp": "2024-09", "value": 8.103888317504349e-05, "incidence": 10.359999999999998, "pValue": 0.033815236886651834, "interpretation": "38.9% decrease, significant (p = 0.034), large effect size (d=-0.97)"}, {"cityName": "M\u00fcnster", "timestamp": "2024-09", "value": 4.435391900570769e-05, "incidence": 6.286666666666665, "pValue": 0.0028066689506862147, "interpretation": "37.8% decrease, very significant (p < 0.01), large effect size (d=-1.23)"}, {"cityName": "Recklinghausen", "timestamp": "2024-09", "value": 7.693156098517087e-05, "incidence": 7.866666666666666, "pValue": 0.11437562887822811, "interpretation": "41.3% decrease, not statistically significant (p = 0.114), medium effect size (d=-0.71)"}, {"cityName": "Bielefeld", "timestamp": "2024-09", "value": 4.292913460327933e-05, "incidence": 7.680000000000001, "pValue": 0.006386688692502872, "interpretation": "37.8% decrease, very significant (p < 0.01), large effect size (d=-1.08)"}, {"cityName": "G\u00fctersloh", "timestamp": "2024-09", "value": 4.41563141066581e-05, "incidence": 6.010000000000001, "pValue": 0.01076137145540268, "interpretation": "36.9% decrease, significant (p = 0.011), large effect size (d=-1.06)"}, {"cityName": "Paderborn", "timestamp": "2024-09", "value": 3.66056525719262e-05, "incidence": 2.1566666666666667, "pValue": 0.0005288733820767023, "interpretation": "40.0% decrease, highly significant (p < 0.001), large effect size (d=-1.57)"}, {"cityName": "Bochum", "timestamp": "2024-09", "value": 7.131902869635572e-05, "incidence": 11.37333333333333, "pValue": 0.014157592105121181, "interpretation": "41.1% decrease, significant (p = 0.014), large effect size (d=-1.15)"}, {"cityName": "Dortmund", "timestamp": "2024-09", "value": 6.453638585905234e-05, "incidence": 8.496666666666668, "pValue": 0.010607266375183081, "interpretation": "38.2% decrease, significant (p = 0.011), large effect size (d=-1.21)"}, {"cityName": "Hagen", "timestamp": "2024-09", "value": 5.3202853827127094e-05, "incidence": 9.723333333333334, "pValue": 0.024880412464102712, "interpretation": "31.6% decrease, significant (p = 0.025), large effect size (d=-1.10)"}, {"cityName": "Hamm", "timestamp": "2024-09", "value": 4.538735707423517e-05, "incidence": 8.643333333333334, "pValue": 0.0013866943302312982, "interpretation": "54.4% decrease, very significant (p < 0.01), large effect size (d=-1.46)"}, {"cityName": "Herne", "timestamp": "2024-09", "value": 8.222500327974558e-05, "incidence": 7.916666666666669, "pValue": 0.18303851178204505, "interpretation": "26.9% decrease, not statistically significant (p = 0.183), medium effect size (d=-0.60)"}, {"cityName": "Siegen", "timestamp": "2024-09", "value": 4.345584893599153e-05, "incidence": 4.77, "pValue": 0.4486859151352598, "interpretation": "10.7% decrease, not statistically significant (p = 0.449), small effect size (d=-0.37)"}, {"cityName": "Darmstadt", "timestamp": "2024-09", "value": 5.227497736500068e-05, "incidence": 5.583333333333332, "pValue": 0.00021927336621197508, "interpretation": "38.2% decrease, highly significant (p < 0.001), large effect size (d=-1.81)"}, {"cityName": "Frankfurt am Main", "timestamp": "2024-09", "value": 6.115115353498946e-05, "incidence": 6.629999999999999, "pValue": 0.0003486389959417206, "interpretation": "45.0% decrease, highly significant (p < 0.001), large effect size (d=-1.55)"}, {"cityName": "Offenbach am Main", "timestamp": "2024-09", "value": 5.295903379605575e-05, "incidence": 10.976666666666663, "pValue": 4.802264608517758e-05, "interpretation": "46.3% decrease, highly significant (p < 0.001), large effect size (d=-2.00)"}, {"cityName": "Wiesbaden", "timestamp": "2024-09", "value": 6.036320701241493e-05, "incidence": 4.510000000000001, "pValue": 0.01265920928492727, "interpretation": "31.0% decrease, significant (p = 0.013), large effect size (d=-1.06)"}, {"cityName": "Hanau", "timestamp": "2024-09", "value": 4.399596946313977e-05, "incidence": 8.933333333333334, "pValue": 9.673009759637538e-05, "interpretation": "47.1% decrease, highly significant (p < 0.001), large effect size (d=-1.88)"}, {"cityName": "Kassel", "timestamp": "2024-09", "value": 3.9397240875081887e-05, "incidence": 8.26666666666667, "pValue": 0.0010294559425189783, "interpretation": "34.3% decrease, very significant (p < 0.01), large effect size (d=-1.53)"}, {"cityName": "Koblenz", "timestamp": "2024-09", "value": 5.060601203391949e-05, "incidence": 4.333333333333333, "pValue": 0.027913230551407604, "interpretation": "24.6% decrease, significant (p = 0.028), large effect size (d=-0.99)"}, {"cityName": "Trier", "timestamp": "2024-09", "value": 4.225117736496031e-05, "incidence": 12.356666666666667, "pValue": 0.07109195292009197, "interpretation": "18.1% decrease, not statistically significant (p = 0.071), medium effect size (d=-0.80)"}, {"cityName": "Kaiserslautern", "timestamp": "2024-09", "value": 4.275774923511423e-05, "incidence": 8.250000000000002, "pValue": 0.05457963187616742, "interpretation": "23.5% decrease, not statistically significant (p = 0.055), large effect size (d=-0.90)"}, {"cityName": "Ludwigshafen am Rhein", "timestamp": "2024-09", "value": 6.327947388247897e-05, "incidence": 4.91, "pValue": 0.013671380641003263, "interpretation": "30.7% decrease, significant (p = 0.014), large effect size (d=-1.10)"}, {"cityName": "Mainz", "timestamp": "2024-09", "value": 6.315967766568065e-05, "incidence": 9.749999999999998, "pValue": 0.10339677744905358, "interpretation": "17.2% decrease, not statistically significant (p = 0.103), medium effect size (d=-0.65)"}, {"cityName": "Stuttgart", "timestamp": "2024-09", "value": 4.5813717103252806e-05, "incidence": 5.673333333333333, "pValue": 0.0038924189624887622, "interpretation": "35.1% decrease, very significant (p < 0.01), large effect size (d=-1.40)"}, {"cityName": "Heilbronn", "timestamp": "2024-09", "value": 5.1015722824053635e-05, "incidence": 7.673333333333334, "pValue": 0.23270057540977784, "interpretation": "14.1% decrease, not statistically significant (p = 0.233), medium effect size (d=-0.54)"}, {"cityName": "Karlsruhe", "timestamp": "2024-09", "value": 4.240008226285378e-05, "incidence": 3.776666666666667, "pValue": 0.0029070734634818133, "interpretation": "41.2% decrease, very significant (p < 0.01), large effect size (d=-1.39)"}, {"cityName": "Heidelberg", "timestamp": "2024-09", "value": 4.8478869231123676e-05, "incidence": 4.663333333333332, "pValue": 0.06680437185134243, "interpretation": "22.0% decrease, not statistically significant (p = 0.067), large effect size (d=-0.83)"}, {"cityName": "Mannheim", "timestamp": "2024-09", "value": 6.08254224061966e-05, "incidence": 6.156666666666665, "pValue": 0.0053525494146848505, "interpretation": "34.3% decrease, very significant (p < 0.01), large effect size (d=-1.26)"}, {"cityName": "Pforzheim", "timestamp": "2024-09", "value": 3.9866650089000664e-05, "incidence": 1.7966666666666666, "pValue": 0.10953164109149363, "interpretation": "29.1% decrease, not statistically significant (p = 0.110), large effect size (d=-0.89)"}, {"cityName": "Freiburg im Breisgau", "timestamp": "2024-09", "value": 3.8187812875818325e-05, "incidence": 7.333333333333333, "pValue": 0.1901190991181685, "interpretation": "16.7% decrease, not statistically significant (p = 0.190), medium effect size (d=-0.54)"}, {"cityName": "Reutlingen", "timestamp": "2024-09", "value": 3.9189741073641926e-05, "incidence": 6.480000000000002, "pValue": 0.18556605854396332, "interpretation": "17.0% decrease, not statistically significant (p = 0.186), medium effect size (d=-0.59)"}, {"cityName": "Ulm", "timestamp": "2024-09", "value": 4.359606751485875e-05, "incidence": 14.59, "pValue": 0.20198509409778162, "interpretation": "19.1% decrease, not statistically significant (p = 0.202), medium effect size (d=-0.54)"}, {"cityName": "Ingolstadt", "timestamp": "2024-09", "value": 4.518323112279177e-05, "incidence": 12.403333333333334, "pValue": 0.4336702904992039, "interpretation": "7.9% decrease, not statistically significant (p = 0.434), small effect size (d=-0.33)"}, {"cityName": "M\u00fcnchen", "timestamp": "2024-09", "value": 4.730951220083695e-05, "incidence": 9.500000000000002, "pValue": 0.04897202986822528, "interpretation": "21.7% decrease, significant (p = 0.049), large effect size (d=-0.82)"}, {"cityName": "Regensburg", "timestamp": "2024-09", "value": 4.253193425635497e-05, "incidence": 11.816666666666666, "pValue": 0.43163764162747553, "interpretation": "8.9% decrease, not statistically significant (p = 0.432), small effect size (d=-0.37)"}, {"cityName": "Erlangen", "timestamp": "2024-09", "value": 4.185645957477391e-05, "incidence": 4.65, "pValue": 0.11306966186747622, "interpretation": "13.0% decrease, not statistically significant (p = 0.113), medium effect size (d=-0.74)"}, {"cityName": "F\u00fcrth", "timestamp": "2024-09", "value": 4.5163545291870835e-05, "incidence": 10.823333333333334, "pValue": 0.8374698954478041, "interpretation": "2.1% decrease, not statistically significant (p = 0.837), negligible effect size (d=-0.09)"}, {"cityName": "N\u00fcrnberg", "timestamp": "2024-09", "value": 4.573188947908806e-05, "incidence": 6.956666666666666, "pValue": 0.14064354653391103, "interpretation": "15.8% decrease, not statistically significant (p = 0.141), medium effect size (d=-0.67)"}, {"cityName": "W\u00fcrzburg", "timestamp": "2024-09", "value": 4.784986231243238e-05, "incidence": 8.636666666666665, "pValue": 0.39095450638031304, "interpretation": "7.8% decrease, not statistically significant (p = 0.391), small effect size (d=-0.34)"}, {"cityName": "Augsburg", "timestamp": "2024-09", "value": 4.566906808087459e-05, "incidence": 6.026666666666666, "pValue": 0.17783766958002195, "interpretation": "17.6% decrease, not statistically significant (p = 0.178), medium effect size (d=-0.55)"}, {"cityName": "Saarbr\u00fccken", "timestamp": "2024-09", "value": 3.968797779331605e-05, "incidence": 7.076666666666667, "pValue": 0.2304989361249626, "interpretation": "15.3% decrease, not statistically significant (p = 0.230), medium effect size (d=-0.58)"}, {"cityName": "Berlin", "timestamp": "2024-09", "value": 4.4575679433963646e-05, "incidence": 0.0, "pValue": 0.12788862108688964, "interpretation": "14.3% decrease, not statistically significant (p = 0.128), medium effect size (d=-0.56)"}, {"cityName": "Cottbus", "timestamp": "2024-09", "value": 3.8317046486414394e-05, "incidence": 12.163333333333338, "pValue": 0.03621692796117747, "interpretation": "22.4% decrease, significant (p = 0.036), large effect size (d=-0.93)"}, {"cityName": "Potsdam", "timestamp": "2024-09", "value": 3.8670649861588195e-05, "incidence": 4.623333333333334, "pValue": 0.43442942131231044, "interpretation": "7.3% decrease, not statistically significant (p = 0.434), small effect size (d=-0.30)"}, {"cityName": "Rostock", "timestamp": "2024-09", "value": 3.3478732361938015e-05, "incidence": 15.460000000000003, "pValue": 0.8549740632853494, "interpretation": "3.0% increase, not statistically significant (p = 0.855), negligible effect size (d=0.08)"}, {"cityName": "Chemnitz", "timestamp": "2024-09", "value": 4.0944461233732176e-05, "incidence": 20.62, "pValue": 0.09510289088890271, "interpretation": "16.5% decrease, not statistically significant (p = 0.095), medium effect size (d=-0.69)"}, {"cityName": "Dresden", "timestamp": "2024-09", "value": 3.939684141765941e-05, "incidence": 11.94, "pValue": 0.0006335405842515377, "interpretation": "35.4% decrease, highly significant (p < 0.001), large effect size (d=-1.44)"}, {"cityName": "Leipzig", "timestamp": "2024-09", "value": 4.306879332836936e-05, "incidence": 17.67666666666667, "pValue": 0.001154172102248571, "interpretation": "29.3% decrease, very significant (p < 0.01), large effect size (d=-1.34)"}, {"cityName": "Halle (Saale)", "timestamp": "2024-09", "value": 4.349828426105281e-05, "incidence": 23.24333333333333, "pValue": 0.48146387416608183, "interpretation": "9.6% decrease, not statistically significant (p = 0.481), small effect size (d=-0.28)"}, {"cityName": "Magdeburg", "timestamp": "2024-09", "value": 3.629044237497606e-05, "incidence": 23.456666666666667, "pValue": 0.01695579869542842, "interpretation": "23.1% decrease, significant (p = 0.017), large effect size (d=-0.97)"}, {"cityName": "Erfurt", "timestamp": "2024-09", "value": 3.681260537593923e-05, "incidence": 12.736666666666666, "pValue": 0.0836684908184692, "interpretation": "14.7% decrease, not statistically significant (p = 0.084), medium effect size (d=-0.69)"}, {"cityName": "Jena", "timestamp": "2024-09", "value": 3.780609889266392e-05, "incidence": 12.479999999999999, "pValue": 0.7797770866719591, "interpretation": "2.8% decrease, not statistically significant (p = 0.780), negligible effect size (d=-0.11)"}]