[{"cityName": "Kiel", "timestamp": "2021-02", "value": 6.230021383435953e-05, "incidence": 36.375, "pValue": 0.8855152424204582, "interpretation": "5.2% decrease, not statistically significant (p = 0.886), negligible effect size (d=-0.08)"}, {"cityName": "L\u00fcbeck", "timestamp": "2021-02", "value": 6.1670305310852e-05, "incidence": 88.02857142857144, "pValue": 0.17231340585195803, "interpretation": "30.2% decrease, not statistically significant (p = 0.172), medium effect size (d=-0.63)"}, {"cityName": "Hamburg", "timestamp": "2021-02", "value": 7.377844993714933e-05, "incidence": 71.7357142857143, "pValue": 0.45246671998625676, "interpretation": "18.1% decrease, not statistically significant (p = 0.452), small effect size (d=-0.32)"}, {"cityName": "Braunschweig", "timestamp": "2021-02", "value": 7.170725011211984e-05, "incidence": 53.25714285714287, "pValue": 0.2395713452144397, "interpretation": "20.4% decrease, not statistically significant (p = 0.240), medium effect size (d=-0.52)"}, {"cityName": "Salzgitter", "timestamp": "2021-02", "value": 6.435913965106011e-05, "incidence": 96.80714285714285, "pValue": 0.3101920482069457, "interpretation": "13.0% decrease, not statistically significant (p = 0.310), small effect size (d=-0.47)"}, {"cityName": "Wolfsburg", "timestamp": "2021-02", "value": 6.312451104780561e-05, "incidence": 42.66428571428571, "pValue": 0.061675944810272526, "interpretation": "32.8% decrease, not statistically significant (p = 0.062), large effect size (d=-0.86)"}, {"cityName": "G\u00f6ttingen", "timestamp": "2021-02", "value": 6.783426007522004e-05, "incidence": 47.48928571428572, "pValue": 0.35941825038082653, "interpretation": "13.7% decrease, not statistically significant (p = 0.359), small effect size (d=-0.39)"}, {"cityName": "Hannover", "timestamp": "2021-02", "value": 8.386330630042051e-05, "incidence": 109.64642857142857, "pValue": 0.5952173198655832, "interpretation": "12.8% decrease, not statistically significant (p = 0.595), small effect size (d=-0.25)"}, {"cityName": "Hildesheim", "timestamp": "2021-02", "value": 6.754017736324492e-05, "incidence": 75.5642857142857, "pValue": 0.6243089250258373, "interpretation": "14.6% decrease, not statistically significant (p = 0.624), small effect size (d=-0.23)"}, {"cityName": "Oldenburg (Oldb)", "timestamp": "2021-02", "value": 6.999149918556214e-05, "incidence": 35.225, "pValue": 0.16522706928587014, "interpretation": "27.7% decrease, not statistically significant (p = 0.165), medium effect size (d=-0.68)"}, {"cityName": "Osnabr\u00fcck", "timestamp": "2021-02", "value": 9.160179814154452e-05, "incidence": 90.4642857142857, "pValue": 0.7113597732944149, "interpretation": "7.9% decrease, not statistically significant (p = 0.711), negligible effect size (d=-0.16)"}, {"cityName": "Bremen", "timestamp": "2021-02", "value": 8.599053243877458e-05, "incidence": 63.02142857142858, "pValue": 0.9770876272183371, "interpretation": "0.6% increase, not statistically significant (p = 0.977), negligible effect size (d=0.01)"}, {"cityName": "Bremerhaven", "timestamp": "2021-02", "value": 7.8442065776991e-05, "incidence": 137.27857142857144, "pValue": 0.6443364579379809, "interpretation": "10.4% decrease, not statistically significant (p = 0.644), negligible effect size (d=-0.18)"}, {"cityName": "D\u00fcsseldorf", "timestamp": "2021-02", "value": 0.00013600604426933498, "incidence": 51.964285714285715, "pValue": 0.15366710124926572, "interpretation": "27.8% decrease, not statistically significant (p = 0.154), medium effect size (d=-0.56)"}, {"cityName": "Duisburg", "timestamp": "2021-02", "value": 0.00013725664944220812, "incidence": 68.02142857142857, "pValue": 0.12005497371894554, "interpretation": "32.7% decrease, not statistically significant (p = 0.120), medium effect size (d=-0.60)"}, {"cityName": "Essen", "timestamp": "2021-02", "value": 0.0001113590521690173, "incidence": 72.20357142857142, "pValue": 0.03358730941327412, "interpretation": "39.3% decrease, significant (p = 0.034), large effect size (d=-0.80)"}, {"cityName": "Krefeld", "timestamp": "2021-02", "value": 0.0001406760778851234, "incidence": 67.61785714285715, "pValue": 0.472374094091886, "interpretation": "14.6% decrease, not statistically significant (p = 0.472), small effect size (d=-0.29)"}, {"cityName": "M\u00f6nchengladbach", "timestamp": "2021-02", "value": 0.000137178596622985, "incidence": 45.24285714285713, "pValue": 0.832919043350782, "interpretation": "5.4% decrease, not statistically significant (p = 0.833), negligible effect size (d=-0.08)"}, {"cityName": "M\u00fclheim an der Ruhr", "timestamp": "2021-02", "value": 0.00012014330261283451, "incidence": 59.721428571428575, "pValue": 0.09767485474444779, "interpretation": "35.0% decrease, not statistically significant (p = 0.098), medium effect size (d=-0.69)"}, {"cityName": "Oberhausen", "timestamp": "2021-02", "value": 0.00011147881070008644, "incidence": 76.21785714285714, "pValue": 0.01542220169414882, "interpretation": "52.2% decrease, significant (p = 0.015), large effect size (d=-1.15)"}, {"cityName": "Remscheid", "timestamp": "2021-02", "value": 8.533087093383074e-05, "incidence": 60.06428571428571, "pValue": 0.24739234906587593, "interpretation": "31.6% decrease, not statistically significant (p = 0.247), medium effect size (d=-0.55)"}, {"cityName": "Solingen", "timestamp": "2021-02", "value": 0.00010767158528324217, "incidence": 103.54999999999998, "pValue": 0.2354198259947343, "interpretation": "27.9% decrease, not statistically significant (p = 0.235), medium effect size (d=-0.52)"}, {"cityName": "Wuppertal", "timestamp": "2021-02", "value": 9.644648957031745e-05, "incidence": 75.98571428571428, "pValue": 0.08171630450849433, "interpretation": "36.4% decrease, not statistically significant (p = 0.082), medium effect size (d=-0.76)"}, {"cityName": "Neuss", "timestamp": "2021-02", "value": 0.00013135717017576098, "incidence": 58.16785714285714, "pValue": 0.4367367489818853, "interpretation": "18.4% decrease, not statistically significant (p = 0.437), small effect size (d=-0.33)"}, {"cityName": "Moers", "timestamp": "2021-02", "value": 0.00012314612311976298, "incidence": 57.682142857142864, "pValue": 0.05854460994869559, "interpretation": "39.7% decrease, not statistically significant (p = 0.059), medium effect size (d=-0.78)"}, {"cityName": "Bonn", "timestamp": "2021-02", "value": 7.876149505715479e-05, "incidence": 69.0857142857143, "pValue": 0.09857525947685647, "interpretation": "28.5% decrease, not statistically significant (p = 0.099), medium effect size (d=-0.58)"}, {"cityName": "K\u00f6ln", "timestamp": "2021-02", "value": 0.00011931068729609251, "incidence": 72.82142857142858, "pValue": 0.30404634797423136, "interpretation": "17.1% decrease, not statistically significant (p = 0.304), small effect size (d=-0.34)"}, {"cityName": "Leverkusen", "timestamp": "2021-02", "value": 0.00013662274189603826, "incidence": 74.53214285714286, "pValue": 0.8605863355458732, "interpretation": "3.9% decrease, not statistically significant (p = 0.861), negligible effect size (d=-0.07)"}, {"cityName": "Aachen", "timestamp": "2021-02", "value": 7.578924876348726e-05, "incidence": 55.61785714285715, "pValue": 0.5929766672843024, "interpretation": "12.0% decrease, not statistically significant (p = 0.593), small effect size (d=-0.20)"}, {"cityName": "Bergisch Gladbach", "timestamp": "2021-02", "value": 8.748016054076808e-05, "incidence": 66.13571428571429, "pValue": 0.20761397640274606, "interpretation": "25.5% decrease, not statistically significant (p = 0.208), medium effect size (d=-0.51)"}, {"cityName": "Bottrop", "timestamp": "2021-02", "value": 0.00011315285091233604, "incidence": 70.5142857142857, "pValue": 0.012302484401701744, "interpretation": "46.4% decrease, significant (p = 0.012), large effect size (d=-1.12)"}, {"cityName": "Gelsenkirchen", "timestamp": "2021-02", "value": 0.0001233945710255819, "incidence": 72.42857142857143, "pValue": 0.070824970884047, "interpretation": "38.3% decrease, not statistically significant (p = 0.071), medium effect size (d=-0.74)"}, {"cityName": "M\u00fcnster", "timestamp": "2021-02", "value": 0.0001125236188894824, "incidence": 25.914285714285718, "pValue": 0.6742854912553946, "interpretation": "10.8% decrease, not statistically significant (p = 0.674), negligible effect size (d=-0.18)"}, {"cityName": "Recklinghausen", "timestamp": "2021-02", "value": 0.00012337274921055025, "incidence": 80.55714285714284, "pValue": 0.08240534254231716, "interpretation": "43.2% decrease, not statistically significant (p = 0.082), large effect size (d=-0.83)"}, {"cityName": "Bielefeld", "timestamp": "2021-02", "value": 7.892940872504066e-05, "incidence": 44.06071428571429, "pValue": 0.45320092239261234, "interpretation": "16.4% decrease, not statistically significant (p = 0.453), small effect size (d=-0.34)"}, {"cityName": "G\u00fctersloh", "timestamp": "2021-02", "value": 9.498774306848645e-05, "incidence": 61.63571428571429, "pValue": 0.8973262691304917, "interpretation": "3.2% decrease, not statistically significant (p = 0.897), negligible effect size (d=-0.06)"}, {"cityName": "Paderborn", "timestamp": "2021-02", "value": 6.0805983300651275e-05, "incidence": 52.12500000000001, "pValue": 0.10977511227413839, "interpretation": "28.9% decrease, not statistically significant (p = 0.110), medium effect size (d=-0.71)"}, {"cityName": "Bochum", "timestamp": "2021-02", "value": 0.00012419401900842786, "incidence": 62.935714285714276, "pValue": 0.39156406336383387, "interpretation": "21.6% decrease, not statistically significant (p = 0.392), small effect size (d=-0.35)"}, {"cityName": "Dortmund", "timestamp": "2021-02", "value": 0.00010463171729854509, "incidence": 61.364285714285714, "pValue": 0.12959669095901666, "interpretation": "30.8% decrease, not statistically significant (p = 0.130), medium effect size (d=-0.56)"}, {"cityName": "Hagen", "timestamp": "2021-02", "value": 9.218948604217891e-05, "incidence": 125.75000000000001, "pValue": 0.14030702659909774, "interpretation": "32.2% decrease, not statistically significant (p = 0.140), medium effect size (d=-0.63)"}, {"cityName": "Hamm", "timestamp": "2021-02", "value": 0.00010596880955355508, "incidence": 82.55357142857143, "pValue": 0.3310940473227314, "interpretation": "29.2% decrease, not statistically significant (p = 0.331), small effect size (d=-0.38)"}, {"cityName": "Herne", "timestamp": "2021-02", "value": 0.0001294500776566565, "incidence": 86.23928571428571, "pValue": 0.2829248117432968, "interpretation": "27.6% decrease, not statistically significant (p = 0.283), small effect size (d=-0.46)"}, {"cityName": "Siegen", "timestamp": "2021-02", "value": 5.58057043235749e-05, "incidence": 63.317857142857136, "pValue": 0.10745655690829312, "interpretation": "43.0% decrease, not statistically significant (p = 0.107), large effect size (d=-0.83)"}, {"cityName": "Darmstadt", "timestamp": "2021-02", "value": 7.856180573898283e-05, "incidence": 55.71428571428571, "pValue": 0.05430935623409966, "interpretation": "30.8% decrease, not statistically significant (p = 0.054), medium effect size (d=-0.73)"}, {"cityName": "Frankfurt am Main", "timestamp": "2021-02", "value": 0.0001132676208561117, "incidence": 61.332142857142856, "pValue": 0.10363111725123791, "interpretation": "23.8% decrease, not statistically significant (p = 0.104), medium effect size (d=-0.60)"}, {"cityName": "Offenbach am Main", "timestamp": "2021-02", "value": 9.395141916518861e-05, "incidence": 70.06071428571428, "pValue": 0.018427611755561304, "interpretation": "34.3% decrease, significant (p = 0.018), large effect size (d=-0.96)"}, {"cityName": "Wiesbaden", "timestamp": "2021-02", "value": 0.00010717823816877272, "incidence": 61.40357142857143, "pValue": 0.11225072321830877, "interpretation": "22.2% decrease, not statistically significant (p = 0.112), medium effect size (d=-0.62)"}, {"cityName": "Hanau", "timestamp": "2021-02", "value": 9.028866099050411e-05, "incidence": 84.0642857142857, "pValue": 0.21547132411340397, "interpretation": "22.8% decrease, not statistically significant (p = 0.215), medium effect size (d=-0.54)"}, {"cityName": "Kassel", "timestamp": "2021-02", "value": 8.385779155004356e-05, "incidence": 37.06071428571429, "pValue": 0.7654467326134364, "interpretation": "5.4% decrease, not statistically significant (p = 0.765), negligible effect size (d=-0.14)"}, {"cityName": "Koblenz", "timestamp": "2021-02", "value": 5.676614172342751e-05, "incidence": 63.24642857142857, "pValue": 0.0003306339319391352, "interpretation": "50.8% decrease, highly significant (p < 0.001), large effect size (d=-1.66)"}, {"cityName": "Trier", "timestamp": "2021-02", "value": 5.6178437080234286e-05, "incidence": 36.02142857142857, "pValue": 0.03161792008258776, "interpretation": "31.5% decrease, significant (p = 0.032), medium effect size (d=-0.77)"}, {"cityName": "Kaiserslautern", "timestamp": "2021-02", "value": 4.889261729728717e-05, "incidence": 33.44285714285714, "pValue": 0.0069764611582949915, "interpretation": "40.8% decrease, very significant (p < 0.01), large effect size (d=-1.21)"}, {"cityName": "Ludwigshafen am Rhein", "timestamp": "2021-02", "value": 0.00010659581554743151, "incidence": 60.107142857142854, "pValue": 0.08270717223742832, "interpretation": "34.4% decrease, not statistically significant (p = 0.083), medium effect size (d=-0.70)"}, {"cityName": "Mainz", "timestamp": "2021-02", "value": 0.00011524667934281752, "incidence": 39.43214285714286, "pValue": 0.22175443899666258, "interpretation": "21.2% decrease, not statistically significant (p = 0.222), small effect size (d=-0.48)"}, {"cityName": "Stuttgart", "timestamp": "2021-02", "value": 7.961227351592647e-05, "incidence": 46.31071428571429, "pValue": 0.3889032543800718, "interpretation": "19.0% decrease, not statistically significant (p = 0.389), small effect size (d=-0.37)"}, {"cityName": "Heilbronn", "timestamp": "2021-02", "value": 7.392845711567336e-05, "incidence": 86.52142857142859, "pValue": 0.10428566808997285, "interpretation": "27.9% decrease, not statistically significant (p = 0.104), medium effect size (d=-0.68)"}, {"cityName": "Karlsruhe", "timestamp": "2021-02", "value": 7.64395808801055e-05, "incidence": 49.464285714285715, "pValue": 0.051474139603729534, "interpretation": "36.6% decrease, not statistically significant (p = 0.051), large effect size (d=-0.81)"}, {"cityName": "Heidelberg", "timestamp": "2021-02", "value": 5.373412032464617e-05, "incidence": 34.43571428571428, "pValue": 0.0025191786906535083, "interpretation": "57.3% decrease, very significant (p < 0.01), large effect size (d=-1.46)"}, {"cityName": "Mannheim", "timestamp": "2021-02", "value": 9.271679446101188e-05, "incidence": 59.55714285714286, "pValue": 0.00852794030239175, "interpretation": "44.9% decrease, very significant (p < 0.01), large effect size (d=-1.10)"}, {"cityName": "Pforzheim", "timestamp": "2021-02", "value": 7.328923998607529e-05, "incidence": 67.23928571428571, "pValue": 0.051407056709541384, "interpretation": "35.1% decrease, not statistically significant (p = 0.051), large effect size (d=-0.86)"}, {"cityName": "Freiburg im Breisgau", "timestamp": "2021-02", "value": 6.749649118218158e-05, "incidence": 36.19642857142857, "pValue": 0.06069656682959307, "interpretation": "28.0% decrease, not statistically significant (p = 0.061), medium effect size (d=-0.62)"}, {"cityName": "Reutlingen", "timestamp": "2021-02", "value": 5.823001265525818e-05, "incidence": 45.91428571428572, "pValue": 0.07378881287562185, "interpretation": "29.0% decrease, not statistically significant (p = 0.074), medium effect size (d=-0.73)"}, {"cityName": "Ulm", "timestamp": "2021-02", "value": 5.748141311893338e-05, "incidence": 58.114285714285714, "pValue": 0.08029489164192444, "interpretation": "33.1% decrease, not statistically significant (p = 0.080), medium effect size (d=-0.71)"}, {"cityName": "Ingolstadt", "timestamp": "2021-02", "value": 5.679603782482445e-05, "incidence": 26.878571428571426, "pValue": 0.03622111489623637, "interpretation": "33.2% decrease, significant (p = 0.036), large effect size (d=-0.85)"}, {"cityName": "M\u00fcnchen", "timestamp": "2021-02", "value": 7.554599477981146e-05, "incidence": 39.97500000000001, "pValue": 0.20003629413447213, "interpretation": "33.0% decrease, not statistically significant (p = 0.200), small effect size (d=-0.50)"}, {"cityName": "Regensburg", "timestamp": "2021-02", "value": 7.259672662864128e-05, "incidence": 30.400000000000006, "pValue": 0.26302726162430434, "interpretation": "21.5% decrease, not statistically significant (p = 0.263), medium effect size (d=-0.51)"}, {"cityName": "Erlangen", "timestamp": "2021-02", "value": 7.466277539996164e-05, "incidence": 39.15357142857143, "pValue": 0.13382191619810996, "interpretation": "28.1% decrease, not statistically significant (p = 0.134), medium effect size (d=-0.65)"}, {"cityName": "F\u00fcrth", "timestamp": "2021-02", "value": 7.437500171363354e-05, "incidence": 63.917857142857144, "pValue": 0.12773485880334934, "interpretation": "26.7% decrease, not statistically significant (p = 0.128), medium effect size (d=-0.66)"}, {"cityName": "N\u00fcrnberg", "timestamp": "2021-02", "value": 6.83277365610455e-05, "incidence": 95.90357142857145, "pValue": 0.0646466882744433, "interpretation": "31.8% decrease, not statistically significant (p = 0.065), medium effect size (d=-0.74)"}, {"cityName": "W\u00fcrzburg", "timestamp": "2021-02", "value": 6.119286990724504e-05, "incidence": 47.146428571428565, "pValue": 0.00845570229452117, "interpretation": "39.6% decrease, very significant (p < 0.01), large effect size (d=-1.20)"}, {"cityName": "Augsburg", "timestamp": "2021-02", "value": 5.8331656663750226e-05, "incidence": 69.84285714285714, "pValue": 0.0904929741997739, "interpretation": "33.0% decrease, not statistically significant (p = 0.090), medium effect size (d=-0.69)"}, {"cityName": "Saarbr\u00fccken", "timestamp": "2021-02", "value": 4.015460920830568e-05, "incidence": 91.06428571428572, "pValue": 0.004220156249762632, "interpretation": "47.9% decrease, very significant (p < 0.01), large effect size (d=-1.30)"}, {"cityName": "Berlin", "timestamp": "2021-02", "value": 7.828393178742106e-05, "incidence": 0.0, "pValue": 0.38040627855082887, "interpretation": "17.5% decrease, not statistically significant (p = 0.380), small effect size (d=-0.43)"}, {"cityName": "Cottbus", "timestamp": "2021-02", "value": 6.276918037866171e-05, "incidence": 109.675, "pValue": 0.5152231265791813, "interpretation": "15.2% decrease, not statistically significant (p = 0.515), small effect size (d=-0.38)"}, {"cityName": "Potsdam", "timestamp": "2021-02", "value": 5.767514983959058e-05, "incidence": 43.09642857142857, "pValue": 0.38885820308938124, "interpretation": "20.4% decrease, not statistically significant (p = 0.389), small effect size (d=-0.45)"}, {"cityName": "Rostock", "timestamp": "2021-02", "value": 5.8823910711163826e-05, "incidence": 29.010714285714283, "pValue": 0.8596520752364788, "interpretation": "4.3% increase, not statistically significant (p = 0.860), negligible effect size (d=0.08)"}, {"cityName": "Chemnitz", "timestamp": "2021-02", "value": 5.203688789795085e-05, "incidence": 60.75357142857143, "pValue": 0.3753514213938095, "interpretation": "15.8% decrease, not statistically significant (p = 0.375), small effect size (d=-0.42)"}, {"cityName": "Dresden", "timestamp": "2021-02", "value": 9.040464223785834e-05, "incidence": 70.52857142857142, "pValue": 0.2762503239186051, "interpretation": "35.2% increase, not statistically significant (p = 0.276), medium effect size (d=0.53)"}, {"cityName": "Leipzig", "timestamp": "2021-02", "value": 8.542101611109341e-05, "incidence": 56.99285714285715, "pValue": 0.2965168433445652, "interpretation": "26.0% increase, not statistically significant (p = 0.297), small effect size (d=0.48)"}, {"cityName": "Halle (Saale)", "timestamp": "2021-02", "value": 7.076379066954057e-05, "incidence": 107.5892857142857, "pValue": 0.8604322088192354, "interpretation": "3.0% decrease, not statistically significant (p = 0.860), negligible effect size (d=-0.08)"}, {"cityName": "Magdeburg", "timestamp": "2021-02", "value": 6.370982890458483e-05, "incidence": 55.49285714285714, "pValue": 0.8385259004350796, "interpretation": "3.9% decrease, not statistically significant (p = 0.839), negligible effect size (d=-0.09)"}, {"cityName": "Erfurt", "timestamp": "2021-02", "value": 7.749044712870679e-05, "incidence": 98.37142857142855, "pValue": 0.30141944310556323, "interpretation": "20.1% increase, not statistically significant (p = 0.301), small effect size (d=0.39)"}, {"cityName": "Jena", "timestamp": "2021-02", "value": 6.776162061012453e-05, "incidence": 79.65714285714286, "pValue": 0.6870539101680893, "interpretation": "8.9% increase, not statistically significant (p = 0.687), negligible effect size (d=0.16)"}]