[
    {
        "cityName": "Kiel",
        "timestamp": "2019-03",
        "value": 3.610081538291914e-05,
        "incidence": 0.0,
        "pValue": 1.0,
        "interpretation": "Precovid baseline"
    },
    {
        "cityName": "L\u00fcbeck",
        "timestamp": "2019-03",
        "value": 6.21350740806924e-05,
        "incidence": 0.0,
        "pValue": 1.0,
        "interpretation": "Precovid baseline"
    },
    {
        "cityName": "Hamburg",
        "timestamp": "2019-03",
        "value": 7.717374160333916e-05,
        "incidence": 0.0,
        "pValue": 1.0,
        "interpretation": "Precovid baseline"
    },
    {
        "cityName": "Braunschweig",
        "timestamp": "2019-03",
        "value": 7.053630371742388e-05,
        "incidence": 0.0,
        "pValue": 1.0,
        "interpretation": "Precovid baseline"
    },
    {
        "cityName": "Salzgitter",
        "timestamp": "2019-03",
        "value": 7.277921540662646e-05,
        "incidence": 0.0,
        "pValue": 1.0,
        "interpretation": "Precovid baseline"
    },
    {
        "cityName": "Wolfsburg",
        "timestamp": "2019-03",
        "value": 6.201101074877538e-05,
        "incidence": 0.0,
        "pValue": 1.0,
        "interpretation": "Precovid baseline"
    },
    {
        "cityName": "G\u00f6ttingen",
        "timestamp": "2019-03",
        "value": 6.29028460631768e-05,
        "incidence": 0.0,
        "pValue": 1.0,
        "interpretation": "Precovid baseline"
    },
    {
        "cityName": "Hannover",
        "timestamp": "2019-03",
        "value": 8.838170967800052e-05,
        "incidence": 0.0,
        "pValue": 1.0,
        "interpretation": "Precovid baseline"
    },
    {
        "cityName": "Hildesheim",
        "timestamp": "2019-03",
        "value": 7.130860296242377e-05,
        "incidence": 0.0,
        "pValue": 1.0,
        "interpretation": "Precovid baseline"
    },
    {
        "cityName": "Oldenburg (Oldb)",
        "timestamp": "2019-03",
        "value": 6.566419615410269e-05,
        "incidence": 0.0,
        "pValue": 1.0,
        "interpretation": "Precovid baseline"
    },
    {
        "cityName": "Osnabr\u00fcck",
        "timestamp": "2019-03",
        "value": 0.00010148715227842331,
        "incidence": 0.0,
        "pValue": 1.0,
        "interpretation": "Precovid baseline"
    },
    {
        "cityName": "Bremen",
        "timestamp": "2019-03",
        "value": 8.965469133414207e-05,
        "incidence": 0.0,
        "pValue": 1.0,
        "interpretation": "Precovid baseline"
    },
    {
        "cityName": "Bremerhaven",
        "timestamp": "2019-03",
        "value": 5.6617693709475656e-05,
        "incidence": 0.0,
        "pValue": 1.0,
        "interpretation": "Precovid baseline"
    },
    {
        "cityName": "D\u00fcsseldorf",
        "timestamp": "2019-03",
        "value": 0.00019883682451597075,
        "incidence": 0.0,
        "pValue": 1.0,
        "interpretation": "Precovid baseline"
    },
    {
        "cityName": "Duisburg",
        "timestamp": "2019-03",
        "value": 0.00017931904548253768,
        "incidence": 0.0,
        "pValue": 1.0,
        "interpretation": "Precovid baseline"
    },
    {
        "cityName": "Essen",
        "timestamp": "2019-03",
        "value": 0.00018797491271144306,
        "incidence": 0.0,
        "pValue": 1.0,
        "interpretation": "Precovid baseline"
    },
    {
        "cityName": "Krefeld",
        "timestamp": "2019-03",
        "value": 0.00013400953657065446,
        "incidence": 0.0,
        "pValue": 1.0,
        "interpretation": "Precovid baseline"
    },
    {
        "cityName": "M\u00f6nchengladbach",
        "timestamp": "2019-03",
        "value": 0.00014308136727275519,
        "incidence": 0.0,
        "pValue": 1.0,
        "interpretation": "Precovid baseline"
    },
    {
        "cityName": "M\u00fclheim an der Ruhr",
        "timestamp": "2019-03",
        "value": 0.00017642873960236707,
        "incidence": 0.0,
        "pValue": 1.0,
        "interpretation": "Precovid baseline"
    },
    {
        "cityName": "Oberhausen",
        "timestamp": "2019-03",
        "value": 0.00021876324899494648,
        "incidence": 0.0,
        "pValue": 1.0,
        "interpretation": "Precovid baseline"
    },
    {
        "cityName": "Remscheid",
        "timestamp": "2019-03",
        "value": 0.00012155513589580853,
        "incidence": 0.0,
        "pValue": 1.0,
        "interpretation": "Precovid baseline"
    },
    {
        "cityName": "Solingen",
        "timestamp": "2019-03",
        "value": 0.00013601627142634243,
        "incidence": 0.0,
        "pValue": 1.0,
        "interpretation": "Precovid baseline"
    },
    {
        "cityName": "Wuppertal",
        "timestamp": "2019-03",
        "value": 0.00014830734235820946,
        "incidence": 0.0,
        "pValue": 1.0,
        "interpretation": "Precovid baseline"
    },
    {
        "cityName": "Neuss",
        "timestamp": "2019-03",
        "value": 0.00015787489246577024,
        "incidence": 0.0,
        "pValue": 1.0,
        "interpretation": "Precovid baseline"
    },
    {
        "cityName": "Moers",
        "timestamp": "2019-03",
        "value": 0.00015734867858035223,
        "incidence": 0.0,
        "pValue": 1.0,
        "interpretation": "Precovid baseline"
    },
    {
        "cityName": "Bonn",
        "timestamp": "2019-03",
        "value": 0.00011100615798072381,
        "incidence": 0.0,
        "pValue": 1.0,
        "interpretation": "Precovid baseline"
    },
    {
        "cityName": "K\u00f6ln",
        "timestamp": "2019-03",
        "value": 0.0001530423372363051,
        "incidence": 0.0,
        "pValue": 1.0,
        "interpretation": "Precovid baseline"
    },
    {
        "cityName": "Leverkusen",
        "timestamp": "2019-03",
        "value": 0.00014006077738789222,
        "incidence": 0.0,
        "pValue": 1.0,
        "interpretation": "Precovid baseline"
    },
    {
        "cityName": "Aachen",
        "timestamp": "2019-03",
        "value": 0.00010602787169146126,
        "incidence": 0.0,
        "pValue": 1.0,
        "interpretation": "Precovid baseline"
    },
    {
        "cityName": "Bergisch Gladbach",
        "timestamp": "2019-03",
        "value": 0.00011317267282200711,
        "incidence": 0.0,
        "pValue": 1.0,
        "interpretation": "Precovid baseline"
    },
    {
        "cityName": "Bottrop",
        "timestamp": "2019-03",
        "value": 0.0002318686422179727,
        "incidence": 0.0,
        "pValue": 1.0,
        "interpretation": "Precovid baseline"
    },
    {
        "cityName": "Gelsenkirchen",
        "timestamp": "2019-03",
        "value": 0.00024382345487966258,
        "incidence": 0.0,
        "pValue": 1.0,
        "interpretation": "Precovid baseline"
    },
    {
        "cityName": "M\u00fcnster",
        "timestamp": "2019-03",
        "value": 0.00010527544573210834,
        "incidence": 0.0,
        "pValue": 1.0,
        "interpretation": "Precovid baseline"
    },
    {
        "cityName": "Recklinghausen",
        "timestamp": "2019-03",
        "value": 0.00022823232799195327,
        "incidence": 0.0,
        "pValue": 1.0,
        "interpretation": "Precovid baseline"
    },
    {
        "cityName": "Bielefeld",
        "timestamp": "2019-03",
        "value": 8.471799083054066e-05,
        "incidence": 0.0,
        "pValue": 1.0,
        "interpretation": "Precovid baseline"
    },
    {
        "cityName": "G\u00fctersloh",
        "timestamp": "2019-03",
        "value": 8.561101276427507e-05,
        "incidence": 0.0,
        "pValue": 1.0,
        "interpretation": "Precovid baseline"
    },
    {
        "cityName": "Paderborn",
        "timestamp": "2019-03",
        "value": 7.400455914678113e-05,
        "incidence": 0.0,
        "pValue": 1.0,
        "interpretation": "Precovid baseline"
    },
    {
        "cityName": "Bochum",
        "timestamp": "2019-03",
        "value": 0.00018349101689333716,
        "incidence": 0.0,
        "pValue": 1.0,
        "interpretation": "Precovid baseline"
    },
    {
        "cityName": "Dortmund",
        "timestamp": "2019-03",
        "value": 0.0001914473067896039,
        "incidence": 0.0,
        "pValue": 1.0,
        "interpretation": "Precovid baseline"
    },
    {
        "cityName": "Hagen",
        "timestamp": "2019-03",
        "value": 0.00015999168029119228,
        "incidence": 0.0,
        "pValue": 1.0,
        "interpretation": "Precovid baseline"
    },
    {
        "cityName": "Hamm",
        "timestamp": "2019-03",
        "value": 0.000145851257478907,
        "incidence": 0.0,
        "pValue": 1.0,
        "interpretation": "Precovid baseline"
    },
    {
        "cityName": "Herne",
        "timestamp": "2019-03",
        "value": 0.00020734877325594424,
        "incidence": 0.0,
        "pValue": 1.0,
        "interpretation": "Precovid baseline"
    },
    {
        "cityName": "Siegen",
        "timestamp": "2019-03",
        "value": 8.225775090977549e-05,
        "incidence": 0.0,
        "pValue": 1.0,
        "interpretation": "Precovid baseline"
    },
    {
        "cityName": "Darmstadt",
        "timestamp": "2019-03",
        "value": 0.00015977374278008938,
        "incidence": 0.0,
        "pValue": 1.0,
        "interpretation": "Precovid baseline"
    },
    {
        "cityName": "Frankfurt am Main",
        "timestamp": "2019-03",
        "value": 0.00017610342580486429,
        "incidence": 0.0,
        "pValue": 1.0,
        "interpretation": "Precovid baseline"
    },
    {
        "cityName": "Offenbach am Main",
        "timestamp": "2019-03",
        "value": 0.00014907493129033935,
        "incidence": 0.0,
        "pValue": 1.0,
        "interpretation": "Precovid baseline"
    },
    {
        "cityName": "Wiesbaden",
        "timestamp": "2019-03",
        "value": 0.00015529701744930612,
        "incidence": 0.0,
        "pValue": 1.0,
        "interpretation": "Precovid baseline"
    },
    {
        "cityName": "Hanau",
        "timestamp": "2019-03",
        "value": 0.00012036666381531037,
        "incidence": 0.0,
        "pValue": 1.0,
        "interpretation": "Precovid baseline"
    },
    {
        "cityName": "Kassel",
        "timestamp": "2019-03",
        "value": 7.236076958684457e-05,
        "incidence": 0.0,
        "pValue": 1.0,
        "interpretation": "Precovid baseline"
    },
    {
        "cityName": "Koblenz",
        "timestamp": "2019-03",
        "value": 0.0001284223205099503,
        "incidence": 0.0,
        "pValue": 1.0,
        "interpretation": "Precovid baseline"
    },
    {
        "cityName": "Trier",
        "timestamp": "2019-03",
        "value": 7.588366279378533e-05,
        "incidence": 0.0,
        "pValue": 1.0,
        "interpretation": "Precovid baseline"
    },
    {
        "cityName": "Kaiserslautern",
        "timestamp": "2019-03",
        "value": 7.881741755856917e-05,
        "incidence": 0.0,
        "pValue": 1.0,
        "interpretation": "Precovid baseline"
    },
    {
        "cityName": "Ludwigshafen am Rhein",
        "timestamp": "2019-03",
        "value": 0.00013957675158356628,
        "incidence": 0.0,
        "pValue": 1.0,
        "interpretation": "Precovid baseline"
    },
    {
        "cityName": "Mainz",
        "timestamp": "2019-03",
        "value": 0.00018837036623153836,
        "incidence": 0.0,
        "pValue": 1.0,
        "interpretation": "Precovid baseline"
    },
    {
        "cityName": "Stuttgart",
        "timestamp": "2019-03",
        "value": 9.144291592140992e-05,
        "incidence": 0.0,
        "pValue": 1.0,
        "interpretation": "Precovid baseline"
    },
    {
        "cityName": "Heilbronn",
        "timestamp": "2019-03",
        "value": 7.882537061555518e-05,
        "incidence": 0.0,
        "pValue": 1.0,
        "interpretation": "Precovid baseline"
    },
    {
        "cityName": "Karlsruhe",
        "timestamp": "2019-03",
        "value": 0.00011085968775053819,
        "incidence": 0.0,
        "pValue": 1.0,
        "interpretation": "Precovid baseline"
    },
    {
        "cityName": "Heidelberg",
        "timestamp": "2019-03",
        "value": 0.00010929342457338383,
        "incidence": 0.0,
        "pValue": 1.0,
        "interpretation": "Precovid baseline"
    },
    {
        "cityName": "Mannheim",
        "timestamp": "2019-03",
        "value": 0.00013620728626847266,
        "incidence": 0.0,
        "pValue": 1.0,
        "interpretation": "Precovid baseline"
    },
    {
        "cityName": "Pforzheim",
        "timestamp": "2019-03",
        "value": 9.833997400063608e-05,
        "incidence": 0.0,
        "pValue": 1.0,
        "interpretation": "Precovid baseline"
    },
    {
        "cityName": "Freiburg im Breisgau",
        "timestamp": "2019-03",
        "value": 7.433455471915227e-05,
        "incidence": 0.0,
        "pValue": 1.0,
        "interpretation": "Precovid baseline"
    },
    {
        "cityName": "Reutlingen",
        "timestamp": "2019-03",
        "value": 8.269085083156824e-05,
        "incidence": 0.0,
        "pValue": 1.0,
        "interpretation": "Precovid baseline"
    },
    {
        "cityName": "Ulm",
        "timestamp": "2019-03",
        "value": 7.687217408889218e-05,
        "incidence": 0.0,
        "pValue": 1.0,
        "interpretation": "Precovid baseline"
    },
    {
        "cityName": "Ingolstadt",
        "timestamp": "2019-03",
        "value": 7.14965184063961e-05,
        "incidence": 0.0,
        "pValue": 1.0,
        "interpretation": "Precovid baseline"
    },
    {
        "cityName": "M\u00fcnchen",
        "timestamp": "2019-03",
        "value": 8.289769399338044e-05,
        "incidence": 0.0,
        "pValue": 1.0,
        "interpretation": "Precovid baseline"
    },
    {
        "cityName": "Regensburg",
        "timestamp": "2019-03",
        "value": 7.69786691914002e-05,
        "incidence": 0.0,
        "pValue": 1.0,
        "interpretation": "Precovid baseline"
    },
    {
        "cityName": "Erlangen",
        "timestamp": "2019-03",
        "value": 7.923553597980313e-05,
        "incidence": 0.0,
        "pValue": 1.0,
        "interpretation": "Precovid baseline"
    },
    {
        "cityName": "F\u00fcrth",
        "timestamp": "2019-03",
        "value": 8.635030826553702e-05,
        "incidence": 0.0,
        "pValue": 1.0,
        "interpretation": "Precovid baseline"
    },
    {
        "cityName": "N\u00fcrnberg",
        "timestamp": "2019-03",
        "value": 8.206231745355058e-05,
        "incidence": 0.0,
        "pValue": 1.0,
        "interpretation": "Precovid baseline"
    },
    {
        "cityName": "W\u00fcrzburg",
        "timestamp": "2019-03",
        "value": 8.595379040343687e-05,
        "incidence": 0.0,
        "pValue": 1.0,
        "interpretation": "Precovid baseline"
    },
    {
        "cityName": "Augsburg",
        "timestamp": "2019-03",
        "value": 7.379540833286368e-05,
        "incidence": 0.0,
        "pValue": 1.0,
        "interpretation": "Precovid baseline"
    },
    {
        "cityName": "Saarbr\u00fccken",
        "timestamp": "2019-03",
        "value": 0.00010269953248401484,
        "incidence": 0.0,
        "pValue": 1.0,
        "interpretation": "Precovid baseline"
    },
    {
        "cityName": "Berlin",
        "timestamp": "2019-03",
        "value": 6.667058347020207e-05,
        "incidence": 0.0,
        "pValue": 1.0,
        "interpretation": "Precovid baseline"
    },
    {
        "cityName": "Cottbus",
        "timestamp": "2019-03",
        "value": 7.718910749715108e-05,
        "incidence": 0.0,
        "pValue": 1.0,
        "interpretation": "Precovid baseline"
    },
    {
        "cityName": "Potsdam",
        "timestamp": "2019-03",
        "value": 4.9522091798922594e-05,
        "incidence": 0.0,
        "pValue": 1.0,
        "interpretation": "Precovid baseline"
    },
    {
        "cityName": "Rostock",
        "timestamp": "2019-03",
        "value": 3.134380235816493e-05,
        "incidence": 0.0,
        "pValue": 1.0,
        "interpretation": "Precovid baseline"
    },
    {
        "cityName": "Chemnitz",
        "timestamp": "2019-03",
        "value": 6.038925565052323e-05,
        "incidence": 0.0,
        "pValue": 1.0,
        "interpretation": "Precovid baseline"
    },
    {
        "cityName": "Dresden",
        "timestamp": "2019-03",
        "value": 8.479060435836966e-05,
        "incidence": 0.0,
        "pValue": 1.0,
        "interpretation": "Precovid baseline"
    },
    {
        "cityName": "Leipzig",
        "timestamp": "2019-03",
        "value": 8.622451009703618e-05,
        "incidence": 0.0,
        "pValue": 1.0,
        "interpretation": "Precovid baseline"
    },
    {
        "cityName": "Halle (Saale)",
        "timestamp": "2019-03",
        "value": 9.195957682095468e-05,
        "incidence": 0.0,
        "pValue": 1.0,
        "interpretation": "Precovid baseline"
    },
    {
        "cityName": "Magdeburg",
        "timestamp": "2019-03",
        "value": 7.304207323805283e-05,
        "incidence": 0.0,
        "pValue": 1.0,
        "interpretation": "Precovid baseline"
    },
    {
        "cityName": "Erfurt",
        "timestamp": "2019-03",
        "value": 7.94162835053941e-05,
        "incidence": 0.0,
        "pValue": 1.0,
        "interpretation": "Precovid baseline"
    },
    {
        "cityName": "Jena",
        "timestamp": "2019-03",
        "value": 6.518494855198596e-05,
        "incidence": 0.0,
        "pValue": 1.0,
        "interpretation": "Precovid baseline"
    }
]