[{"cityName": "Kiel", "timestamp": "2023-05", "value": 3.218969296930092e-05, "incidence": 11.512903225806449, "pValue": 0.29922099454195794, "interpretation": "10.6% decrease, not statistically significant (p = 0.299), small effect size (d=-0.43)"}, {"cityName": "L\u00fcbeck", "timestamp": "2023-05", "value": 3.182885120622814e-05, "incidence": 7.916129032258063, "pValue": 0.29152356433040416, "interpretation": "12.8% decrease, not statistically significant (p = 0.292), small effect size (d=-0.48)"}, {"cityName": "Hamburg", "timestamp": "2023-05", "value": 4.812349668807453e-05, "incidence": 9.741935483870968, "pValue": 0.560175468627029, "interpretation": "7.6% decrease, not statistically significant (p = 0.560), small effect size (d=-0.22)"}, {"cityName": "Braunschweig", "timestamp": "2023-05", "value": 3.2642308403463923e-05, "incidence": 12.441935483870969, "pValue": 0.06322611217965403, "interpretation": "24.6% decrease, not statistically significant (p = 0.063), large effect size (d=-1.16)"}, {"cityName": "Salzgitter", "timestamp": "2023-05", "value": 3.721786197274923e-05, "incidence": 7.906451612903226, "pValue": 0.3646681210098678, "interpretation": "10.6% decrease, not statistically significant (p = 0.365), small effect size (d=-0.44)"}, {"cityName": "Wolfsburg", "timestamp": "2023-05", "value": 3.1946107475577214e-05, "incidence": 9.551612903225807, "pValue": 0.27198717717124016, "interpretation": "17.1% decrease, not statistically significant (p = 0.272), medium effect size (d=-0.62)"}, {"cityName": "G\u00f6ttingen", "timestamp": "2023-05", "value": 2.9534833239657538e-05, "incidence": 15.33548387096774, "pValue": 0.06508025255920293, "interpretation": "28.2% decrease, not statistically significant (p = 0.065), large effect size (d=-1.30)"}, {"cityName": "Hannover", "timestamp": "2023-05", "value": 4.011149652988503e-05, "incidence": 9.829032258064515, "pValue": 0.6863906978675862, "interpretation": "6.0% decrease, not statistically significant (p = 0.686), negligible effect size (d=-0.18)"}, {"cityName": "Hildesheim", "timestamp": "2023-05", "value": 3.477482481257004e-05, "incidence": 8.003225806451614, "pValue": 0.12934994807967715, "interpretation": "19.1% decrease, not statistically significant (p = 0.129), large effect size (d=-0.92)"}, {"cityName": "Oldenburg (Oldb)", "timestamp": "2023-05", "value": 3.4565059468150136e-05, "incidence": 8.283870967741937, "pValue": 0.15847701061372552, "interpretation": "19.6% decrease, not statistically significant (p = 0.158), medium effect size (d=-0.60)"}, {"cityName": "Osnabr\u00fcck", "timestamp": "2023-05", "value": 3.762294760566544e-05, "incidence": 8.087096774193547, "pValue": 0.019693728449357926, "interpretation": "28.6% decrease, significant (p = 0.020), large effect size (d=-1.18)"}, {"cityName": "Bremen", "timestamp": "2023-05", "value": 3.920913460191156e-05, "incidence": 11.974193548387099, "pValue": 0.2222384572971397, "interpretation": "20.9% decrease, not statistically significant (p = 0.222), small effect size (d=-0.44)"}, {"cityName": "Bremerhaven", "timestamp": "2023-05", "value": 3.291436379575836e-05, "incidence": 6.993548387096772, "pValue": 0.18950967234382382, "interpretation": "16.2% decrease, not statistically significant (p = 0.190), medium effect size (d=-0.54)"}, {"cityName": "D\u00fcsseldorf", "timestamp": "2023-05", "value": 7.584166894780426e-05, "incidence": 6.012903225806452, "pValue": 0.014628290709317544, "interpretation": "29.5% decrease, significant (p = 0.015), large effect size (d=-1.08)"}, {"cityName": "Duisburg", "timestamp": "2023-05", "value": 8.493069057854322e-05, "incidence": 5.399999999999999, "pValue": 0.000487035942223971, "interpretation": "36.1% decrease, highly significant (p < 0.001), large effect size (d=-1.60)"}, {"cityName": "Essen", "timestamp": "2023-05", "value": 7.00261025952223e-05, "incidence": 10.62258064516129, "pValue": 0.01940920183117095, "interpretation": "37.1% decrease, significant (p = 0.019), large effect size (d=-1.08)"}, {"cityName": "Krefeld", "timestamp": "2023-05", "value": 9.093953009981375e-05, "incidence": 4.3354838709677415, "pValue": 0.1039199587536272, "interpretation": "23.8% decrease, not statistically significant (p = 0.104), medium effect size (d=-0.72)"}, {"cityName": "M\u00f6nchengladbach", "timestamp": "2023-05", "value": 8.215597059963078e-05, "incidence": 3.8161290322580648, "pValue": 0.09282787408295894, "interpretation": "27.5% decrease, not statistically significant (p = 0.093), medium effect size (d=-0.71)"}, {"cityName": "M\u00fclheim an der Ruhr", "timestamp": "2023-05", "value": 7.386519832329618e-05, "incidence": 12.261290322580647, "pValue": 0.006345884653984823, "interpretation": "34.0% decrease, very significant (p < 0.01), large effect size (d=-1.35)"}, {"cityName": "Oberhausen", "timestamp": "2023-05", "value": 7.40120169491722e-05, "incidence": 12.574193548387093, "pValue": 0.005224414873725383, "interpretation": "38.0% decrease, very significant (p < 0.01), large effect size (d=-1.46)"}, {"cityName": "Remscheid", "timestamp": "2023-05", "value": 5.126053389782707e-05, "incidence": 10.287096774193552, "pValue": 0.013121844327778475, "interpretation": "32.0% decrease, significant (p = 0.013), large effect size (d=-1.23)"}, {"cityName": "Solingen", "timestamp": "2023-05", "value": 5.9391240938566625e-05, "incidence": 5.293548387096773, "pValue": 0.013254057482655764, "interpretation": "29.6% decrease, significant (p = 0.013), large effect size (d=-1.12)"}, {"cityName": "Wuppertal", "timestamp": "2023-05", "value": 5.7506461248353674e-05, "incidence": 8.348387096774193, "pValue": 0.015545151649425685, "interpretation": "28.2% decrease, significant (p = 0.016), large effect size (d=-1.23)"}, {"cityName": "Neuss", "timestamp": "2023-05", "value": 7.644870493095368e-05, "incidence": 4.0354838709677425, "pValue": 0.0032667831107063288, "interpretation": "41.6% decrease, very significant (p < 0.01), large effect size (d=-1.50)"}, {"cityName": "Moers", "timestamp": "2023-05", "value": 8.78681312315166e-05, "incidence": 4.806451612903226, "pValue": 0.007807618441024566, "interpretation": "36.2% decrease, very significant (p < 0.01), large effect size (d=-1.35)"}, {"cityName": "Bonn", "timestamp": "2023-05", "value": 6.216466003520922e-05, "incidence": 5.703225806451614, "pValue": 0.0015009236321251972, "interpretation": "43.6% decrease, very significant (p < 0.01), large effect size (d=-1.45)"}, {"cityName": "K\u00f6ln", "timestamp": "2023-05", "value": 6.675306293699477e-05, "incidence": 4.129032258064516, "pValue": 7.530530789823771e-06, "interpretation": "41.9% decrease, highly significant (p < 0.001), large effect size (d=-1.92)"}, {"cityName": "Leverkusen", "timestamp": "2023-05", "value": 5.9917738932805754e-05, "incidence": 8.538709677419357, "pValue": 0.0001495175433674452, "interpretation": "42.6% decrease, highly significant (p < 0.001), large effect size (d=-1.94)"}, {"cityName": "Aachen", "timestamp": "2023-05", "value": 6.661531997138057e-05, "incidence": 5.0129032258064505, "pValue": 0.06849098107938936, "interpretation": "38.3% decrease, not statistically significant (p = 0.068), large effect size (d=-0.82)"}, {"cityName": "Bergisch Gladbach", "timestamp": "2023-05", "value": 4.878193638952715e-05, "incidence": 4.245161290322581, "pValue": 0.00010515833702997835, "interpretation": "44.3% decrease, highly significant (p < 0.001), large effect size (d=-2.04)"}, {"cityName": "Bottrop", "timestamp": "2023-05", "value": 6.123058333554688e-05, "incidence": 6.080645161290323, "pValue": 0.00420142631898621, "interpretation": "46.9% decrease, very significant (p < 0.01), large effect size (d=-1.51)"}, {"cityName": "Gelsenkirchen", "timestamp": "2023-05", "value": 6.272040499264703e-05, "incidence": 6.951612903225807, "pValue": 0.002743999163157753, "interpretation": "45.0% decrease, very significant (p < 0.01), large effect size (d=-1.54)"}, {"cityName": "M\u00fcnster", "timestamp": "2023-05", "value": 4.000259612343813e-05, "incidence": 4.854838709677418, "pValue": 0.033193490504325386, "interpretation": "28.2% decrease, significant (p = 0.033), large effect size (d=-0.88)"}, {"cityName": "Recklinghausen", "timestamp": "2023-05", "value": 4.9813766963779926e-05, "incidence": 9.480645161290322, "pValue": 0.026171925529911228, "interpretation": "34.0% decrease, significant (p = 0.026), large effect size (d=-1.23)"}, {"cityName": "Bielefeld", "timestamp": "2023-05", "value": 3.8086145650595427e-05, "incidence": 6.674193548387098, "pValue": 0.05698474757709815, "interpretation": "20.1% decrease, not statistically significant (p = 0.057), large effect size (d=-0.87)"}, {"cityName": "G\u00fctersloh", "timestamp": "2023-05", "value": 3.89408232877031e-05, "incidence": 4.822580645161288, "pValue": 0.053554104059814714, "interpretation": "23.0% decrease, not statistically significant (p = 0.054), large effect size (d=-0.88)"}, {"cityName": "Paderborn", "timestamp": "2023-05", "value": 3.417059704060516e-05, "incidence": 3.2580645161290316, "pValue": 0.017604786822064622, "interpretation": "29.7% decrease, significant (p = 0.018), large effect size (d=-1.12)"}, {"cityName": "Bochum", "timestamp": "2023-05", "value": 6.305980302082996e-05, "incidence": 8.170967741935485, "pValue": 0.018157212106043305, "interpretation": "42.2% decrease, significant (p = 0.018), large effect size (d=-1.14)"}, {"cityName": "Dortmund", "timestamp": "2023-05", "value": 4.986794574149684e-05, "incidence": 7.870967741935483, "pValue": 0.00019114225887589416, "interpretation": "47.0% decrease, highly significant (p < 0.001), large effect size (d=-2.02)"}, {"cityName": "Hagen", "timestamp": "2023-05", "value": 4.831312529357343e-05, "incidence": 8.98709677419355, "pValue": 0.0029754277910978536, "interpretation": "42.1% decrease, very significant (p < 0.01), large effect size (d=-1.67)"}, {"cityName": "Hamm", "timestamp": "2023-05", "value": 4.290360569333037e-05, "incidence": 6.4387096774193555, "pValue": 0.0024313693682518275, "interpretation": "51.1% decrease, very significant (p < 0.01), large effect size (d=-1.82)"}, {"cityName": "Herne", "timestamp": "2023-05", "value": 5.83712593652308e-05, "incidence": 7.087096774193548, "pValue": 0.00161798846286091, "interpretation": "51.3% decrease, very significant (p < 0.01), large effect size (d=-1.81)"}, {"cityName": "Siegen", "timestamp": "2023-05", "value": 3.585448139347136e-05, "incidence": 5.838709677419355, "pValue": 0.0243879963564538, "interpretation": "38.5% decrease, significant (p = 0.024), large effect size (d=-1.10)"}, {"cityName": "Darmstadt", "timestamp": "2023-05", "value": 4.921627061610872e-05, "incidence": 7.61290322580645, "pValue": 0.01149430514116046, "interpretation": "22.9% decrease, significant (p = 0.011), large effect size (d=-1.09)"}, {"cityName": "Frankfurt am Main", "timestamp": "2023-05", "value": 5.655702394009991e-05, "incidence": 6.925806451612903, "pValue": 0.05924170051404193, "interpretation": "26.7% decrease, not statistically significant (p = 0.059), medium effect size (d=-0.71)"}, {"cityName": "Offenbach am Main", "timestamp": "2023-05", "value": 4.9625544554807924e-05, "incidence": 6.922580645161288, "pValue": 0.004986667300246883, "interpretation": "33.0% decrease, very significant (p < 0.01), large effect size (d=-1.29)"}, {"cityName": "Wiesbaden", "timestamp": "2023-05", "value": 5.0814589485526085e-05, "incidence": 4.964516129032259, "pValue": 0.06716396570382246, "interpretation": "20.9% decrease, not statistically significant (p = 0.067), medium effect size (d=-0.73)"}, {"cityName": "Hanau", "timestamp": "2023-05", "value": 4.3911675815112314e-05, "incidence": 7.703225806451611, "pValue": 0.12873934826351238, "interpretation": "18.0% decrease, not statistically significant (p = 0.129), medium effect size (d=-0.74)"}, {"cityName": "Kassel", "timestamp": "2023-05", "value": 3.2517017744895485e-05, "incidence": 8.496774193548388, "pValue": 0.054311978104558456, "interpretation": "16.6% decrease, not statistically significant (p = 0.054), large effect size (d=-0.98)"}, {"cityName": "Koblenz", "timestamp": "2023-05", "value": 5.055234780431622e-05, "incidence": 5.72258064516129, "pValue": 0.1446408242167392, "interpretation": "16.2% decrease, not statistically significant (p = 0.145), medium effect size (d=-0.57)"}, {"cityName": "Trier", "timestamp": "2023-05", "value": 4.124005208723247e-05, "incidence": 10.01935483870968, "pValue": 0.05134233734152567, "interpretation": "20.2% decrease, not statistically significant (p = 0.051), large effect size (d=-0.88)"}, {"cityName": "Kaiserslautern", "timestamp": "2023-05", "value": 4.0138077635604604e-05, "incidence": 5.383870967741936, "pValue": 0.01470586690486769, "interpretation": "30.5% decrease, significant (p = 0.015), large effect size (d=-1.24)"}, {"cityName": "Ludwigshafen am Rhein", "timestamp": "2023-05", "value": 6.323882553260773e-05, "incidence": 2.7322580645161287, "pValue": 0.02711077435095025, "interpretation": "43.3% decrease, significant (p = 0.027), large effect size (d=-1.13)"}, {"cityName": "Mainz", "timestamp": "2023-05", "value": 5.595478432951495e-05, "incidence": 6.648387096774195, "pValue": 0.01885788355683244, "interpretation": "23.2% decrease, significant (p = 0.019), large effect size (d=-0.97)"}, {"cityName": "Stuttgart", "timestamp": "2023-05", "value": 4.2244591491503845e-05, "incidence": 5.693548387096773, "pValue": 0.08371994512335808, "interpretation": "21.1% decrease, not statistically significant (p = 0.084), large effect size (d=-0.87)"}, {"cityName": "Heilbronn", "timestamp": "2023-05", "value": 3.9818777521658274e-05, "incidence": 5.996774193548388, "pValue": 0.0018424462975447703, "interpretation": "26.1% decrease, very significant (p < 0.01), large effect size (d=-1.45)"}, {"cityName": "Karlsruhe", "timestamp": "2023-05", "value": 4.6378769911825654e-05, "incidence": 4.980645161290322, "pValue": 0.17628801035377328, "interpretation": "15.7% decrease, not statistically significant (p = 0.176), medium effect size (d=-0.53)"}, {"cityName": "Heidelberg", "timestamp": "2023-05", "value": 4.463862799304096e-05, "incidence": 5.322580645161291, "pValue": 0.23793814976543007, "interpretation": "13.7% decrease, not statistically significant (p = 0.238), medium effect size (d=-0.58)"}, {"cityName": "Mannheim", "timestamp": "2023-05", "value": 5.634005181491375e-05, "incidence": 6.906451612903226, "pValue": 0.01702206201438954, "interpretation": "40.0% decrease, significant (p = 0.017), large effect size (d=-1.26)"}, {"cityName": "Pforzheim", "timestamp": "2023-05", "value": 3.698453333021866e-05, "incidence": 3.0483870967741926, "pValue": 0.0012944944861551743, "interpretation": "36.2% decrease, very significant (p < 0.01), large effect size (d=-2.16)"}, {"cityName": "Freiburg im Breisgau", "timestamp": "2023-05", "value": 4.102331068780687e-05, "incidence": 4.125806451612903, "pValue": 0.6362622891207197, "interpretation": "5.6% decrease, not statistically significant (p = 0.636), negligible effect size (d=-0.20)"}, {"cityName": "Reutlingen", "timestamp": "2023-05", "value": 3.7074732972541824e-05, "incidence": 5.2870967741935475, "pValue": 0.5488542103582073, "interpretation": "8.2% increase, not statistically significant (p = 0.549), small effect size (d=0.31)"}, {"cityName": "Ulm", "timestamp": "2023-05", "value": 3.5236614119065435e-05, "incidence": 10.11290322580645, "pValue": 0.0225974700606908, "interpretation": "34.8% decrease, significant (p = 0.023), large effect size (d=-1.80)"}, {"cityName": "Ingolstadt", "timestamp": "2023-05", "value": 3.587503306334838e-05, "incidence": 4.458064516129033, "pValue": 0.3067987161921253, "interpretation": "13.0% decrease, not statistically significant (p = 0.307), medium effect size (d=-0.52)"}, {"cityName": "M\u00fcnchen", "timestamp": "2023-05", "value": 4.1691317724493834e-05, "incidence": 8.080645161290322, "pValue": 0.00023293329986899872, "interpretation": "38.9% decrease, highly significant (p < 0.001), large effect size (d=-2.36)"}, {"cityName": "Regensburg", "timestamp": "2023-05", "value": 3.3593899570405486e-05, "incidence": 6.296774193548386, "pValue": 0.019000781509592432, "interpretation": "54.9% increase, significant (p = 0.019), large effect size (d=1.76)"}, {"cityName": "Erlangen", "timestamp": "2023-05", "value": 3.6508032020979696e-05, "incidence": 6.006451612903226, "pValue": 0.9793760264798634, "interpretation": "0.3% increase, not statistically significant (p = 0.979), negligible effect size (d=0.01)"}, {"cityName": "F\u00fcrth", "timestamp": "2023-05", "value": 3.877532726619393e-05, "incidence": 11.712903225806453, "pValue": 0.2988888228533854, "interpretation": "13.4% decrease, not statistically significant (p = 0.299), medium effect size (d=-0.57)"}, {"cityName": "N\u00fcrnberg", "timestamp": "2023-05", "value": 3.790976056321101e-05, "incidence": 8.538709677419353, "pValue": 0.2591766641755006, "interpretation": "13.7% decrease, not statistically significant (p = 0.259), medium effect size (d=-0.55)"}, {"cityName": "W\u00fcrzburg", "timestamp": "2023-05", "value": 3.6342193197924644e-05, "incidence": 9.345161290322583, "pValue": 0.5515216209421951, "interpretation": "8.5% increase, not statistically significant (p = 0.552), small effect size (d=0.34)"}, {"cityName": "Augsburg", "timestamp": "2023-05", "value": 3.946790597043358e-05, "incidence": 5.577419354838709, "pValue": 0.09112401988093857, "interpretation": "26.3% decrease, not statistically significant (p = 0.091), large effect size (d=-0.87)"}, {"cityName": "Saarbr\u00fccken", "timestamp": "2023-05", "value": 3.9798424889643984e-05, "incidence": 9.225806451612904, "pValue": 0.025580186636371835, "interpretation": "25.9% decrease, significant (p = 0.026), large effect size (d=-1.04)"}, {"cityName": "Berlin", "timestamp": "2023-05", "value": 3.991784278030802e-05, "incidence": 0.0, "pValue": 0.34029579354324035, "interpretation": "12.8% decrease, not statistically significant (p = 0.340), small effect size (d=-0.48)"}, {"cityName": "Cottbus", "timestamp": "2023-05", "value": 3.823063945254454e-05, "incidence": 7.903225806451613, "pValue": 0.19324757001779155, "interpretation": "28.5% decrease, not statistically significant (p = 0.193), medium effect size (d=-0.68)"}, {"cityName": "Potsdam", "timestamp": "2023-05", "value": 3.2538154354209406e-05, "incidence": 9.35483870967742, "pValue": 0.4013833510705872, "interpretation": "11.3% decrease, not statistically significant (p = 0.401), small effect size (d=-0.47)"}, {"cityName": "Rostock", "timestamp": "2023-05", "value": 3.023058260706338e-05, "incidence": 10.419354838709678, "pValue": 0.3681649118348035, "interpretation": "14.9% increase, not statistically significant (p = 0.368), small effect size (d=0.36)"}, {"cityName": "Chemnitz", "timestamp": "2023-05", "value": 3.612940426825023e-05, "incidence": 7.848387096774194, "pValue": 0.4084648220095678, "interpretation": "12.6% increase, not statistically significant (p = 0.408), small effect size (d=0.48)"}, {"cityName": "Dresden", "timestamp": "2023-05", "value": 3.5590272058140145e-05, "incidence": 7.006451612903226, "pValue": 0.981709506199625, "interpretation": "0.4% increase, not statistically significant (p = 0.982), negligible effect size (d=0.01)"}, {"cityName": "Leipzig", "timestamp": "2023-05", "value": 3.561174597445072e-05, "incidence": 9.770967741935483, "pValue": 0.9140810895940676, "interpretation": "1.1% decrease, not statistically significant (p = 0.914), negligible effect size (d=-0.05)"}, {"cityName": "Halle (Saale)", "timestamp": "2023-05", "value": 3.392006328795105e-05, "incidence": 14.861290322580645, "pValue": 0.5579042979019804, "interpretation": "7.6% decrease, not statistically significant (p = 0.558), small effect size (d=-0.28)"}, {"cityName": "Magdeburg", "timestamp": "2023-05", "value": 3.154785065960727e-05, "incidence": 8.361290322580647, "pValue": 0.15003016373132957, "interpretation": "13.2% decrease, not statistically significant (p = 0.150), medium effect size (d=-0.66)"}, {"cityName": "Erfurt", "timestamp": "2023-05", "value": 2.7406376172253427e-05, "incidence": 7.1225806451612925, "pValue": 0.5648716728678578, "interpretation": "8.3% decrease, not statistically significant (p = 0.565), small effect size (d=-0.29)"}, {"cityName": "Jena", "timestamp": "2023-05", "value": 2.9905553674325347e-05, "incidence": 12.483870967741938, "pValue": 0.9474841787566657, "interpretation": "0.9% decrease, not statistically significant (p = 0.947), negligible effect size (d=-0.03)"}]