[{"cityName": "Kiel", "timestamp": "2022-10", "value": 5.214791079717023e-05, "incidence": 467.32580645161295, "pValue": 0.6907611802663545, "interpretation": "9.0% increase, not statistically significant (p = 0.691), negligible effect size (d=0.16)"}, {"cityName": "L\u00fcbeck", "timestamp": "2022-10", "value": 4.9846592850776185e-05, "incidence": 610.3225806451612, "pValue": 0.11956304991084361, "interpretation": "21.2% decrease, not statistically significant (p = 0.120), medium effect size (d=-0.65)"}, {"cityName": "Hamburg", "timestamp": "2022-10", "value": 6.693375331384165e-05, "incidence": 357.0645161290322, "pValue": 0.07488257865831756, "interpretation": "23.4% decrease, not statistically significant (p = 0.075), medium effect size (d=-0.63)"}, {"cityName": "Braunschweig", "timestamp": "2022-10", "value": 6.276599186308244e-05, "incidence": 654.232258064516, "pValue": 0.5752341130844083, "interpretation": "6.6% decrease, not statistically significant (p = 0.575), small effect size (d=-0.21)"}, {"cityName": "Salzgitter", "timestamp": "2022-10", "value": 5.7249574456363914e-05, "incidence": 600.0064516129032, "pValue": 0.007770551449820766, "interpretation": "26.6% decrease, very significant (p < 0.01), large effect size (d=-1.05)"}, {"cityName": "Wolfsburg", "timestamp": "2022-10", "value": 5.656673180821695e-05, "incidence": 624.3032258064518, "pValue": 0.02351031009242588, "interpretation": "24.3% decrease, significant (p = 0.024), large effect size (d=-0.95)"}, {"cityName": "G\u00f6ttingen", "timestamp": "2022-10", "value": 5.122049090762933e-05, "incidence": 898.9548387096773, "pValue": 0.42283681119017125, "interpretation": "9.7% decrease, not statistically significant (p = 0.423), small effect size (d=-0.34)"}, {"cityName": "Hannover", "timestamp": "2022-10", "value": 6.186708464826409e-05, "incidence": 612.3129032258065, "pValue": 0.014951719444780133, "interpretation": "30.2% decrease, significant (p = 0.015), large effect size (d=-0.92)"}, {"cityName": "Hildesheim", "timestamp": "2022-10", "value": 5.820771569714827e-05, "incidence": 691.8806451612905, "pValue": 0.037483362219906356, "interpretation": "23.8% decrease, significant (p = 0.037), large effect size (d=-0.83)"}, {"cityName": "Oldenburg (Oldb)", "timestamp": "2022-10", "value": 6.433446542359888e-05, "incidence": 622.9967741935483, "pValue": 0.23971334547502926, "interpretation": "20.2% decrease, not statistically significant (p = 0.240), small effect size (d=-0.44)"}, {"cityName": "Osnabr\u00fcck", "timestamp": "2022-10", "value": 7.099678358909759e-05, "incidence": 743.7258064516129, "pValue": 0.2477490179623354, "interpretation": "16.4% decrease, not statistically significant (p = 0.248), medium effect size (d=-0.54)"}, {"cityName": "Bremen", "timestamp": "2022-10", "value": 7.061099206082157e-05, "incidence": 573.4354838709677, "pValue": 0.43646944783496766, "interpretation": "11.8% decrease, not statistically significant (p = 0.436), small effect size (d=-0.27)"}, {"cityName": "Bremerhaven", "timestamp": "2022-10", "value": 6.018734088034502e-05, "incidence": 569.6838709677419, "pValue": 0.29270206038499474, "interpretation": "18.1% decrease, not statistically significant (p = 0.293), small effect size (d=-0.41)"}, {"cityName": "D\u00fcsseldorf", "timestamp": "2022-10", "value": 0.00011778885226060705, "incidence": 520.2322580645161, "pValue": 0.5783969044410391, "interpretation": "9.7% decrease, not statistically significant (p = 0.578), small effect size (d=-0.21)"}, {"cityName": "Duisburg", "timestamp": "2022-10", "value": 0.00011274366615674435, "incidence": 356.06129032258065, "pValue": 0.35046405041655804, "interpretation": "13.4% decrease, not statistically significant (p = 0.350), small effect size (d=-0.35)"}, {"cityName": "Essen", "timestamp": "2022-10", "value": 0.00010612903115076896, "incidence": 550.8935483870968, "pValue": 0.11477123894123444, "interpretation": "22.0% decrease, not statistically significant (p = 0.115), medium effect size (d=-0.66)"}, {"cityName": "Krefeld", "timestamp": "2022-10", "value": 9.33479481878189e-05, "incidence": 493.5806451612903, "pValue": 0.5760414563911871, "interpretation": "11.7% decrease, not statistically significant (p = 0.576), small effect size (d=-0.21)"}, {"cityName": "M\u00f6nchengladbach", "timestamp": "2022-10", "value": 8.233848573832677e-05, "incidence": 559.9064516129032, "pValue": 0.4411196991189401, "interpretation": "12.3% decrease, not statistically significant (p = 0.441), small effect size (d=-0.28)"}, {"cityName": "M\u00fclheim an der Ruhr", "timestamp": "2022-10", "value": 0.00010409926633454031, "incidence": 541.2064516129032, "pValue": 0.1286687729102802, "interpretation": "24.1% decrease, not statistically significant (p = 0.129), medium effect size (d=-0.64)"}, {"cityName": "Oberhausen", "timestamp": "2022-10", "value": 0.00011405074754013465, "incidence": 414.0645161290322, "pValue": 0.04901378290764296, "interpretation": "30.1% decrease, significant (p = 0.049), large effect size (d=-0.91)"}, {"cityName": "Remscheid", "timestamp": "2022-10", "value": 8.118738575528066e-05, "incidence": 627.816129032258, "pValue": 0.8334316432123865, "interpretation": "3.4% increase, not statistically significant (p = 0.833), negligible effect size (d=0.09)"}, {"cityName": "Solingen", "timestamp": "2022-10", "value": 0.00010092107550008222, "incidence": 729.425806451613, "pValue": 0.3452063201419253, "interpretation": "16.8% increase, not statistically significant (p = 0.345), small effect size (d=0.38)"}, {"cityName": "Wuppertal", "timestamp": "2022-10", "value": 9.01254135425444e-05, "incidence": 633.3870967741934, "pValue": 0.8176232892735389, "interpretation": "3.0% increase, not statistically significant (p = 0.818), negligible effect size (d=0.09)"}, {"cityName": "Neuss", "timestamp": "2022-10", "value": 0.00010636464867275208, "incidence": 516.0774193548386, "pValue": 0.48376767396394194, "interpretation": "11.0% decrease, not statistically significant (p = 0.484), small effect size (d=-0.26)"}, {"cityName": "Moers", "timestamp": "2022-10", "value": 9.81529925151595e-05, "incidence": 664.2967741935483, "pValue": 0.11702665899434841, "interpretation": "24.4% decrease, not statistically significant (p = 0.117), medium effect size (d=-0.66)"}, {"cityName": "Bonn", "timestamp": "2022-10", "value": 6.537380712953481e-05, "incidence": 569.0193548387097, "pValue": 0.18375784082302968, "interpretation": "20.0% decrease, not statistically significant (p = 0.184), medium effect size (d=-0.59)"}, {"cityName": "K\u00f6ln", "timestamp": "2022-10", "value": 9.020020823097891e-05, "incidence": 556.941935483871, "pValue": 0.5448335729875643, "interpretation": "9.3% decrease, not statistically significant (p = 0.545), small effect size (d=-0.22)"}, {"cityName": "Leverkusen", "timestamp": "2022-10", "value": 9.425785780573885e-05, "incidence": 608.8999999999999, "pValue": 0.6334881569535479, "interpretation": "9.0% increase, not statistically significant (p = 0.633), small effect size (d=0.21)"}, {"cityName": "Aachen", "timestamp": "2022-10", "value": 5.804692748291739e-05, "incidence": 599.3516129032257, "pValue": 0.18876970552525804, "interpretation": "22.9% decrease, not statistically significant (p = 0.189), medium effect size (d=-0.53)"}, {"cityName": "Bergisch Gladbach", "timestamp": "2022-10", "value": 7.604589752320732e-05, "incidence": 664.641935483871, "pValue": 0.8853265622829716, "interpretation": "1.7% decrease, not statistically significant (p = 0.885), negligible effect size (d=-0.06)"}, {"cityName": "Bottrop", "timestamp": "2022-10", "value": 0.00010793506140437196, "incidence": 621.658064516129, "pValue": 0.09714316481656454, "interpretation": "25.0% decrease, not statistically significant (p = 0.097), medium effect size (d=-0.70)"}, {"cityName": "Gelsenkirchen", "timestamp": "2022-10", "value": 0.00010755171259755597, "incidence": 452.6032258064516, "pValue": 0.24646186430063957, "interpretation": "16.8% decrease, not statistically significant (p = 0.246), small effect size (d=-0.49)"}, {"cityName": "M\u00fcnster", "timestamp": "2022-10", "value": 7.962739389193685e-05, "incidence": 660.8935483870966, "pValue": 0.08524819220373797, "interpretation": "25.3% decrease, not statistically significant (p = 0.085), medium effect size (d=-0.66)"}, {"cityName": "Recklinghausen", "timestamp": "2022-10", "value": 0.0001107046756750116, "incidence": 567.3967741935485, "pValue": 0.5534214595971676, "interpretation": "7.1% decrease, not statistically significant (p = 0.553), small effect size (d=-0.25)"}, {"cityName": "Bielefeld", "timestamp": "2022-10", "value": 6.28136961798494e-05, "incidence": 671.1709677419356, "pValue": 0.11506437812918459, "interpretation": "20.4% decrease, not statistically significant (p = 0.115), medium effect size (d=-0.61)"}, {"cityName": "G\u00fctersloh", "timestamp": "2022-10", "value": 6.582934875041247e-05, "incidence": 680.1322580645162, "pValue": 0.04006644234734348, "interpretation": "24.3% decrease, significant (p = 0.040), large effect size (d=-0.84)"}, {"cityName": "Paderborn", "timestamp": "2022-10", "value": 5.988454851772516e-05, "incidence": 496.70645161290315, "pValue": 0.2853441852638103, "interpretation": "17.8% decrease, not statistically significant (p = 0.285), small effect size (d=-0.41)"}, {"cityName": "Bochum", "timestamp": "2022-10", "value": 0.00010593966968978445, "incidence": 557.4419354838709, "pValue": 0.2956939756601385, "interpretation": "15.2% decrease, not statistically significant (p = 0.296), small effect size (d=-0.43)"}, {"cityName": "Dortmund", "timestamp": "2022-10", "value": 9.589995641042205e-05, "incidence": 590.2967741935485, "pValue": 0.3924962796276924, "interpretation": "12.5% decrease, not statistically significant (p = 0.392), small effect size (d=-0.34)"}, {"cityName": "Hagen", "timestamp": "2022-10", "value": 7.949775919832033e-05, "incidence": 600.3161290322579, "pValue": 0.9047473918855934, "interpretation": "1.7% increase, not statistically significant (p = 0.905), negligible effect size (d=0.05)"}, {"cityName": "Hamm", "timestamp": "2022-10", "value": 8.050786952177684e-05, "incidence": 670.274193548387, "pValue": 0.23022611968166137, "interpretation": "15.1% decrease, not statistically significant (p = 0.230), small effect size (d=-0.45)"}, {"cityName": "Herne", "timestamp": "2022-10", "value": 0.0001089760335162282, "incidence": 520.4, "pValue": 0.09336847703722813, "interpretation": "21.5% decrease, not statistically significant (p = 0.093), medium effect size (d=-0.75)"}, {"cityName": "Siegen", "timestamp": "2022-10", "value": 5.8817840181291106e-05, "incidence": 765.1451612903227, "pValue": 0.5681626899512522, "interpretation": "8.5% decrease, not statistically significant (p = 0.568), small effect size (d=-0.28)"}, {"cityName": "Darmstadt", "timestamp": "2022-10", "value": 7.782260548662056e-05, "incidence": 696.109677419355, "pValue": 0.8821065536643353, "interpretation": "2.3% decrease, not statistically significant (p = 0.882), negligible effect size (d=-0.07)"}, {"cityName": "Frankfurt am Main", "timestamp": "2022-10", "value": 9.849849580363794e-05, "incidence": 518.5903225806452, "pValue": 0.16253569399149037, "interpretation": "20.6% decrease, not statistically significant (p = 0.163), medium effect size (d=-0.63)"}, {"cityName": "Offenbach am Main", "timestamp": "2022-10", "value": 8.492062757299705e-05, "incidence": 484.3838709677419, "pValue": 0.16988284097205608, "interpretation": "24.1% decrease, not statistically significant (p = 0.170), medium effect size (d=-0.71)"}, {"cityName": "Wiesbaden", "timestamp": "2022-10", "value": 7.875973177659843e-05, "incidence": 755.9645161290321, "pValue": 0.23687973657662478, "interpretation": "20.0% decrease, not statistically significant (p = 0.237), medium effect size (d=-0.53)"}, {"cityName": "Hanau", "timestamp": "2022-10", "value": 7.628776634541842e-05, "incidence": 854.3548387096774, "pValue": 0.3467370846256621, "interpretation": "13.4% decrease, not statistically significant (p = 0.347), small effect size (d=-0.46)"}, {"cityName": "Kassel", "timestamp": "2022-10", "value": 5.7493879770239196e-05, "incidence": 510.2258064516129, "pValue": 0.28756713630254294, "interpretation": "13.8% decrease, not statistically significant (p = 0.288), small effect size (d=-0.48)"}, {"cityName": "Koblenz", "timestamp": "2022-10", "value": 7.096711002911131e-05, "incidence": 738.1387096774191, "pValue": 0.685491047195566, "interpretation": "6.2% increase, not statistically significant (p = 0.685), negligible effect size (d=0.17)"}, {"cityName": "Trier", "timestamp": "2022-10", "value": 4.9707305151969194e-05, "incidence": 694.2483870967741, "pValue": 0.5154569143814238, "interpretation": "8.8% decrease, not statistically significant (p = 0.515), small effect size (d=-0.27)"}, {"cityName": "Kaiserslautern", "timestamp": "2022-10", "value": 4.320813772770075e-05, "incidence": 750.9774193548387, "pValue": 0.1694737463742675, "interpretation": "20.4% decrease, not statistically significant (p = 0.169), medium effect size (d=-0.64)"}, {"cityName": "Ludwigshafen am Rhein", "timestamp": "2022-10", "value": 8.439238687666754e-05, "incidence": 497.62258064516135, "pValue": 0.46881460731655833, "interpretation": "16.0% decrease, not statistically significant (p = 0.469), small effect size (d=-0.34)"}, {"cityName": "Mainz", "timestamp": "2022-10", "value": 6.910342199262232e-05, "incidence": 710.209677419355, "pValue": 0.00761470714163274, "interpretation": "39.6% decrease, very significant (p < 0.01), large effect size (d=-1.20)"}, {"cityName": "Stuttgart", "timestamp": "2022-10", "value": 5.58783908167647e-05, "incidence": 419.19032258064516, "pValue": 0.024321293420463554, "interpretation": "33.2% decrease, significant (p = 0.024), large effect size (d=-0.97)"}, {"cityName": "Heilbronn", "timestamp": "2022-10", "value": 6.536967379765378e-05, "incidence": 474.6193548387097, "pValue": 0.13638682337028693, "interpretation": "23.0% decrease, not statistically significant (p = 0.136), medium effect size (d=-0.62)"}, {"cityName": "Karlsruhe", "timestamp": "2022-10", "value": 7.074178817371528e-05, "incidence": 603.1354838709678, "pValue": 0.6739979008061354, "interpretation": "7.5% decrease, not statistically significant (p = 0.674), negligible effect size (d=-0.17)"}, {"cityName": "Heidelberg", "timestamp": "2022-10", "value": 6.770496379191939e-05, "incidence": 560.2645161290321, "pValue": 0.14475560624655737, "interpretation": "20.0% decrease, not statistically significant (p = 0.145), medium effect size (d=-0.64)"}, {"cityName": "Mannheim", "timestamp": "2022-10", "value": 8.824865333735943e-05, "incidence": 480.2903225806452, "pValue": 0.9187051956189249, "interpretation": "1.9% decrease, not statistically significant (p = 0.919), negligible effect size (d=-0.04)"}, {"cityName": "Pforzheim", "timestamp": "2022-10", "value": 5.1330619802077614e-05, "incidence": 543.7064516129032, "pValue": 0.10203667340253869, "interpretation": "25.1% decrease, not statistically significant (p = 0.102), medium effect size (d=-0.71)"}, {"cityName": "Freiburg im Breisgau", "timestamp": "2022-10", "value": 4.581641836988705e-05, "incidence": 617.9774193548388, "pValue": 0.9537052206146823, "interpretation": "0.9% increase, not statistically significant (p = 0.954), negligible effect size (d=0.02)"}, {"cityName": "Reutlingen", "timestamp": "2022-10", "value": 4.222620918881148e-05, "incidence": 634.6032258064515, "pValue": 0.02447225819150369, "interpretation": "29.2% decrease, significant (p = 0.024), large effect size (d=-0.92)"}, {"cityName": "Ulm", "timestamp": "2022-10", "value": 4.9262252440185926e-05, "incidence": 645.9000000000001, "pValue": 0.6675550446390872, "interpretation": "6.1% decrease, not statistically significant (p = 0.668), negligible effect size (d=-0.18)"}, {"cityName": "Ingolstadt", "timestamp": "2022-10", "value": 6.027298513799906e-05, "incidence": 600.7225806451611, "pValue": 0.06516682866960614, "interpretation": "30.3% decrease, not statistically significant (p = 0.065), large effect size (d=-0.92)"}, {"cityName": "M\u00fcnchen", "timestamp": "2022-10", "value": 6.02636719122529e-05, "incidence": 737.3516129032258, "pValue": 0.1150905696008409, "interpretation": "26.9% decrease, not statistically significant (p = 0.115), medium effect size (d=-0.63)"}, {"cityName": "Regensburg", "timestamp": "2022-10", "value": 5.581200821325183e-05, "incidence": 636.241935483871, "pValue": 0.03292004523393491, "interpretation": "30.4% decrease, significant (p = 0.033), large effect size (d=-0.97)"}, {"cityName": "Erlangen", "timestamp": "2022-10", "value": 6.363159211884652e-05, "incidence": 528.9548387096775, "pValue": 0.2532201321097994, "interpretation": "17.7% decrease, not statistically significant (p = 0.253), medium effect size (d=-0.55)"}, {"cityName": "F\u00fcrth", "timestamp": "2022-10", "value": 5.8089103549718854e-05, "incidence": 675.0967741935485, "pValue": 0.04836803859939829, "interpretation": "29.0% decrease, significant (p = 0.048), large effect size (d=-1.01)"}, {"cityName": "N\u00fcrnberg", "timestamp": "2022-10", "value": 6.030835070167527e-05, "incidence": 564.325806451613, "pValue": 0.010876284350486267, "interpretation": "30.9% decrease, significant (p = 0.011), large effect size (d=-1.25)"}, {"cityName": "W\u00fcrzburg", "timestamp": "2022-10", "value": 6.278279033722356e-05, "incidence": 645.2290322580644, "pValue": 0.64250639996504, "interpretation": "6.2% decrease, not statistically significant (p = 0.643), negligible effect size (d=-0.20)"}, {"cityName": "Augsburg", "timestamp": "2022-10", "value": 4.9424241296947e-05, "incidence": 660.1032258064517, "pValue": 0.14228867056052982, "interpretation": "26.5% decrease, not statistically significant (p = 0.142), medium effect size (d=-0.62)"}, {"cityName": "Saarbr\u00fccken", "timestamp": "2022-10", "value": 4.530232787753145e-05, "incidence": 841.2129032258065, "pValue": 0.1047159044638061, "interpretation": "24.0% decrease, not statistically significant (p = 0.105), medium effect size (d=-0.69)"}, {"cityName": "Berlin", "timestamp": "2022-10", "value": 6.435023302712092e-05, "incidence": 0.0, "pValue": 0.18964263651772886, "interpretation": "18.8% decrease, not statistically significant (p = 0.190), small effect size (d=-0.45)"}, {"cityName": "Cottbus", "timestamp": "2022-10", "value": 6.312074121804192e-05, "incidence": 691.6451612903223, "pValue": 0.6814107878206732, "interpretation": "6.9% decrease, not statistically significant (p = 0.681), negligible effect size (d=-0.18)"}, {"cityName": "Potsdam", "timestamp": "2022-10", "value": 5.1403986564015644e-05, "incidence": 655.8161290322581, "pValue": 0.12130983194238378, "interpretation": "18.8% decrease, not statistically significant (p = 0.121), medium effect size (d=-0.58)"}, {"cityName": "Rostock", "timestamp": "2022-10", "value": 4.644149025394158e-05, "incidence": 596.9967741935483, "pValue": 0.8618335979884156, "interpretation": "2.7% decrease, not statistically significant (p = 0.862), negligible effect size (d=-0.07)"}, {"cityName": "Chemnitz", "timestamp": "2022-10", "value": 4.522940541458566e-05, "incidence": 546.1322580645161, "pValue": 0.004199299939143836, "interpretation": "42.3% decrease, very significant (p < 0.01), large effect size (d=-1.24)"}, {"cityName": "Dresden", "timestamp": "2022-10", "value": 6.0310807417739524e-05, "incidence": 560.1741935483872, "pValue": 0.8342946823080398, "interpretation": "3.0% decrease, not statistically significant (p = 0.834), negligible effect size (d=-0.08)"}, {"cityName": "Leipzig", "timestamp": "2022-10", "value": 6.412815156520581e-05, "incidence": 545.7483870967741, "pValue": 0.44066426889510313, "interpretation": "10.5% decrease, not statistically significant (p = 0.441), small effect size (d=-0.33)"}, {"cityName": "Halle (Saale)", "timestamp": "2022-10", "value": 6.209920199277501e-05, "incidence": 635.7903225806452, "pValue": 0.34195806491727854, "interpretation": "12.8% decrease, not statistically significant (p = 0.342), small effect size (d=-0.36)"}, {"cityName": "Magdeburg", "timestamp": "2022-10", "value": 4.681053350826627e-05, "incidence": 497.4064516129033, "pValue": 0.00033738947477452336, "interpretation": "31.7% decrease, highly significant (p < 0.001), large effect size (d=-1.56)"}, {"cityName": "Erfurt", "timestamp": "2022-10", "value": 4.685483377506124e-05, "incidence": 447.883870967742, "pValue": 0.16181463317243536, "interpretation": "15.8% decrease, not statistically significant (p = 0.162), medium effect size (d=-0.55)"}, {"cityName": "Jena", "timestamp": "2022-10", "value": 4.671686393622723e-05, "incidence": 525.525806451613, "pValue": 0.058226168880683146, "interpretation": "29.2% decrease, not statistically significant (p = 0.058), large effect size (d=-0.80)"}]