[{"cityName": "Kiel", "timestamp": "2023-11", "value": 4.8478145063633014e-05, "incidence": 20.703333333333326, "pValue": 0.7724106309396711, "interpretation": "11.1% decrease, not statistically significant (p = 0.772), negligible effect size (d=-0.17)"}, {"cityName": "L\u00fcbeck", "timestamp": "2023-11", "value": 4.8138181834171213e-05, "incidence": 23.88333333333333, "pValue": 0.4035174132518, "interpretation": "23.1% decrease, not statistically significant (p = 0.404), small effect size (d=-0.41)"}, {"cityName": "Hamburg", "timestamp": "2023-11", "value": 3.918059239232982e-05, "incidence": 22.236666666666665, "pValue": 0.019278620186421232, "interpretation": "45.0% decrease, significant (p = 0.019), large effect size (d=-1.16)"}, {"cityName": "Braunschweig", "timestamp": "2023-11", "value": 4.656478310661281e-05, "incidence": 24.68333333333333, "pValue": 0.009642737365031418, "interpretation": "50.0% decrease, very significant (p < 0.01), large effect size (d=-1.78)"}, {"cityName": "Salzgitter", "timestamp": "2023-11", "value": 4.499287460930645e-05, "incidence": 25.57666666666666, "pValue": 0.38123721964772683, "interpretation": "23.6% decrease, not statistically significant (p = 0.381), small effect size (d=-0.44)"}, {"cityName": "Wolfsburg", "timestamp": "2023-11", "value": 3.34769444491126e-05, "incidence": 15.33, "pValue": 0.038628383214969385, "interpretation": "52.6% decrease, significant (p = 0.039), large effect size (d=-1.31)"}, {"cityName": "G\u00f6ttingen", "timestamp": "2023-11", "value": 4.070920736661979e-05, "incidence": 34.76, "pValue": 0.086865489217178, "interpretation": "40.9% decrease, not statistically significant (p = 0.087), large effect size (d=-1.34)"}, {"cityName": "Hannover", "timestamp": "2023-11", "value": 4.528588492815432e-05, "incidence": 31.59, "pValue": 0.279062372676999, "interpretation": "23.2% decrease, not statistically significant (p = 0.279), medium effect size (d=-0.61)"}, {"cityName": "Hildesheim", "timestamp": "2023-11", "value": 5.095419884823701e-05, "incidence": 21.64333333333333, "pValue": 0.8666623493784412, "interpretation": "4.6% increase, not statistically significant (p = 0.867), negligible effect size (d=0.10)"}, {"cityName": "Oldenburg (Oldb)", "timestamp": "2023-11", "value": 4.6728560118936005e-05, "incidence": 15.5, "pValue": 0.2134476241176008, "interpretation": "34.7% decrease, not statistically significant (p = 0.213), medium effect size (d=-0.72)"}, {"cityName": "Osnabr\u00fcck", "timestamp": "2023-11", "value": 5.4898216727782376e-05, "incidence": 15.293333333333333, "pValue": 0.2638185844574343, "interpretation": "34.2% decrease, not statistically significant (p = 0.264), medium effect size (d=-0.62)"}, {"cityName": "Bremen", "timestamp": "2023-11", "value": 5.111533033921093e-05, "incidence": 27.886666666666663, "pValue": 0.0550546300013126, "interpretation": "42.7% decrease, not statistically significant (p = 0.055), large effect size (d=-1.03)"}, {"cityName": "Bremerhaven", "timestamp": "2023-11", "value": 5.0766468380710906e-05, "incidence": 14.360000000000001, "pValue": 0.3584566524222301, "interpretation": "29.5% decrease, not statistically significant (p = 0.358), medium effect size (d=-0.50)"}, {"cityName": "D\u00fcsseldorf", "timestamp": "2023-11", "value": 7.059101424202686e-05, "incidence": 22.279999999999994, "pValue": 0.0014520027010734488, "interpretation": "64.4% decrease, very significant (p < 0.01), large effect size (d=-1.64)"}, {"cityName": "Duisburg", "timestamp": "2023-11", "value": 8.171737695542666e-05, "incidence": 24.666666666666664, "pValue": 0.02947184000223828, "interpretation": "48.9% decrease, significant (p = 0.029), large effect size (d=-0.98)"}, {"cityName": "Essen", "timestamp": "2023-11", "value": 9.190304300341851e-05, "incidence": 21.619999999999997, "pValue": 0.16657644371869207, "interpretation": "38.8% decrease, not statistically significant (p = 0.167), medium effect size (d=-0.77)"}, {"cityName": "Krefeld", "timestamp": "2023-11", "value": 9.39667672635271e-05, "incidence": 28.333333333333336, "pValue": 0.3402683772925451, "interpretation": "24.1% decrease, not statistically significant (p = 0.340), small effect size (d=-0.44)"}, {"cityName": "M\u00f6nchengladbach", "timestamp": "2023-11", "value": 7.409523722940478e-05, "incidence": 18.79666666666667, "pValue": 0.048578004154869237, "interpretation": "42.1% decrease, significant (p = 0.049), large effect size (d=-0.95)"}, {"cityName": "M\u00fclheim an der Ruhr", "timestamp": "2023-11", "value": 9.678128278917736e-05, "incidence": 38.46333333333333, "pValue": 0.03696912364655607, "interpretation": "54.9% decrease, significant (p = 0.037), large effect size (d=-1.20)"}, {"cityName": "Oberhausen", "timestamp": "2023-11", "value": 8.130974422853727e-05, "incidence": 18.360000000000003, "pValue": 0.1380309540809841, "interpretation": "62.5% decrease, not statistically significant (p = 0.138), large effect size (d=-1.02)"}, {"cityName": "Remscheid", "timestamp": "2023-11", "value": 5.406099371612072e-05, "incidence": 21.939999999999998, "pValue": 0.05094214558664797, "interpretation": "46.1% decrease, not statistically significant (p = 0.051), large effect size (d=-1.36)"}, {"cityName": "Solingen", "timestamp": "2023-11", "value": 7.560818630736321e-05, "incidence": 22.923333333333332, "pValue": 0.06568120064097857, "interpretation": "40.9% decrease, not statistically significant (p = 0.066), large effect size (d=-1.09)"}, {"cityName": "Wuppertal", "timestamp": "2023-11", "value": 6.642226233250565e-05, "incidence": 33.04333333333333, "pValue": 0.07524093451233298, "interpretation": "49.6% decrease, not statistically significant (p = 0.075), large effect size (d=-0.99)"}, {"cityName": "Neuss", "timestamp": "2023-11", "value": 7.00351083651185e-05, "incidence": 24.10666666666667, "pValue": 0.006481136033282129, "interpretation": "63.5% decrease, very significant (p < 0.01), large effect size (d=-1.60)"}, {"cityName": "Moers", "timestamp": "2023-11", "value": 6.544524720603866e-05, "incidence": 21.273333333333333, "pValue": 0.0052796303493589745, "interpretation": "61.5% decrease, very significant (p < 0.01), large effect size (d=-1.47)"}, {"cityName": "Bonn", "timestamp": "2023-11", "value": 4.900979216803204e-05, "incidence": 14.186666666666667, "pValue": 0.029854268835324965, "interpretation": "62.9% decrease, significant (p = 0.030), large effect size (d=-1.33)"}, {"cityName": "K\u00f6ln", "timestamp": "2023-11", "value": 7.980292300797171e-05, "incidence": 19.3, "pValue": 0.02448026399074056, "interpretation": "49.9% decrease, significant (p = 0.024), large effect size (d=-1.04)"}, {"cityName": "Leverkusen", "timestamp": "2023-11", "value": 6.757997713672619e-05, "incidence": 46.03, "pValue": 0.34411325210763943, "interpretation": "27.0% decrease, not statistically significant (p = 0.344), medium effect size (d=-0.66)"}, {"cityName": "Aachen", "timestamp": "2023-11", "value": 4.27678058823121e-05, "incidence": 19.713333333333335, "pValue": 0.24208163481563078, "interpretation": "44.7% decrease, not statistically significant (p = 0.242), medium effect size (d=-0.62)"}, {"cityName": "Bergisch Gladbach", "timestamp": "2023-11", "value": 6.898091773369483e-05, "incidence": 16.98333333333333, "pValue": 0.3410277592558286, "interpretation": "35.7% decrease, not statistically significant (p = 0.341), medium effect size (d=-0.70)"}, {"cityName": "Bottrop", "timestamp": "2023-11", "value": 0.0001014771542566664, "incidence": 33.70333333333333, "pValue": 0.05051970602467279, "interpretation": "51.7% decrease, not statistically significant (p = 0.051), large effect size (d=-1.03)"}, {"cityName": "Gelsenkirchen", "timestamp": "2023-11", "value": 0.00011279900311766302, "incidence": 26.026666666666664, "pValue": 0.10523581341933917, "interpretation": "43.7% decrease, not statistically significant (p = 0.105), large effect size (d=-0.84)"}, {"cityName": "M\u00fcnster", "timestamp": "2023-11", "value": 7.160328197897526e-05, "incidence": 16.266666666666666, "pValue": 0.23571155276377617, "interpretation": "22.1% decrease, not statistically significant (p = 0.236), medium effect size (d=-0.55)"}, {"cityName": "Recklinghausen", "timestamp": "2023-11", "value": 0.00010384164320734832, "incidence": 28.196666666666665, "pValue": 0.07140552812180538, "interpretation": "56.0% decrease, not statistically significant (p = 0.071), large effect size (d=-1.11)"}, {"cityName": "Bielefeld", "timestamp": "2023-11", "value": 5.282990362805625e-05, "incidence": 25.226666666666674, "pValue": 0.049157284650251674, "interpretation": "38.6% decrease, significant (p = 0.049), large effect size (d=-1.04)"}, {"cityName": "G\u00fctersloh", "timestamp": "2023-11", "value": 6.491245585493743e-05, "incidence": 15.266666666666664, "pValue": 0.19899564502510045, "interpretation": "33.0% decrease, not statistically significant (p = 0.199), medium effect size (d=-0.76)"}, {"cityName": "Paderborn", "timestamp": "2023-11", "value": 6.324015257339323e-05, "incidence": 15.41333333333333, "pValue": 0.9254355536903016, "interpretation": "2.5% decrease, not statistically significant (p = 0.925), negligible effect size (d=-0.05)"}, {"cityName": "Bochum", "timestamp": "2023-11", "value": 9.86489758361131e-05, "incidence": 35.06666666666667, "pValue": 0.20162761052640057, "interpretation": "38.3% decrease, not statistically significant (p = 0.202), medium effect size (d=-0.77)"}, {"cityName": "Dortmund", "timestamp": "2023-11", "value": 8.339049550248128e-05, "incidence": 28.593333333333327, "pValue": 0.04095934833956275, "interpretation": "46.4% decrease, significant (p = 0.041), large effect size (d=-1.07)"}, {"cityName": "Hagen", "timestamp": "2023-11", "value": 8.955579411623806e-05, "incidence": 29.456666666666663, "pValue": 0.683303590849814, "interpretation": "14.1% decrease, not statistically significant (p = 0.683), small effect size (d=-0.22)"}, {"cityName": "Hamm", "timestamp": "2023-11", "value": 6.981360881278913e-05, "incidence": 22.17666666666667, "pValue": 0.08385742181875992, "interpretation": "34.3% decrease, not statistically significant (p = 0.084), large effect size (d=-0.85)"}, {"cityName": "Herne", "timestamp": "2023-11", "value": 0.0001081697759218514, "incidence": 30.04, "pValue": 0.12268318341039379, "interpretation": "45.8% decrease, not statistically significant (p = 0.123), large effect size (d=-0.95)"}, {"cityName": "Siegen", "timestamp": "2023-11", "value": 3.308908198960125e-05, "incidence": 22.913333333333334, "pValue": 0.20568488059936357, "interpretation": "55.1% decrease, not statistically significant (p = 0.206), large effect size (d=-1.04)"}, {"cityName": "Darmstadt", "timestamp": "2023-11", "value": 7.533892692828721e-05, "incidence": 16.476666666666667, "pValue": 0.6537130904868251, "interpretation": "23.4% decrease, not statistically significant (p = 0.654), small effect size (d=-0.36)"}, {"cityName": "Frankfurt am Main", "timestamp": "2023-11", "value": 6.354926154017448e-05, "incidence": 17.036666666666665, "pValue": 0.6037048128098574, "interpretation": "22.1% decrease, not statistically significant (p = 0.604), small effect size (d=-0.28)"}, {"cityName": "Offenbach am Main", "timestamp": "2023-11", "value": 7.661140989512205e-05, "incidence": 19.703333333333333, "pValue": 0.7077176498836606, "interpretation": "17.4% decrease, not statistically significant (p = 0.708), small effect size (d=-0.28)"}, {"cityName": "Wiesbaden", "timestamp": "2023-11", "value": 4.8016272355905836e-05, "incidence": 12.433333333333334, "pValue": 0.14185099510281204, "interpretation": "54.8% decrease, not statistically significant (p = 0.142), large effect size (d=-0.88)"}, {"cityName": "Hanau", "timestamp": "2023-11", "value": 6.746764455993588e-05, "incidence": 23.063333333333333, "pValue": 0.4893013874670563, "interpretation": "21.1% decrease, not statistically significant (p = 0.489), small effect size (d=-0.46)"}, {"cityName": "Kassel", "timestamp": "2023-11", "value": 4.2653222206152146e-05, "incidence": 25.90666666666666, "pValue": 0.13886261214349496, "interpretation": "45.4% decrease, not statistically significant (p = 0.139), large effect size (d=-1.34)"}, {"cityName": "Koblenz", "timestamp": "2023-11", "value": 3.230348617459337e-05, "incidence": 30.130000000000006, "pValue": 0.019052596340314403, "interpretation": "78.1% decrease, significant (p = 0.019), large effect size (d=-1.79)"}, {"cityName": "Trier", "timestamp": "2023-11", "value": 2.3265683557838203e-05, "incidence": 23.793333333333337, "pValue": 0.20801250498012291, "interpretation": "79.6% decrease, not statistically significant (p = 0.208), large effect size (d=-1.22)"}, {"cityName": "Kaiserslautern", "timestamp": "2023-11", "value": 4.048744449391961e-05, "incidence": 22.199999999999992, "pValue": 0.2889565175249209, "interpretation": "48.2% decrease, not statistically significant (p = 0.289), medium effect size (d=-0.71)"}, {"cityName": "Ludwigshafen am Rhein", "timestamp": "2023-11", "value": 5.7351586292497814e-05, "incidence": 12.263333333333337, "pValue": 0.0, "interpretation": "Insufficient data for this month for a statistical test."}, {"cityName": "Mainz", "timestamp": "2023-11", "value": 7.106583507265896e-05, "incidence": 19.626666666666665, "pValue": 0.39242947977400733, "interpretation": "26.7% decrease, not statistically significant (p = 0.392), small effect size (d=-0.48)"}, {"cityName": "Stuttgart", "timestamp": "2023-11", "value": 3.0045636877831486e-05, "incidence": 15.489999999999998, "pValue": 0.08573663925107161, "interpretation": "44.3% decrease, not statistically significant (p = 0.086), large effect size (d=-0.93)"}, {"cityName": "Heilbronn", "timestamp": "2023-11", "value": 3.9547423107756506e-05, "incidence": 28.190000000000005, "pValue": 0.040161501599484214, "interpretation": "65.0% decrease, significant (p = 0.040), large effect size (d=-1.85)"}, {"cityName": "Karlsruhe", "timestamp": "2023-11", "value": 4.5281850422422094e-05, "incidence": 17.836666666666666, "pValue": 0.0, "interpretation": "Insufficient data for this month for a statistical test."}, {"cityName": "Heidelberg", "timestamp": "2023-11", "value": 4.2822338097418346e-05, "incidence": 15.889999999999997, "pValue": 0.0, "interpretation": "Insufficient data for this month for a statistical test."}, {"cityName": "Mannheim", "timestamp": "2023-11", "value": 7.047132588922977e-05, "incidence": 21.873333333333328, "pValue": 0.4463290506638573, "interpretation": "48.8% decrease, not statistically significant (p = 0.446), medium effect size (d=-0.63)"}, {"cityName": "Pforzheim", "timestamp": "2023-11", "value": 2.3153946838445132e-05, "incidence": 12.133333333333336, "pValue": 0.06461914051275934, "interpretation": "65.9% decrease, not statistically significant (p = 0.065), large effect size (d=-1.47)"}, {"cityName": "Freiburg im Breisgau", "timestamp": "2023-11", "value": 3.50159480822859e-05, "incidence": 14.669999999999998, "pValue": 0.2070772879456782, "interpretation": "42.0% decrease, not statistically significant (p = 0.207), medium effect size (d=-0.72)"}, {"cityName": "Reutlingen", "timestamp": "2023-11", "value": 2.7574428323922412e-05, "incidence": 22.94666666666667, "pValue": 0.0, "interpretation": "Insufficient data for this month for a statistical test."}, {"cityName": "Ulm", "timestamp": "2023-11", "value": 2.8099628827093464e-05, "incidence": 39.29666666666667, "pValue": 0.11714087036567915, "interpretation": "44.6% decrease, not statistically significant (p = 0.117), large effect size (d=-1.20)"}, {"cityName": "Ingolstadt", "timestamp": "2023-11", "value": 3.783638385357335e-05, "incidence": 20.01666666666667, "pValue": 0.08990170703286132, "interpretation": "34.9% decrease, not statistically significant (p = 0.090), large effect size (d=-1.10)"}, {"cityName": "M\u00fcnchen", "timestamp": "2023-11", "value": 3.707521290589984e-05, "incidence": 18.233333333333334, "pValue": 0.07473911969111172, "interpretation": "35.2% decrease, not statistically significant (p = 0.075), large effect size (d=-1.06)"}, {"cityName": "Regensburg", "timestamp": "2023-11", "value": 3.66354671617349e-05, "incidence": 29.513333333333335, "pValue": 0.004995654388947393, "interpretation": "49.6% decrease, very significant (p < 0.01), large effect size (d=-1.53)"}, {"cityName": "Erlangen", "timestamp": "2023-11", "value": 4.851601053295391e-05, "incidence": 24.730000000000004, "pValue": 0.2017399074000795, "interpretation": "31.5% decrease, not statistically significant (p = 0.202), large effect size (d=-1.05)"}, {"cityName": "F\u00fcrth", "timestamp": "2023-11", "value": 5.0952902529388663e-05, "incidence": 30.886666666666667, "pValue": 0.16662440257893413, "interpretation": "42.9% decrease, not statistically significant (p = 0.167), large effect size (d=-1.11)"}, {"cityName": "N\u00fcrnberg", "timestamp": "2023-11", "value": 4.513795261807514e-05, "incidence": 28.29, "pValue": 0.03192792964010271, "interpretation": "42.3% decrease, significant (p = 0.032), large effect size (d=-1.40)"}, {"cityName": "W\u00fcrzburg", "timestamp": "2023-11", "value": 4.6834811655571684e-05, "incidence": 19.919999999999998, "pValue": 0.8833850191097361, "interpretation": "3.9% decrease, not statistically significant (p = 0.883), negligible effect size (d=-0.09)"}, {"cityName": "Augsburg", "timestamp": "2023-11", "value": 3.276368638930412e-05, "incidence": 27.10333333333334, "pValue": 0.10439721488562657, "interpretation": "39.1% decrease, not statistically significant (p = 0.104), large effect size (d=-1.03)"}, {"cityName": "Saarbr\u00fccken", "timestamp": "2023-11", "value": 2.89275039297839e-05, "incidence": 21.536666666666665, "pValue": 0.3233886043070522, "interpretation": "43.5% decrease, not statistically significant (p = 0.323), medium effect size (d=-0.69)"}, {"cityName": "Berlin", "timestamp": "2023-11", "value": 7.40700889742229e-05, "incidence": 0.0, "pValue": 0.23206225483601575, "interpretation": "34.9% decrease, not statistically significant (p = 0.232), medium effect size (d=-0.58)"}, {"cityName": "Cottbus", "timestamp": "2023-11", "value": 5.705668501412639e-05, "incidence": 39.53666666666666, "pValue": 0.15950023331328103, "interpretation": "40.7% decrease, not statistically significant (p = 0.160), large effect size (d=-0.81)"}, {"cityName": "Potsdam", "timestamp": "2023-11", "value": 2.9763189719661194e-05, "incidence": 28.546666666666667, "pValue": 0.11902276454230067, "interpretation": "42.1% decrease, not statistically significant (p = 0.119), large effect size (d=-0.80)"}, {"cityName": "Rostock", "timestamp": "2023-11", "value": 4.8619479815842524e-05, "incidence": 51.09000000000001, "pValue": 0.7100931906896467, "interpretation": "12.0% decrease, not statistically significant (p = 0.710), small effect size (d=-0.20)"}, {"cityName": "Chemnitz", "timestamp": "2023-11", "value": 3.9419426196595515e-05, "incidence": 54.98, "pValue": 0.0949605360285986, "interpretation": "35.6% decrease, not statistically significant (p = 0.095), large effect size (d=-1.02)"}, {"cityName": "Dresden", "timestamp": "2023-11", "value": 3.952143967828968e-05, "incidence": 40.45, "pValue": 0.04894479127154224, "interpretation": "44.5% decrease, significant (p = 0.049), large effect size (d=-0.97)"}, {"cityName": "Leipzig", "timestamp": "2023-11", "value": 5.18491838638689e-05, "incidence": 65.66, "pValue": 0.05755376919582217, "interpretation": "54.0% decrease, not statistically significant (p = 0.058), large effect size (d=-0.94)"}, {"cityName": "Halle (Saale)", "timestamp": "2023-11", "value": 3.918734728358686e-05, "incidence": 50.22666666666668, "pValue": 0.10987093940500742, "interpretation": "56.9% decrease, not statistically significant (p = 0.110), large effect size (d=-0.85)"}, {"cityName": "Magdeburg", "timestamp": "2023-11", "value": 3.49585530593207e-05, "incidence": 62.76333333333333, "pValue": 0.017006668883274265, "interpretation": "46.7% decrease, significant (p = 0.017), large effect size (d=-1.36)"}, {"cityName": "Erfurt", "timestamp": "2023-11", "value": 3.4476595712786025e-05, "incidence": 43.606666666666676, "pValue": 0.23681442221784346, "interpretation": "35.0% decrease, not statistically significant (p = 0.237), medium effect size (d=-0.58)"}, {"cityName": "Jena", "timestamp": "2023-11", "value": 3.0052670303525196e-05, "incidence": 49.440000000000005, "pValue": 0.0720986959391892, "interpretation": "44.2% decrease, not statistically significant (p = 0.072), large effect size (d=-1.03)"}]