[{"cityName": "Kiel", "timestamp": "2023-08", "value": 3.082725396823316e-05, "incidence": 8.316129032258065, "pValue": 0.16786714593534552, "interpretation": "18.1% decrease, not statistically significant (p = 0.168), medium effect size (d=-0.63)"}, {"cityName": "L\u00fcbeck", "timestamp": "2023-08", "value": 3.1229383441516096e-05, "incidence": 6.725806451612902, "pValue": 0.010668709066948757, "interpretation": "31.0% decrease, significant (p = 0.011), large effect size (d=-1.21)"}, {"cityName": "Hamburg", "timestamp": "2023-08", "value": 4.424361029156932e-05, "incidence": 6.9387096774193555, "pValue": 0.012173644576564233, "interpretation": "26.7% decrease, significant (p = 0.012), large effect size (d=-0.91)"}, {"cityName": "Braunschweig", "timestamp": "2023-08", "value": 3.710250123677885e-05, "incidence": 3.987096774193548, "pValue": 0.23995439817781059, "interpretation": "15.6% decrease, not statistically significant (p = 0.240), small effect size (d=-0.47)"}, {"cityName": "Salzgitter", "timestamp": "2023-08", "value": 3.6451118648983535e-05, "incidence": 2.4741935483870963, "pValue": 0.21099955914312296, "interpretation": "11.8% decrease, not statistically significant (p = 0.211), small effect size (d=-0.49)"}, {"cityName": "Wolfsburg", "timestamp": "2023-08", "value": 3.1282255229981325e-05, "incidence": 5.967741935483872, "pValue": 0.010750734888603466, "interpretation": "32.4% decrease, significant (p = 0.011), large effect size (d=-1.05)"}, {"cityName": "G\u00f6ttingen", "timestamp": "2023-08", "value": 3.076849749223107e-05, "incidence": 5.896774193548388, "pValue": 0.6787152405714925, "interpretation": "5.1% decrease, not statistically significant (p = 0.679), negligible effect size (d=-0.18)"}, {"cityName": "Hannover", "timestamp": "2023-08", "value": 4.077150400629953e-05, "incidence": 4.919354838709677, "pValue": 0.06837256420295285, "interpretation": "22.2% decrease, not statistically significant (p = 0.068), medium effect size (d=-0.79)"}, {"cityName": "Hildesheim", "timestamp": "2023-08", "value": 3.381833598455962e-05, "incidence": 1.4161290322580642, "pValue": 0.15719519767483822, "interpretation": "13.7% decrease, not statistically significant (p = 0.157), medium effect size (d=-0.59)"}, {"cityName": "Oldenburg (Oldb)", "timestamp": "2023-08", "value": 3.191809810232371e-05, "incidence": 6.151612903225808, "pValue": 0.0018321141626472005, "interpretation": "42.5% decrease, very significant (p < 0.01), large effect size (d=-1.64)"}, {"cityName": "Osnabr\u00fcck", "timestamp": "2023-08", "value": 3.972807793285359e-05, "incidence": 2.7096774193548385, "pValue": 0.019924432159044998, "interpretation": "33.2% decrease, significant (p = 0.020), large effect size (d=-1.08)"}, {"cityName": "Bremen", "timestamp": "2023-08", "value": 3.720761551598056e-05, "incidence": 3.570967741935484, "pValue": 0.0019401225555735284, "interpretation": "30.2% decrease, very significant (p < 0.01), large effect size (d=-1.14)"}, {"cityName": "Bremerhaven", "timestamp": "2023-08", "value": 3.5169975100351234e-05, "incidence": 3.7612903225806456, "pValue": 0.1400417781650494, "interpretation": "15.0% decrease, not statistically significant (p = 0.140), medium effect size (d=-0.60)"}, {"cityName": "D\u00fcsseldorf", "timestamp": "2023-08", "value": 8.22513262037097e-05, "incidence": 6.548387096774194, "pValue": 0.004855729911993195, "interpretation": "41.7% decrease, very significant (p < 0.01), large effect size (d=-1.25)"}, {"cityName": "Duisburg", "timestamp": "2023-08", "value": 8.579643252186287e-05, "incidence": 4.509677419354839, "pValue": 0.001279258043797847, "interpretation": "48.2% decrease, very significant (p < 0.01), large effect size (d=-1.40)"}, {"cityName": "Essen", "timestamp": "2023-08", "value": 7.860517750183742e-05, "incidence": 7.248387096774195, "pValue": 0.05138318178181454, "interpretation": "29.2% decrease, not statistically significant (p = 0.051), large effect size (d=-0.90)"}, {"cityName": "Krefeld", "timestamp": "2023-08", "value": 5.9800580717050114e-05, "incidence": 4.6096774193548375, "pValue": 0.007002799042334188, "interpretation": "56.7% decrease, very significant (p < 0.01), large effect size (d=-1.19)"}, {"cityName": "M\u00f6nchengladbach", "timestamp": "2023-08", "value": 4.866085384554904e-05, "incidence": 3.1580645161290324, "pValue": 0.012536963727366924, "interpretation": "55.8% decrease, significant (p = 0.013), large effect size (d=-1.01)"}, {"cityName": "M\u00fclheim an der Ruhr", "timestamp": "2023-08", "value": 8.856719230405158e-05, "incidence": 10.49032258064516, "pValue": 0.14591087543040926, "interpretation": "23.8% decrease, not statistically significant (p = 0.146), medium effect size (d=-0.66)"}, {"cityName": "Oberhausen", "timestamp": "2023-08", "value": 9.71357087389781e-05, "incidence": 5.858064516129031, "pValue": 0.00896468127881448, "interpretation": "40.3% decrease, very significant (p < 0.01), large effect size (d=-1.24)"}, {"cityName": "Remscheid", "timestamp": "2023-08", "value": 5.1145018854488926e-05, "incidence": 3.3709677419354835, "pValue": 0.09036350603221807, "interpretation": "44.6% decrease, not statistically significant (p = 0.090), large effect size (d=-1.10)"}, {"cityName": "Solingen", "timestamp": "2023-08", "value": 6.926263449713588e-05, "incidence": 3.761290322580645, "pValue": 0.11239990338394361, "interpretation": "34.4% decrease, not statistically significant (p = 0.112), medium effect size (d=-0.80)"}, {"cityName": "Wuppertal", "timestamp": "2023-08", "value": 7.573384101744052e-05, "incidence": 8.55483870967742, "pValue": 0.18920966530446962, "interpretation": "33.4% decrease, not statistically significant (p = 0.189), medium effect size (d=-0.74)"}, {"cityName": "Neuss", "timestamp": "2023-08", "value": 6.97681462042965e-05, "incidence": 4.303225806451613, "pValue": 0.015843696666579456, "interpretation": "43.4% decrease, significant (p = 0.016), large effect size (d=-1.02)"}, {"cityName": "Moers", "timestamp": "2023-08", "value": 6.094989865752203e-05, "incidence": 4.280645161290321, "pValue": 0.006576576722288235, "interpretation": "56.1% decrease, very significant (p < 0.01), large effect size (d=-1.14)"}, {"cityName": "Bonn", "timestamp": "2023-08", "value": 5.937874084338546e-05, "incidence": 4.47741935483871, "pValue": 0.9862484527267943, "interpretation": "0.4% decrease, not statistically significant (p = 0.986), negligible effect size (d=-0.01)"}, {"cityName": "K\u00f6ln", "timestamp": "2023-08", "value": 8.634117613029148e-05, "incidence": 5.064516129032258, "pValue": 0.20615974726807487, "interpretation": "22.2% decrease, not statistically significant (p = 0.206), small effect size (d=-0.49)"}, {"cityName": "Leverkusen", "timestamp": "2023-08", "value": 8.626061026006937e-05, "incidence": 6.3516129032258055, "pValue": 0.14500286514626015, "interpretation": "28.2% decrease, not statistically significant (p = 0.145), medium effect size (d=-0.65)"}, {"cityName": "Aachen", "timestamp": "2023-08", "value": 4.5035098647249154e-05, "incidence": 4.880645161290323, "pValue": 0.48732026749192736, "interpretation": "16.9% decrease, not statistically significant (p = 0.487), small effect size (d=-0.29)"}, {"cityName": "Bergisch Gladbach", "timestamp": "2023-08", "value": 7.086960665349449e-05, "incidence": 3.87741935483871, "pValue": 0.373693304582557, "interpretation": "20.7% decrease, not statistically significant (p = 0.374), small effect size (d=-0.40)"}, {"cityName": "Bottrop", "timestamp": "2023-08", "value": 8.480565841583644e-05, "incidence": 7.103225806451612, "pValue": 0.008119758572555492, "interpretation": "39.3% decrease, very significant (p < 0.01), large effect size (d=-1.27)"}, {"cityName": "Gelsenkirchen", "timestamp": "2023-08", "value": 8.736254976076238e-05, "incidence": 4.712903225806452, "pValue": 0.0801658717445251, "interpretation": "32.8% decrease, not statistically significant (p = 0.080), large effect size (d=-0.82)"}, {"cityName": "M\u00fcnster", "timestamp": "2023-08", "value": 4.798751487805132e-05, "incidence": 5.041935483870967, "pValue": 0.17497733338799154, "interpretation": "22.1% decrease, not statistically significant (p = 0.175), medium effect size (d=-0.58)"}, {"cityName": "Recklinghausen", "timestamp": "2023-08", "value": 7.32954627332779e-05, "incidence": 5.754838709677418, "pValue": 0.06958028738370838, "interpretation": "39.5% decrease, not statistically significant (p = 0.070), large effect size (d=-0.83)"}, {"cityName": "Bielefeld", "timestamp": "2023-08", "value": 3.918908381213745e-05, "incidence": 5.745161290322581, "pValue": 0.01574899671651318, "interpretation": "36.0% decrease, significant (p = 0.016), large effect size (d=-1.01)"}, {"cityName": "G\u00fctersloh", "timestamp": "2023-08", "value": 3.986952360719442e-05, "incidence": 3.2903225806451615, "pValue": 0.1928250575943284, "interpretation": "29.8% decrease, not statistically significant (p = 0.193), medium effect size (d=-0.64)"}, {"cityName": "Paderborn", "timestamp": "2023-08", "value": 3.5709945575123836e-05, "incidence": 4.258064516129031, "pValue": 0.008936425646066533, "interpretation": "27.3% decrease, very significant (p < 0.01), large effect size (d=-1.08)"}, {"cityName": "Bochum", "timestamp": "2023-08", "value": 7.321514810125034e-05, "incidence": 6.461290322580644, "pValue": 0.29814828386286807, "interpretation": "17.9% decrease, not statistically significant (p = 0.298), small effect size (d=-0.47)"}, {"cityName": "Dortmund", "timestamp": "2023-08", "value": 6.29944124204271e-05, "incidence": 6.990322580645163, "pValue": 0.025369487780151367, "interpretation": "40.6% decrease, significant (p = 0.025), large effect size (d=-0.99)"}, {"cityName": "Hagen", "timestamp": "2023-08", "value": 5.632367563144914e-05, "incidence": 6.5774193548387085, "pValue": 0.4251488002206909, "interpretation": "20.7% decrease, not statistically significant (p = 0.425), small effect size (d=-0.46)"}, {"cityName": "Hamm", "timestamp": "2023-08", "value": 5.670935691644748e-05, "incidence": 4.193548387096775, "pValue": 0.03743405670424864, "interpretation": "40.1% decrease, significant (p = 0.037), large effect size (d=-0.89)"}, {"cityName": "Herne", "timestamp": "2023-08", "value": 7.659519324079155e-05, "incidence": 7.825806451612902, "pValue": 0.14978031219662313, "interpretation": "27.4% decrease, not statistically significant (p = 0.150), medium effect size (d=-0.67)"}, {"cityName": "Siegen", "timestamp": "2023-08", "value": 3.566521336324513e-05, "incidence": 6.164516129032258, "pValue": 0.7742540486787253, "interpretation": "4.4% increase, not statistically significant (p = 0.774), negligible effect size (d=0.15)"}, {"cityName": "Darmstadt", "timestamp": "2023-08", "value": 4.606008191000331e-05, "incidence": 2.7096774193548385, "pValue": 0.07311932747381848, "interpretation": "17.9% decrease, not statistically significant (p = 0.073), medium effect size (d=-0.71)"}, {"cityName": "Frankfurt am Main", "timestamp": "2023-08", "value": 7.256071760573171e-05, "incidence": 4.858064516129033, "pValue": 0.009264963834821794, "interpretation": "29.3% decrease, very significant (p < 0.01), large effect size (d=-1.02)"}, {"cityName": "Offenbach am Main", "timestamp": "2023-08", "value": 6.13337774253027e-05, "incidence": 4.158064516129032, "pValue": 0.4736014148733019, "interpretation": "9.7% decrease, not statistically significant (p = 0.474), small effect size (d=-0.29)"}, {"cityName": "Wiesbaden", "timestamp": "2023-08", "value": 5.034789339535766e-05, "incidence": 3.964516129032259, "pValue": 0.02154315972750198, "interpretation": "30.6% decrease, significant (p = 0.022), large effect size (d=-1.01)"}, {"cityName": "Hanau", "timestamp": "2023-08", "value": 4.808735908367313e-05, "incidence": 5.225806451612903, "pValue": 0.08497106832640301, "interpretation": "12.8% decrease, not statistically significant (p = 0.085), medium effect size (d=-0.70)"}, {"cityName": "Kassel", "timestamp": "2023-08", "value": 3.463328660776218e-05, "incidence": 4.396774193548388, "pValue": 0.29867811455867493, "interpretation": "14.1% decrease, not statistically significant (p = 0.299), small effect size (d=-0.50)"}, {"cityName": "Koblenz", "timestamp": "2023-08", "value": 4.31571226929211e-05, "incidence": 3.6612903225806446, "pValue": 0.6437685177994997, "interpretation": "6.4% decrease, not statistically significant (p = 0.644), negligible effect size (d=-0.19)"}, {"cityName": "Trier", "timestamp": "2023-08", "value": 3.80807847250253e-05, "incidence": 8.303225806451614, "pValue": 0.9377845608854283, "interpretation": "0.8% decrease, not statistically significant (p = 0.938), negligible effect size (d=-0.03)"}, {"cityName": "Kaiserslautern", "timestamp": "2023-08", "value": 3.392743663145946e-05, "incidence": 4.967741935483872, "pValue": 0.14859747467811218, "interpretation": "17.6% decrease, not statistically significant (p = 0.149), medium effect size (d=-0.66)"}, {"cityName": "Ludwigshafen am Rhein", "timestamp": "2023-08", "value": 5.835141443337003e-05, "incidence": 1.7258064516129032, "pValue": 0.16269513939926283, "interpretation": "23.2% decrease, not statistically significant (p = 0.163), medium effect size (d=-0.63)"}, {"cityName": "Mainz", "timestamp": "2023-08", "value": 4.5936787500977516e-05, "incidence": 4.993548387096774, "pValue": 0.023913367836651656, "interpretation": "32.4% decrease, significant (p = 0.024), large effect size (d=-0.95)"}, {"cityName": "Stuttgart", "timestamp": "2023-08", "value": 4.168757651415136e-05, "incidence": 3.664516129032258, "pValue": 0.5724963655235177, "interpretation": "7.0% decrease, not statistically significant (p = 0.572), negligible effect size (d=-0.20)"}, {"cityName": "Heilbronn", "timestamp": "2023-08", "value": 3.62945138476789e-05, "incidence": 4.306451612903226, "pValue": 0.7050262508525665, "interpretation": "4.3% decrease, not statistically significant (p = 0.705), negligible effect size (d=-0.14)"}, {"cityName": "Karlsruhe", "timestamp": "2023-08", "value": 4.3970474507659674e-05, "incidence": 2.9516129032258074, "pValue": 0.6515964907004115, "interpretation": "6.1% increase, not statistically significant (p = 0.652), negligible effect size (d=0.16)"}, {"cityName": "Heidelberg", "timestamp": "2023-08", "value": 3.8120840480060956e-05, "incidence": 2.4419354838709677, "pValue": 0.2848381603244327, "interpretation": "13.9% decrease, not statistically significant (p = 0.285), small effect size (d=-0.44)"}, {"cityName": "Mannheim", "timestamp": "2023-08", "value": 5.8365226723253725e-05, "incidence": 4.154838709677419, "pValue": 0.054046404092456056, "interpretation": "26.9% decrease, not statistically significant (p = 0.054), large effect size (d=-0.83)"}, {"cityName": "Pforzheim", "timestamp": "2023-08", "value": 3.406087247033914e-05, "incidence": 1.4096774193548383, "pValue": 0.972528075627074, "interpretation": "0.4% increase, not statistically significant (p = 0.973), negligible effect size (d=0.01)"}, {"cityName": "Freiburg im Breisgau", "timestamp": "2023-08", "value": 3.0969541209439434e-05, "incidence": 2.819354838709677, "pValue": 0.7026096768206844, "interpretation": "4.2% increase, not statistically significant (p = 0.703), negligible effect size (d=0.14)"}, {"cityName": "Reutlingen", "timestamp": "2023-08", "value": 3.0266868634498678e-05, "incidence": 3.274193548387097, "pValue": 0.5386756464167995, "interpretation": "7.3% decrease, not statistically significant (p = 0.539), small effect size (d=-0.25)"}, {"cityName": "Ulm", "timestamp": "2023-08", "value": 3.5029266176647265e-05, "incidence": 5.467741935483872, "pValue": 0.6634126362632307, "interpretation": "4.2% decrease, not statistically significant (p = 0.663), negligible effect size (d=-0.19)"}, {"cityName": "Ingolstadt", "timestamp": "2023-08", "value": 3.513622020060817e-05, "incidence": 3.2677419354838713, "pValue": 0.8358548545617528, "interpretation": "1.8% decrease, not statistically significant (p = 0.836), negligible effect size (d=-0.08)"}, {"cityName": "M\u00fcnchen", "timestamp": "2023-08", "value": 4.0162421870403566e-05, "incidence": 4.516129032258065, "pValue": 0.14533162698483376, "interpretation": "14.0% decrease, not statistically significant (p = 0.145), medium effect size (d=-0.57)"}, {"cityName": "Regensburg", "timestamp": "2023-08", "value": 3.504531147579352e-05, "incidence": 3.9387096774193555, "pValue": 0.9256632653101173, "interpretation": "1.0% decrease, not statistically significant (p = 0.926), negligible effect size (d=-0.04)"}, {"cityName": "Erlangen", "timestamp": "2023-08", "value": 3.382920320811016e-05, "incidence": 4.435483870967741, "pValue": 0.7131313837577855, "interpretation": "3.8% increase, not statistically significant (p = 0.713), negligible effect size (d=0.16)"}, {"cityName": "F\u00fcrth", "timestamp": "2023-08", "value": 3.6168305086903274e-05, "incidence": 3.596774193548387, "pValue": 0.9765026316589028, "interpretation": "0.3% decrease, not statistically significant (p = 0.977), negligible effect size (d=-0.01)"}, {"cityName": "N\u00fcrnberg", "timestamp": "2023-08", "value": 3.392127991625757e-05, "incidence": 4.25483870967742, "pValue": 0.18992035852054925, "interpretation": "11.7% decrease, not statistically significant (p = 0.190), medium effect size (d=-0.54)"}, {"cityName": "W\u00fcrzburg", "timestamp": "2023-08", "value": 3.723050394910388e-05, "incidence": 0.8000000000000003, "pValue": 0.5353520314853034, "interpretation": "5.2% decrease, not statistically significant (p = 0.535), small effect size (d=-0.26)"}, {"cityName": "Augsburg", "timestamp": "2023-08", "value": 3.3514101792556736e-05, "incidence": 3.9258064516129023, "pValue": 0.26657491135399225, "interpretation": "12.0% decrease, not statistically significant (p = 0.267), small effect size (d=-0.45)"}, {"cityName": "Saarbr\u00fccken", "timestamp": "2023-08", "value": 3.452413948252797e-05, "incidence": 3.822580645161291, "pValue": 0.5578880936082184, "interpretation": "8.4% increase, not statistically significant (p = 0.558), small effect size (d=0.23)"}, {"cityName": "Berlin", "timestamp": "2023-08", "value": 4.10879530557772e-05, "incidence": 0.0, "pValue": 0.06792664967695504, "interpretation": "17.9% decrease, not statistically significant (p = 0.068), medium effect size (d=-0.67)"}, {"cityName": "Cottbus", "timestamp": "2023-08", "value": 3.8690847129775924e-05, "incidence": 2.774193548387097, "pValue": 0.5972073119985981, "interpretation": "8.0% decrease, not statistically significant (p = 0.597), small effect size (d=-0.23)"}, {"cityName": "Potsdam", "timestamp": "2023-08", "value": 3.261393045677858e-05, "incidence": 4.170967741935483, "pValue": 0.2691730943512178, "interpretation": "13.5% decrease, not statistically significant (p = 0.269), small effect size (d=-0.43)"}, {"cityName": "Rostock", "timestamp": "2023-08", "value": 3.471043116102616e-05, "incidence": 5.106451612903225, "pValue": 0.6306319417745652, "interpretation": "6.7% decrease, not statistically significant (p = 0.631), negligible effect size (d=-0.18)"}, {"cityName": "Chemnitz", "timestamp": "2023-08", "value": 3.4125890900812496e-05, "incidence": 3.3419354838709676, "pValue": 0.3826604648253049, "interpretation": "10.4% decrease, not statistically significant (p = 0.383), small effect size (d=-0.37)"}, {"cityName": "Dresden", "timestamp": "2023-08", "value": 3.5926462574438614e-05, "incidence": 3.838709677419354, "pValue": 0.6381794318534106, "interpretation": "4.3% decrease, not statistically significant (p = 0.638), negligible effect size (d=-0.19)"}, {"cityName": "Leipzig", "timestamp": "2023-08", "value": 3.789477369875885e-05, "incidence": 6.53225806451613, "pValue": 0.6152482716627115, "interpretation": "6.6% decrease, not statistically significant (p = 0.615), negligible effect size (d=-0.19)"}, {"cityName": "Halle (Saale)", "timestamp": "2023-08", "value": 3.7249187395597495e-05, "incidence": 6.345161290322581, "pValue": 0.687897606499967, "interpretation": "6.9% increase, not statistically significant (p = 0.688), negligible effect size (d=0.16)"}, {"cityName": "Magdeburg", "timestamp": "2023-08", "value": 3.2301823682102716e-05, "incidence": 5.141935483870967, "pValue": 0.043291608249284325, "interpretation": "20.9% decrease, significant (p = 0.043), medium effect size (d=-0.74)"}, {"cityName": "Erfurt", "timestamp": "2023-08", "value": 2.967090187396141e-05, "incidence": 3.896774193548387, "pValue": 0.1074454194313296, "interpretation": "13.4% decrease, not statistically significant (p = 0.107), medium effect size (d=-0.66)"}, {"cityName": "Jena", "timestamp": "2023-08", "value": 2.9269670550194052e-05, "incidence": 3.367741935483871, "pValue": 0.3032125809002138, "interpretation": "11.8% decrease, not statistically significant (p = 0.303), small effect size (d=-0.41)"}]