[{"cityName": "Kiel", "timestamp": "2020-08", "value": 3.678854444019851e-05, "incidence": 9.935483870967744, "pValue": 0.637196337031543, "interpretation": "6.4% decrease, not statistically significant (p = 0.637), negligible effect size (d=-0.19)"}, {"cityName": "L\u00fcbeck", "timestamp": "2020-08", "value": 3.644843430568775e-05, "incidence": 4.041935483870968, "pValue": 0.039860875192154456, "interpretation": "20.0% decrease, significant (p = 0.040), large effect size (d=-0.85)"}, {"cityName": "Hamburg", "timestamp": "2020-08", "value": 5.266530508244479e-05, "incidence": 10.316129032258065, "pValue": 0.31534231648725874, "interpretation": "9.5% decrease, not statistically significant (p = 0.315), small effect size (d=-0.36)"}, {"cityName": "Braunschweig", "timestamp": "2020-08", "value": 4.1015997446854325e-05, "incidence": 3.874193548387096, "pValue": 0.9444206462256742, "interpretation": "0.7% increase, not statistically significant (p = 0.944), negligible effect size (d=0.03)"}, {"cityName": "Salzgitter", "timestamp": "2020-08", "value": 3.997498715762049e-05, "incidence": 10.912903225806453, "pValue": 0.9162869482809826, "interpretation": "1.7% increase, not statistically significant (p = 0.916), negligible effect size (d=0.05)"}, {"cityName": "Wolfsburg", "timestamp": "2020-08", "value": 3.7622616601813783e-05, "incidence": 8.04516129032258, "pValue": 0.20082548733069422, "interpretation": "16.7% decrease, not statistically significant (p = 0.201), medium effect size (d=-0.55)"}, {"cityName": "G\u00f6ttingen", "timestamp": "2020-08", "value": 3.2150316872589646e-05, "incidence": 5.319354838709677, "pValue": 0.2826952291169457, "interpretation": "12.2% decrease, not statistically significant (p = 0.283), medium effect size (d=-0.52)"}, {"cityName": "Hannover", "timestamp": "2020-08", "value": 4.474239999820527e-05, "incidence": 9.56774193548387, "pValue": 0.5238139241247599, "interpretation": "9.7% decrease, not statistically significant (p = 0.524), small effect size (d=-0.27)"}, {"cityName": "Hildesheim", "timestamp": "2020-08", "value": 3.440794534981251e-05, "incidence": 3.97741935483871, "pValue": 0.1955357078415105, "interpretation": "13.2% decrease, not statistically significant (p = 0.196), medium effect size (d=-0.53)"}, {"cityName": "Oldenburg (Oldb)", "timestamp": "2020-08", "value": 4.389450186863542e-05, "incidence": 4.232258064516128, "pValue": 0.1677716101791137, "interpretation": "18.0% decrease, not statistically significant (p = 0.168), medium effect size (d=-0.68)"}, {"cityName": "Osnabr\u00fcck", "timestamp": "2020-08", "value": 4.835583968088031e-05, "incidence": 10.761290322580647, "pValue": 0.10249274742970602, "interpretation": "21.1% decrease, not statistically significant (p = 0.102), medium effect size (d=-0.71)"}, {"cityName": "Bremen", "timestamp": "2020-08", "value": 4.7890961811435025e-05, "incidence": 7.2064516129032254, "pValue": 0.5834923536378533, "interpretation": "4.4% decrease, not statistically significant (p = 0.583), negligible effect size (d=-0.19)"}, {"cityName": "Bremerhaven", "timestamp": "2020-08", "value": 4.652802350132593e-05, "incidence": 3.7193548387096778, "pValue": 0.21049033504014542, "interpretation": "16.5% increase, not statistically significant (p = 0.210), medium effect size (d=0.51)"}, {"cityName": "D\u00fcsseldorf", "timestamp": "2020-08", "value": 8.187271518314757e-05, "incidence": 19.554838709677416, "pValue": 0.002475184625539545, "interpretation": "39.7% decrease, very significant (p < 0.01), large effect size (d=-1.25)"}, {"cityName": "Duisburg", "timestamp": "2020-08", "value": 0.00010073663762364633, "incidence": 22.867741935483867, "pValue": 0.03724436934575099, "interpretation": "29.4% decrease, significant (p = 0.037), large effect size (d=-0.87)"}, {"cityName": "Essen", "timestamp": "2020-08", "value": 8.164867997551576e-05, "incidence": 15.480645161290326, "pValue": 0.02986985090161951, "interpretation": "24.9% decrease, significant (p = 0.030), large effect size (d=-0.82)"}, {"cityName": "Krefeld", "timestamp": "2020-08", "value": 8.25835785900171e-05, "incidence": 11.464516129032257, "pValue": 0.04625010269913241, "interpretation": "37.0% decrease, significant (p = 0.046), medium effect size (d=-0.79)"}, {"cityName": "M\u00f6nchengladbach", "timestamp": "2020-08", "value": 8.985692442491136e-05, "incidence": 15.603225806451615, "pValue": 0.4712009850993032, "interpretation": "16.9% decrease, not statistically significant (p = 0.471), small effect size (d=-0.27)"}, {"cityName": "M\u00fclheim an der Ruhr", "timestamp": "2020-08", "value": 8.18524794239137e-05, "incidence": 14.561290322580646, "pValue": 0.017520426448186605, "interpretation": "29.8% decrease, significant (p = 0.018), large effect size (d=-0.98)"}, {"cityName": "Oberhausen", "timestamp": "2020-08", "value": 9.68004773872403e-05, "incidence": 12.648387096774192, "pValue": 0.00977676906036691, "interpretation": "35.1% decrease, very significant (p < 0.01), large effect size (d=-1.19)"}, {"cityName": "Remscheid", "timestamp": "2020-08", "value": 5.393260313818852e-05, "incidence": 16.693548387096776, "pValue": 0.032691057773092246, "interpretation": "37.8% decrease, significant (p = 0.033), large effect size (d=-1.11)"}, {"cityName": "Solingen", "timestamp": "2020-08", "value": 6.399409176083282e-05, "incidence": 14.40322580645161, "pValue": 0.01897374151361421, "interpretation": "39.1% decrease, significant (p = 0.019), large effect size (d=-1.01)"}, {"cityName": "Wuppertal", "timestamp": "2020-08", "value": 6.325404953073573e-05, "incidence": 19.31612903225807, "pValue": 0.028589547463542683, "interpretation": "35.4% decrease, significant (p = 0.029), large effect size (d=-0.96)"}, {"cityName": "Neuss", "timestamp": "2020-08", "value": 9.073995897779241e-05, "incidence": 12.883870967741935, "pValue": 0.14929619836092345, "interpretation": "22.7% decrease, not statistically significant (p = 0.149), medium effect size (d=-0.55)"}, {"cityName": "Moers", "timestamp": "2020-08", "value": 9.61655834024506e-05, "incidence": 13.95483870967742, "pValue": 0.2309607197821616, "interpretation": "25.8% decrease, not statistically significant (p = 0.231), small effect size (d=-0.50)"}, {"cityName": "Bonn", "timestamp": "2020-08", "value": 5.089924988252196e-05, "incidence": 13.180645161290322, "pValue": 0.42387488974719645, "interpretation": "14.7% decrease, not statistically significant (p = 0.424), small effect size (d=-0.33)"}, {"cityName": "K\u00f6ln", "timestamp": "2020-08", "value": 8.183324502574073e-05, "incidence": 14.141935483870968, "pValue": 0.2580123226529156, "interpretation": "16.3% decrease, not statistically significant (p = 0.258), small effect size (d=-0.41)"}, {"cityName": "Leverkusen", "timestamp": "2020-08", "value": 7.578046643175185e-05, "incidence": 14.670967741935483, "pValue": 0.03252732907632501, "interpretation": "32.1% decrease, significant (p = 0.033), large effect size (d=-0.88)"}, {"cityName": "Aachen", "timestamp": "2020-08", "value": 4.4706919840697584e-05, "incidence": 10.680645161290322, "pValue": 0.3053967238122764, "interpretation": "24.4% decrease, not statistically significant (p = 0.305), small effect size (d=-0.42)"}, {"cityName": "Bergisch Gladbach", "timestamp": "2020-08", "value": 6.33982043447239e-05, "incidence": 7.983870967741937, "pValue": 0.1485083210927572, "interpretation": "25.8% decrease, not statistically significant (p = 0.149), medium effect size (d=-0.60)"}, {"cityName": "Bottrop", "timestamp": "2020-08", "value": 9.63683842736132e-05, "incidence": 9.790322580645164, "pValue": 0.014503475475534383, "interpretation": "31.6% decrease, significant (p = 0.015), large effect size (d=-1.06)"}, {"cityName": "Gelsenkirchen", "timestamp": "2020-08", "value": 8.903934127267669e-05, "incidence": 17.729032258064514, "pValue": 0.027514207556666725, "interpretation": "29.3% decrease, significant (p = 0.028), large effect size (d=-0.87)"}, {"cityName": "M\u00fcnster", "timestamp": "2020-08", "value": 5.026997001678274e-05, "incidence": 11.783870967741935, "pValue": 0.14007129172436225, "interpretation": "19.2% decrease, not statistically significant (p = 0.140), medium effect size (d=-0.53)"}, {"cityName": "Recklinghausen", "timestamp": "2020-08", "value": 7.854663551999972e-05, "incidence": 11.890322580645163, "pValue": 0.07823549246971452, "interpretation": "29.9% decrease, not statistically significant (p = 0.078), medium effect size (d=-0.74)"}, {"cityName": "Bielefeld", "timestamp": "2020-08", "value": 4.712515510618687e-05, "incidence": 10.24516129032258, "pValue": 0.11504098596491864, "interpretation": "21.5% decrease, not statistically significant (p = 0.115), medium effect size (d=-0.60)"}, {"cityName": "G\u00fctersloh", "timestamp": "2020-08", "value": 4.509419086389244e-05, "incidence": 14.248387096774191, "pValue": 0.2718659286048782, "interpretation": "21.2% decrease, not statistically significant (p = 0.272), small effect size (d=-0.47)"}, {"cityName": "Paderborn", "timestamp": "2020-08", "value": 3.911628417911068e-05, "incidence": 5.535483870967742, "pValue": 0.08055679510609835, "interpretation": "19.6% decrease, not statistically significant (p = 0.081), medium effect size (d=-0.69)"}, {"cityName": "Bochum", "timestamp": "2020-08", "value": 7.977624287984024e-05, "incidence": 16.309677419354838, "pValue": 0.2947597896719162, "interpretation": "14.5% decrease, not statistically significant (p = 0.295), small effect size (d=-0.40)"}, {"cityName": "Dortmund", "timestamp": "2020-08", "value": 6.757478923628143e-05, "incidence": 16.203225806451613, "pValue": 0.024697749916686045, "interpretation": "34.2% decrease, significant (p = 0.025), large effect size (d=-0.87)"}, {"cityName": "Hagen", "timestamp": "2020-08", "value": 5.30200336000015e-05, "incidence": 19.26129032258065, "pValue": 0.44015420541522765, "interpretation": "15.5% decrease, not statistically significant (p = 0.440), small effect size (d=-0.37)"}, {"cityName": "Hamm", "timestamp": "2020-08", "value": 5.226727530715012e-05, "incidence": 13.751612903225807, "pValue": 0.012027480954572439, "interpretation": "39.8% decrease, significant (p = 0.012), large effect size (d=-0.98)"}, {"cityName": "Herne", "timestamp": "2020-08", "value": 8.467748994007706e-05, "incidence": 22.30322580645161, "pValue": 0.16747319316035164, "interpretation": "19.2% decrease, not statistically significant (p = 0.167), medium effect size (d=-0.57)"}, {"cityName": "Siegen", "timestamp": "2020-08", "value": 4.1139722452498975e-05, "incidence": 12.299999999999997, "pValue": 0.19731341759485782, "interpretation": "19.9% increase, not statistically significant (p = 0.197), medium effect size (d=0.61)"}, {"cityName": "Darmstadt", "timestamp": "2020-08", "value": 4.153356580487029e-05, "incidence": 10.56774193548387, "pValue": 0.06949078793108325, "interpretation": "16.6% decrease, not statistically significant (p = 0.069), medium effect size (d=-0.73)"}, {"cityName": "Frankfurt am Main", "timestamp": "2020-08", "value": 6.331816654313694e-05, "incidence": 19.377419354838707, "pValue": 0.00028624891239072424, "interpretation": "30.7% decrease, highly significant (p < 0.001), large effect size (d=-1.67)"}, {"cityName": "Offenbach am Main", "timestamp": "2020-08", "value": 5.623701409521428e-05, "incidence": 33.97741935483871, "pValue": 0.04643055631235342, "interpretation": "19.3% decrease, significant (p = 0.046), large effect size (d=-0.83)"}, {"cityName": "Wiesbaden", "timestamp": "2020-08", "value": 5.365571834974819e-05, "incidence": 25.135483870967747, "pValue": 0.06529189004071875, "interpretation": "23.3% decrease, not statistically significant (p = 0.065), medium effect size (d=-0.79)"}, {"cityName": "Hanau", "timestamp": "2020-08", "value": 4.372765901140295e-05, "incidence": 13.46774193548387, "pValue": 0.0065202435225908935, "interpretation": "20.6% decrease, very significant (p < 0.01), large effect size (d=-1.16)"}, {"cityName": "Kassel", "timestamp": "2020-08", "value": 3.762738843862381e-05, "incidence": 13.209677419354838, "pValue": 0.6551650051410828, "interpretation": "7.1% decrease, not statistically significant (p = 0.655), small effect size (d=-0.25)"}, {"cityName": "Koblenz", "timestamp": "2020-08", "value": 4.401638741708464e-05, "incidence": 10.535483870967742, "pValue": 0.6317853655134946, "interpretation": "7.5% decrease, not statistically significant (p = 0.632), negligible effect size (d=-0.19)"}, {"cityName": "Trier", "timestamp": "2020-08", "value": 4.041832580696792e-05, "incidence": 7.719354838709678, "pValue": 0.9494010367087384, "interpretation": "0.7% increase, not statistically significant (p = 0.949), negligible effect size (d=0.03)"}, {"cityName": "Kaiserslautern", "timestamp": "2020-08", "value": 3.634791266029844e-05, "incidence": 7.467741935483873, "pValue": 0.4504873194241725, "interpretation": "10.2% decrease, not statistically significant (p = 0.450), small effect size (d=-0.35)"}, {"cityName": "Ludwigshafen am Rhein", "timestamp": "2020-08", "value": 5.8503346129631005e-05, "incidence": 18.803225806451614, "pValue": 0.09666388221161841, "interpretation": "26.7% decrease, not statistically significant (p = 0.097), medium effect size (d=-0.73)"}, {"cityName": "Mainz", "timestamp": "2020-08", "value": 4.913975135423243e-05, "incidence": 10.435483870967742, "pValue": 0.21198273662476586, "interpretation": "16.5% decrease, not statistically significant (p = 0.212), medium effect size (d=-0.50)"}, {"cityName": "Stuttgart", "timestamp": "2020-08", "value": 3.721807863459819e-05, "incidence": 12.75806451612903, "pValue": 0.27927150447196963, "interpretation": "15.4% decrease, not statistically significant (p = 0.279), small effect size (d=-0.41)"}, {"cityName": "Heilbronn", "timestamp": "2020-08", "value": 3.708247095346451e-05, "incidence": 17.690322580645166, "pValue": 0.8449179790987669, "interpretation": "2.8% decrease, not statistically significant (p = 0.845), negligible effect size (d=-0.07)"}, {"cityName": "Karlsruhe", "timestamp": "2020-08", "value": 4.588639518866937e-05, "incidence": 7.161290322580645, "pValue": 0.4823188064958549, "interpretation": "8.8% increase, not statistically significant (p = 0.482), small effect size (d=0.24)"}, {"cityName": "Heidelberg", "timestamp": "2020-08", "value": 3.250078053066605e-05, "incidence": 9.254838709677419, "pValue": 0.023384399281756812, "interpretation": "24.2% decrease, significant (p = 0.023), large effect size (d=-0.91)"}, {"cityName": "Mannheim", "timestamp": "2020-08", "value": 5.280717276036739e-05, "incidence": 14.035483870967742, "pValue": 0.002556703377345286, "interpretation": "38.8% decrease, very significant (p < 0.01), large effect size (d=-1.35)"}, {"cityName": "Pforzheim", "timestamp": "2020-08", "value": 3.211416252371338e-05, "incidence": 10.593548387096776, "pValue": 0.8376202034463076, "interpretation": "2.3% decrease, not statistically significant (p = 0.838), negligible effect size (d=-0.08)"}, {"cityName": "Freiburg im Breisgau", "timestamp": "2020-08", "value": 2.858701972635808e-05, "incidence": 8.62258064516129, "pValue": 0.7401373261301436, "interpretation": "3.1% increase, not statistically significant (p = 0.740), negligible effect size (d=0.12)"}, {"cityName": "Reutlingen", "timestamp": "2020-08", "value": 2.6763102141558193e-05, "incidence": 7.561290322580645, "pValue": 0.20111574002707136, "interpretation": "15.9% decrease, not statistically significant (p = 0.201), medium effect size (d=-0.55)"}, {"cityName": "Ulm", "timestamp": "2020-08", "value": 3.1410388673018465e-05, "incidence": 19.81935483870968, "pValue": 0.1835831394356467, "interpretation": "13.6% decrease, not statistically significant (p = 0.184), medium effect size (d=-0.56)"}, {"cityName": "Ingolstadt", "timestamp": "2020-08", "value": 3.1656541978009045e-05, "incidence": 23.03225806451613, "pValue": 0.21179791134323786, "interpretation": "10.4% decrease, not statistically significant (p = 0.212), medium effect size (d=-0.51)"}, {"cityName": "M\u00fcnchen", "timestamp": "2020-08", "value": 3.943841259639997e-05, "incidence": 19.56451612903226, "pValue": 0.1815797828080935, "interpretation": "15.9% decrease, not statistically significant (p = 0.182), medium effect size (d=-0.59)"}, {"cityName": "Regensburg", "timestamp": "2020-08", "value": 3.116945154033601e-05, "incidence": 5.716129032258065, "pValue": 0.12140038607731596, "interpretation": "13.1% decrease, not statistically significant (p = 0.121), medium effect size (d=-0.71)"}, {"cityName": "Erlangen", "timestamp": "2020-08", "value": 3.396579164213368e-05, "incidence": 8.558064516129031, "pValue": 0.6631856274098449, "interpretation": "5.4% increase, not statistically significant (p = 0.663), small effect size (d=0.20)"}, {"cityName": "F\u00fcrth", "timestamp": "2020-08", "value": 3.731573233380914e-05, "incidence": 7.554838709677419, "pValue": 0.9933429610547213, "interpretation": "0.1% increase, not statistically significant (p = 0.993), negligible effect size (d=0.00)"}, {"cityName": "N\u00fcrnberg", "timestamp": "2020-08", "value": 3.803586657864578e-05, "incidence": 11.625806451612906, "pValue": 0.7715285812708113, "interpretation": "3.2% decrease, not statistically significant (p = 0.772), negligible effect size (d=-0.12)"}, {"cityName": "W\u00fcrzburg", "timestamp": "2020-08", "value": 3.7367706681834534e-05, "incidence": 6.564516129032258, "pValue": 0.7183886944766875, "interpretation": "3.5% decrease, not statistically significant (p = 0.718), negligible effect size (d=-0.15)"}, {"cityName": "Augsburg", "timestamp": "2020-08", "value": 2.9702229837242227e-05, "incidence": 14.625806451612902, "pValue": 0.07091363394000565, "interpretation": "20.0% decrease, not statistically significant (p = 0.071), large effect size (d=-0.80)"}, {"cityName": "Saarbr\u00fccken", "timestamp": "2020-08", "value": 3.276148345321417e-05, "incidence": 4.693548387096774, "pValue": 0.3879146740779783, "interpretation": "9.8% increase, not statistically significant (p = 0.388), small effect size (d=0.33)"}, {"cityName": "Berlin", "timestamp": "2020-08", "value": 4.4454036780246876e-05, "incidence": 0.0, "pValue": 0.6456522762364587, "interpretation": "5.1% decrease, not statistically significant (p = 0.646), negligible effect size (d=-0.18)"}, {"cityName": "Cottbus", "timestamp": "2020-08", "value": 4.0893371288593e-05, "incidence": 0.45161290322580644, "pValue": 0.8213968505800722, "interpretation": "3.9% increase, not statistically significant (p = 0.821), negligible effect size (d=0.11)"}, {"cityName": "Potsdam", "timestamp": "2020-08", "value": 3.832965568803689e-05, "incidence": 3.735483870967743, "pValue": 0.6576236564810806, "interpretation": "6.0% increase, not statistically significant (p = 0.658), negligible effect size (d=0.18)"}, {"cityName": "Rostock", "timestamp": "2020-08", "value": 3.147458615289493e-05, "incidence": 2.8483870967741938, "pValue": 0.18440704530966184, "interpretation": "12.6% decrease, not statistically significant (p = 0.184), medium effect size (d=-0.51)"}, {"cityName": "Chemnitz", "timestamp": "2020-08", "value": 3.381183643530055e-05, "incidence": 2.6451612903225805, "pValue": 0.6740767353494648, "interpretation": "5.3% decrease, not statistically significant (p = 0.674), small effect size (d=-0.21)"}, {"cityName": "Dresden", "timestamp": "2020-08", "value": 4.093818874521689e-05, "incidence": 1.9354838709677427, "pValue": 0.42341438662071307, "interpretation": "9.3% increase, not statistically significant (p = 0.423), small effect size (d=0.35)"}, {"cityName": "Leipzig", "timestamp": "2020-08", "value": 3.967091313325891e-05, "incidence": 2.93225806451613, "pValue": 0.8713870231309875, "interpretation": "2.1% increase, not statistically significant (p = 0.871), negligible effect size (d=0.07)"}, {"cityName": "Halle (Saale)", "timestamp": "2020-08", "value": 4.12910885643214e-05, "incidence": 2.8225806451612905, "pValue": 0.2630421467794875, "interpretation": "19.3% increase, not statistically significant (p = 0.263), medium effect size (d=0.51)"}, {"cityName": "Magdeburg", "timestamp": "2020-08", "value": 3.71740653032535e-05, "incidence": 6.880645161290324, "pValue": 0.9835806521677908, "interpretation": "0.2% decrease, not statistically significant (p = 0.984), negligible effect size (d=-0.01)"}, {"cityName": "Erfurt", "timestamp": "2020-08", "value": 3.1924056027956466e-05, "incidence": 3.161290322580645, "pValue": 0.36294757690820345, "interpretation": "9.2% decrease, not statistically significant (p = 0.363), small effect size (d=-0.40)"}, {"cityName": "Jena", "timestamp": "2020-08", "value": 3.378933696593675e-05, "incidence": 1.9161290322580642, "pValue": 0.8473992837685428, "interpretation": "2.6% increase, not statistically significant (p = 0.847), negligible effect size (d=0.08)"}]