[{"cityName": "Kiel", "timestamp": "2020-10", "value": 3.9486560992719165e-05, "incidence": 13.412903225806454, "pValue": 0.37482161468421393, "interpretation": "25.1% decrease, not statistically significant (p = 0.375), small effect size (d=-0.42)"}, {"cityName": "L\u00fcbeck", "timestamp": "2020-10", "value": 4.596713956238495e-05, "incidence": 24.312903225806455, "pValue": 0.27808553085458054, "interpretation": "24.9% decrease, not statistically significant (p = 0.278), medium effect size (d=-0.59)"}, {"cityName": "Hamburg", "timestamp": "2020-10", "value": 5.4403867020651143e-05, "incidence": 62.66451612903225, "pValue": 0.03316734658995922, "interpretation": "40.5% decrease, significant (p = 0.033), large effect size (d=-0.96)"}, {"cityName": "Braunschweig", "timestamp": "2020-10", "value": 6.811879575252533e-05, "incidence": 26.809677419354834, "pValue": 0.8192311591707976, "interpretation": "4.1% increase, not statistically significant (p = 0.819), negligible effect size (d=0.13)"}, {"cityName": "Salzgitter", "timestamp": "2020-10", "value": 6.177049363031983e-05, "incidence": 33.83870967741935, "pValue": 0.035246118003193605, "interpretation": "33.7% decrease, significant (p = 0.035), large effect size (d=-1.06)"}, {"cityName": "Wolfsburg", "timestamp": "2020-10", "value": 5.576695854726591e-05, "incidence": 20.280645161290323, "pValue": 0.10091291233344754, "interpretation": "21.0% decrease, not statistically significant (p = 0.101), large effect size (d=-0.88)"}, {"cityName": "G\u00f6ttingen", "timestamp": "2020-10", "value": 5.5640813938918566e-05, "incidence": 19.65806451612903, "pValue": 0.7998720299764641, "interpretation": "5.1% decrease, not statistically significant (p = 0.800), negligible effect size (d=-0.14)"}, {"cityName": "Hannover", "timestamp": "2020-10", "value": 7.405998430361873e-05, "incidence": 39.13870967741936, "pValue": 0.10803175460682361, "interpretation": "27.6% decrease, not statistically significant (p = 0.108), medium effect size (d=-0.71)"}, {"cityName": "Hildesheim", "timestamp": "2020-10", "value": 5.4487006683998246e-05, "incidence": 41.70322580645161, "pValue": 0.23302101729289532, "interpretation": "23.0% decrease, not statistically significant (p = 0.233), medium effect size (d=-0.60)"}, {"cityName": "Oldenburg (Oldb)", "timestamp": "2020-10", "value": 5.384665564633906e-05, "incidence": 22.81612903225807, "pValue": 0.07318802924236062, "interpretation": "37.1% decrease, not statistically significant (p = 0.073), large effect size (d=-0.87)"}, {"cityName": "Osnabr\u00fcck", "timestamp": "2020-10", "value": 5.982039411636916e-05, "incidence": 44.36129032258064, "pValue": 0.23851821129758496, "interpretation": "30.2% decrease, not statistically significant (p = 0.239), medium effect size (d=-0.79)"}, {"cityName": "Bremen", "timestamp": "2020-10", "value": 6.439360469335415e-05, "incidence": 90.58709677419354, "pValue": 0.285039152865786, "interpretation": "23.5% decrease, not statistically significant (p = 0.285), small effect size (d=-0.49)"}, {"cityName": "Bremerhaven", "timestamp": "2020-10", "value": 5.7081230417160054e-05, "incidence": 21.432258064516127, "pValue": 0.2440330983122353, "interpretation": "27.2% decrease, not statistically significant (p = 0.244), medium effect size (d=-0.58)"}, {"cityName": "D\u00fcsseldorf", "timestamp": "2020-10", "value": 8.532444083290856e-05, "incidence": 81.28064516129034, "pValue": 0.1322038673967877, "interpretation": "39.7% decrease, not statistically significant (p = 0.132), large effect size (d=-0.92)"}, {"cityName": "Duisburg", "timestamp": "2020-10", "value": 9.628928576906522e-05, "incidence": 99.78064516129032, "pValue": 0.348187442098545, "interpretation": "23.2% decrease, not statistically significant (p = 0.348), medium effect size (d=-0.55)"}, {"cityName": "Essen", "timestamp": "2020-10", "value": 6.172816770581099e-05, "incidence": 71.21612903225807, "pValue": 0.006812053250975005, "interpretation": "57.8% decrease, very significant (p < 0.01), large effect size (d=-1.71)"}, {"cityName": "Krefeld", "timestamp": "2020-10", "value": 8.010487251270276e-05, "incidence": 68.26451612903227, "pValue": 0.0, "interpretation": "Insufficient data for this month for a statistical test."}, {"cityName": "M\u00f6nchengladbach", "timestamp": "2020-10", "value": 3.7249627298322216e-05, "incidence": 51.04516129032258, "pValue": 0.03080640264118314, "interpretation": "65.2% decrease, significant (p = 0.031), large effect size (d=-1.36)"}, {"cityName": "M\u00fclheim an der Ruhr", "timestamp": "2020-10", "value": 8.461280311975215e-05, "incidence": 62.69354838709677, "pValue": 0.08463601102332763, "interpretation": "41.0% decrease, not statistically significant (p = 0.085), large effect size (d=-1.00)"}, {"cityName": "Oberhausen", "timestamp": "2020-10", "value": 8.382401070915736e-05, "incidence": 56.42258064516129, "pValue": 0.10362064095490542, "interpretation": "48.2% decrease, not statistically significant (p = 0.104), large effect size (d=-1.23)"}, {"cityName": "Remscheid", "timestamp": "2020-10", "value": 5.293027109776934e-05, "incidence": 97.39354838709679, "pValue": 0.18435416433945587, "interpretation": "29.0% decrease, not statistically significant (p = 0.184), large effect size (d=-0.83)"}, {"cityName": "Solingen", "timestamp": "2020-10", "value": 6.539554306073114e-05, "incidence": 113.10967741935482, "pValue": 0.12090872257937761, "interpretation": "32.5% decrease, not statistically significant (p = 0.121), large effect size (d=-0.97)"}, {"cityName": "Wuppertal", "timestamp": "2020-10", "value": 5.863192146299062e-05, "incidence": 91.08387096774193, "pValue": 0.13606264212062236, "interpretation": "30.6% decrease, not statistically significant (p = 0.136), large effect size (d=-0.93)"}, {"cityName": "Neuss", "timestamp": "2020-10", "value": 6.87202118569985e-05, "incidence": 59.46129032258064, "pValue": 0.0, "interpretation": "Insufficient data for this month for a statistical test."}, {"cityName": "Moers", "timestamp": "2020-10", "value": 9.25393043352025e-05, "incidence": 41.61290322580644, "pValue": 0.0, "interpretation": "Insufficient data for this month for a statistical test."}, {"cityName": "Bonn", "timestamp": "2020-10", "value": 3.8825271820480175e-05, "incidence": 56.561290322580646, "pValue": 0.03804728932096411, "interpretation": "56.2% decrease, significant (p = 0.038), large effect size (d=-1.30)"}, {"cityName": "K\u00f6ln", "timestamp": "2020-10", "value": 7.827986135250992e-05, "incidence": 105.78064516129032, "pValue": 0.3736552638000453, "interpretation": "23.6% decrease, not statistically significant (p = 0.374), small effect size (d=-0.45)"}, {"cityName": "Leverkusen", "timestamp": "2020-10", "value": 6.695107246438663e-05, "incidence": 72.84838709677422, "pValue": 0.18560599444717288, "interpretation": "28.9% decrease, not statistically significant (p = 0.186), large effect size (d=-0.80)"}, {"cityName": "Aachen", "timestamp": "2020-10", "value": 4.636559330312342e-05, "incidence": 101.69032258064514, "pValue": 0.1601035057019438, "interpretation": "31.5% decrease, not statistically significant (p = 0.160), large effect size (d=-0.82)"}, {"cityName": "Bergisch Gladbach", "timestamp": "2020-10", "value": 4.860264432084348e-05, "incidence": 61.19354838709677, "pValue": 0.09445021409657894, "interpretation": "34.1% decrease, not statistically significant (p = 0.094), large effect size (d=-1.01)"}, {"cityName": "Bottrop", "timestamp": "2020-10", "value": 8.530090289080844e-05, "incidence": 55.36451612903225, "pValue": 0.17654762122926265, "interpretation": "35.2% decrease, not statistically significant (p = 0.177), large effect size (d=-0.85)"}, {"cityName": "Gelsenkirchen", "timestamp": "2020-10", "value": 7.467193063348532e-05, "incidence": 106.46774193548386, "pValue": 0.1649853910841039, "interpretation": "41.5% decrease, not statistically significant (p = 0.165), large effect size (d=-0.98)"}, {"cityName": "M\u00fcnster", "timestamp": "2020-10", "value": 7.087542887842446e-05, "incidence": 42.42903225806452, "pValue": 0.8810854154064269, "interpretation": "4.4% decrease, not statistically significant (p = 0.881), negligible effect size (d=-0.07)"}, {"cityName": "Recklinghausen", "timestamp": "2020-10", "value": 6.628744393730393e-05, "incidence": 77.51290322580644, "pValue": 0.0, "interpretation": "Insufficient data for this month for a statistical test."}, {"cityName": "Bielefeld", "timestamp": "2020-10", "value": 6.376022550587852e-05, "incidence": 57.86451612903226, "pValue": 0.9002052302654785, "interpretation": "2.5% decrease, not statistically significant (p = 0.900), negligible effect size (d=-0.06)"}, {"cityName": "G\u00fctersloh", "timestamp": "2020-10", "value": 6.656987243331969e-05, "incidence": 54.674193548387095, "pValue": 0.6593786778793101, "interpretation": "7.2% decrease, not statistically significant (p = 0.659), small effect size (d=-0.22)"}, {"cityName": "Paderborn", "timestamp": "2020-10", "value": 5.4000272235322384e-05, "incidence": 23.164516129032258, "pValue": 0.31541507040686634, "interpretation": "23.0% decrease, not statistically significant (p = 0.315), small effect size (d=-0.45)"}, {"cityName": "Bochum", "timestamp": "2020-10", "value": 5.783941499733677e-05, "incidence": 69.40000000000002, "pValue": 0.020983114603785814, "interpretation": "51.7% decrease, significant (p = 0.021), large effect size (d=-1.57)"}, {"cityName": "Dortmund", "timestamp": "2020-10", "value": 6.506715298575513e-05, "incidence": 71.71612903225807, "pValue": 0.09724277475642709, "interpretation": "40.5% decrease, not statistically significant (p = 0.097), large effect size (d=-1.06)"}, {"cityName": "Hagen", "timestamp": "2020-10", "value": 4.713262977271244e-05, "incidence": 78.63225806451612, "pValue": 0.016168678736794537, "interpretation": "48.3% decrease, significant (p = 0.016), large effect size (d=-1.61)"}, {"cityName": "Hamm", "timestamp": "2020-10", "value": 6.923644936510495e-05, "incidence": 85.4, "pValue": 0.19842201667150342, "interpretation": "26.2% decrease, not statistically significant (p = 0.198), medium effect size (d=-0.72)"}, {"cityName": "Herne", "timestamp": "2020-10", "value": 4.788487567566335e-05, "incidence": 105.56129032258065, "pValue": 0.004772569290726906, "interpretation": "65.7% decrease, very significant (p < 0.01), large effect size (d=-2.41)"}, {"cityName": "Siegen", "timestamp": "2020-10", "value": 3.182835062034428e-05, "incidence": 43.6741935483871, "pValue": 0.08689740249608392, "interpretation": "58.9% decrease, not statistically significant (p = 0.087), large effect size (d=-1.41)"}, {"cityName": "Darmstadt", "timestamp": "2020-10", "value": 5.678399148481813e-05, "incidence": 70.35806451612903, "pValue": 0.6021940331322934, "interpretation": "14.2% decrease, not statistically significant (p = 0.602), small effect size (d=-0.28)"}, {"cityName": "Frankfurt am Main", "timestamp": "2020-10", "value": 7.045234087854624e-05, "incidence": 111.8225806451613, "pValue": 0.011697501045527272, "interpretation": "42.5% decrease, significant (p = 0.012), large effect size (d=-1.35)"}, {"cityName": "Offenbach am Main", "timestamp": "2020-10", "value": 5.79241578551856e-05, "incidence": 113.19354838709675, "pValue": 0.011162073888212441, "interpretation": "46.9% decrease, significant (p = 0.011), large effect size (d=-1.53)"}, {"cityName": "Wiesbaden", "timestamp": "2020-10", "value": 6.777550637101133e-05, "incidence": 75.66451612903226, "pValue": 0.3279319710216425, "interpretation": "23.5% decrease, not statistically significant (p = 0.328), medium effect size (d=-0.53)"}, {"cityName": "Hanau", "timestamp": "2020-10", "value": 4.171361573613607e-05, "incidence": 56.403225806451616, "pValue": 0.01953557053158995, "interpretation": "47.9% decrease, significant (p = 0.020), large effect size (d=-1.52)"}, {"cityName": "Kassel", "timestamp": "2020-10", "value": 5.247626298417648e-05, "incidence": 63.57096774193548, "pValue": 0.7062779612406374, "interpretation": "8.5% decrease, not statistically significant (p = 0.706), small effect size (d=-0.26)"}, {"cityName": "Koblenz", "timestamp": "2020-10", "value": 3.669421292013592e-05, "incidence": 35.76129032258064, "pValue": 0.05933944366709925, "interpretation": "49.9% decrease, not statistically significant (p = 0.059), large effect size (d=-1.21)"}, {"cityName": "Trier", "timestamp": "2020-10", "value": 3.755249490495771e-05, "incidence": 46.63548387096775, "pValue": 0.18650741546285388, "interpretation": "29.7% decrease, not statistically significant (p = 0.187), large effect size (d=-0.80)"}, {"cityName": "Kaiserslautern", "timestamp": "2020-10", "value": 2.851012574795347e-05, "incidence": 39.89677419354839, "pValue": 0.32307013330778467, "interpretation": "32.6% decrease, not statistically significant (p = 0.323), medium effect size (d=-0.58)"}, {"cityName": "Ludwigshafen am Rhein", "timestamp": "2020-10", "value": 6.99726272917663e-05, "incidence": 55.261290322580635, "pValue": 0.44262921736608773, "interpretation": "22.0% decrease, not statistically significant (p = 0.443), small effect size (d=-0.44)"}, {"cityName": "Mainz", "timestamp": "2020-10", "value": 6.596214370802045e-05, "incidence": 73.33225806451614, "pValue": 0.08581107779088126, "interpretation": "38.2% decrease, not statistically significant (p = 0.086), large effect size (d=-1.04)"}, {"cityName": "Stuttgart", "timestamp": "2020-10", "value": 3.902796500672897e-05, "incidence": 87.85483870967742, "pValue": 0.026978440274825044, "interpretation": "51.4% decrease, significant (p = 0.027), large effect size (d=-1.28)"}, {"cityName": "Heilbronn", "timestamp": "2020-10", "value": 5.287622722486655e-05, "incidence": 85.10645161290323, "pValue": 0.021497588831040634, "interpretation": "38.2% decrease, significant (p = 0.021), large effect size (d=-1.23)"}, {"cityName": "Karlsruhe", "timestamp": "2020-10", "value": 5.213292315602303e-05, "incidence": 47.23548387096774, "pValue": 0.11938737753222659, "interpretation": "34.4% decrease, not statistically significant (p = 0.119), medium effect size (d=-0.76)"}, {"cityName": "Heidelberg", "timestamp": "2020-10", "value": 4.795183256072434e-05, "incidence": 47.564516129032256, "pValue": 0.003935898270604067, "interpretation": "47.0% decrease, very significant (p < 0.01), large effect size (d=-1.74)"}, {"cityName": "Mannheim", "timestamp": "2020-10", "value": 6.0058385133743283e-05, "incidence": 70.64516129032256, "pValue": 0.1354811844026122, "interpretation": "26.1% decrease, not statistically significant (p = 0.135), medium effect size (d=-0.75)"}, {"cityName": "Pforzheim", "timestamp": "2020-10", "value": 4.722108779889014e-05, "incidence": 53.94516129032259, "pValue": 0.06160948097464895, "interpretation": "44.2% decrease, not statistically significant (p = 0.062), large effect size (d=-1.15)"}, {"cityName": "Freiburg im Breisgau", "timestamp": "2020-10", "value": 3.601784636783931e-05, "incidence": 54.46774193548387, "pValue": 0.34888940547977676, "interpretation": "23.3% decrease, not statistically significant (p = 0.349), medium effect size (d=-0.51)"}, {"cityName": "Reutlingen", "timestamp": "2020-10", "value": 3.7200472434051335e-05, "incidence": 43.22903225806451, "pValue": 0.032040899715911494, "interpretation": "36.0% decrease, significant (p = 0.032), large effect size (d=-1.14)"}, {"cityName": "Ulm", "timestamp": "2020-10", "value": 4.2336726389629276e-05, "incidence": 57.64516129032259, "pValue": 0.08466630300699336, "interpretation": "22.3% decrease, not statistically significant (p = 0.085), large effect size (d=-0.82)"}, {"cityName": "Ingolstadt", "timestamp": "2020-10", "value": 5.0591130275279284e-05, "incidence": 55.606451612903214, "pValue": 0.0630470260614865, "interpretation": "40.5% decrease, not statistically significant (p = 0.063), large effect size (d=-1.11)"}, {"cityName": "M\u00fcnchen", "timestamp": "2020-10", "value": 5.6941483098153884e-05, "incidence": 71.64516129032258, "pValue": 0.1376243274243786, "interpretation": "26.3% decrease, not statistically significant (p = 0.138), medium effect size (d=-0.66)"}, {"cityName": "Regensburg", "timestamp": "2020-10", "value": 5.469206565370162e-05, "incidence": 43.94516129032259, "pValue": 0.06733083181380682, "interpretation": "34.7% decrease, not statistically significant (p = 0.067), large effect size (d=-1.16)"}, {"cityName": "Erlangen", "timestamp": "2020-10", "value": 4.58708215904023e-05, "incidence": 36.66774193548387, "pValue": 0.015854225035040786, "interpretation": "39.4% decrease, significant (p = 0.016), large effect size (d=-1.58)"}, {"cityName": "F\u00fcrth", "timestamp": "2020-10", "value": 4.639076942112297e-05, "incidence": 42.8774193548387, "pValue": 0.013906066638333478, "interpretation": "41.6% decrease, significant (p = 0.014), large effect size (d=-1.54)"}, {"cityName": "N\u00fcrnberg", "timestamp": "2020-10", "value": 4.647409359952717e-05, "incidence": 54.0741935483871, "pValue": 0.0033342416180500525, "interpretation": "46.4% decrease, very significant (p < 0.01), large effect size (d=-2.07)"}, {"cityName": "W\u00fcrzburg", "timestamp": "2020-10", "value": 4.7199184336932376e-05, "incidence": 56.33225806451613, "pValue": 0.031034645859029118, "interpretation": "35.8% decrease, significant (p = 0.031), large effect size (d=-1.27)"}, {"cityName": "Augsburg", "timestamp": "2020-10", "value": 4.797989878660211e-05, "incidence": 98.18709677419352, "pValue": 0.2574377445181859, "interpretation": "24.7% decrease, not statistically significant (p = 0.257), medium effect size (d=-0.58)"}, {"cityName": "Saarbr\u00fccken", "timestamp": "2020-10", "value": 2.121703582815826e-05, "incidence": 54.68064516129033, "pValue": 0.0007759065999725871, "interpretation": "63.4% decrease, highly significant (p < 0.001), large effect size (d=-2.21)"}, {"cityName": "Berlin", "timestamp": "2020-10", "value": 4.3808965285013364e-05, "incidence": 0.0, "pValue": 0.3187103421764984, "interpretation": "25.3% decrease, not statistically significant (p = 0.319), small effect size (d=-0.48)"}, {"cityName": "Cottbus", "timestamp": "2020-10", "value": 4.8388561341338434e-05, "incidence": 46.667741935483875, "pValue": 0.13972391724744945, "interpretation": "27.1% decrease, not statistically significant (p = 0.140), large effect size (d=-0.81)"}, {"cityName": "Potsdam", "timestamp": "2020-10", "value": 5.486373351339032e-05, "incidence": 25.896774193548385, "pValue": 0.9651876947593492, "interpretation": "1.2% increase, not statistically significant (p = 0.965), negligible effect size (d=0.03)"}, {"cityName": "Rostock", "timestamp": "2020-10", "value": 4.921475721692497e-05, "incidence": 16.074193548387097, "pValue": 0.7198738902456718, "interpretation": "7.4% increase, not statistically significant (p = 0.720), negligible effect size (d=0.16)"}, {"cityName": "Chemnitz", "timestamp": "2020-10", "value": 3.511781190953604e-05, "incidence": 47.66451612903227, "pValue": 0.057667567134628006, "interpretation": "49.4% decrease, not statistically significant (p = 0.058), large effect size (d=-1.14)"}, {"cityName": "Dresden", "timestamp": "2020-10", "value": 4.1582858697934586e-05, "incidence": 47.23548387096774, "pValue": 0.16454096325875456, "interpretation": "33.7% decrease, not statistically significant (p = 0.165), large effect size (d=-0.85)"}, {"cityName": "Leipzig", "timestamp": "2020-10", "value": 6.219061712423961e-05, "incidence": 17.31935483870968, "pValue": 0.6174644038092056, "interpretation": "9.1% decrease, not statistically significant (p = 0.617), small effect size (d=-0.26)"}, {"cityName": "Halle (Saale)", "timestamp": "2020-10", "value": 6.301515774490933e-05, "incidence": 29.700000000000003, "pValue": 0.4650012235693559, "interpretation": "12.7% decrease, not statistically significant (p = 0.465), small effect size (d=-0.34)"}, {"cityName": "Magdeburg", "timestamp": "2020-10", "value": 4.6937276094563696e-05, "incidence": 30.219354838709677, "pValue": 0.010801294625642612, "interpretation": "35.6% decrease, significant (p = 0.011), large effect size (d=-1.31)"}, {"cityName": "Erfurt", "timestamp": "2020-10", "value": 5.688510359601772e-05, "incidence": 25.716129032258067, "pValue": 0.949694445671163, "interpretation": "0.9% increase, not statistically significant (p = 0.950), negligible effect size (d=0.03)"}, {"cityName": "Jena", "timestamp": "2020-10", "value": 5.796612499074804e-05, "incidence": 28.012903225806447, "pValue": 0.4410386214825157, "interpretation": "17.4% decrease, not statistically significant (p = 0.441), small effect size (d=-0.40)"}]