[{"cityName": "Kiel", "timestamp": "2022-05", "value": 3.70220791193701e-05, "incidence": 611.5483870967743, "pValue": 0.6520716193275395, "interpretation": "8.3% increase, not statistically significant (p = 0.652), small effect size (d=0.21)"}, {"cityName": "L\u00fcbeck", "timestamp": "2022-05", "value": 4.100626554443604e-05, "incidence": 676.690322580645, "pValue": 0.8551037144129517, "interpretation": "5.1% increase, not statistically significant (p = 0.855), negligible effect size (d=0.09)"}, {"cityName": "Hamburg", "timestamp": "2022-05", "value": 5.460946165301182e-05, "incidence": 518.2290322580645, "pValue": 0.5177450668719947, "interpretation": "9.4% increase, not statistically significant (p = 0.518), small effect size (d=0.26)"}, {"cityName": "Braunschweig", "timestamp": "2022-05", "value": 4.101603168665486e-05, "incidence": 570.1225806451613, "pValue": 0.44869705462832055, "interpretation": "9.6% decrease, not statistically significant (p = 0.449), small effect size (d=-0.45)"}, {"cityName": "Salzgitter", "timestamp": "2022-05", "value": 3.966431831941009e-05, "incidence": 400.43548387096763, "pValue": 0.645001778868755, "interpretation": "5.1% decrease, not statistically significant (p = 0.645), small effect size (d=-0.22)"}, {"cityName": "Wolfsburg", "timestamp": "2022-05", "value": 3.402990803710724e-05, "incidence": 500.6709677419354, "pValue": 0.37503977730501115, "interpretation": "14.5% decrease, not statistically significant (p = 0.375), medium effect size (d=-0.52)"}, {"cityName": "G\u00f6ttingen", "timestamp": "2022-05", "value": 3.117106721869537e-05, "incidence": 614.1290322580645, "pValue": 0.007288666692250303, "interpretation": "29.4% decrease, very significant (p < 0.01), large effect size (d=-2.10)"}, {"cityName": "Hannover", "timestamp": "2022-05", "value": 4.722522020241932e-05, "incidence": 451.7967741935484, "pValue": 0.7470367409290328, "interpretation": "5.4% increase, not statistically significant (p = 0.747), negligible effect size (d=0.14)"}, {"cityName": "Hildesheim", "timestamp": "2022-05", "value": 3.792577669681872e-05, "incidence": 555.1064516129034, "pValue": 0.292652424944962, "interpretation": "11.1% decrease, not statistically significant (p = 0.293), medium effect size (d=-0.62)"}, {"cityName": "Oldenburg (Oldb)", "timestamp": "2022-05", "value": 4.919926868751645e-05, "incidence": 820.2677419354839, "pValue": 0.7452714943019543, "interpretation": "5.8% increase, not statistically significant (p = 0.745), negligible effect size (d=0.16)"}, {"cityName": "Osnabr\u00fcck", "timestamp": "2022-05", "value": 4.923550031063232e-05, "incidence": 512.8741935483871, "pValue": 0.5086039772513411, "interpretation": "8.8% decrease, not statistically significant (p = 0.509), small effect size (d=-0.38)"}, {"cityName": "Bremen", "timestamp": "2022-05", "value": 5.5437976280685334e-05, "incidence": 541.4806451612902, "pValue": 0.8666078960609328, "interpretation": "3.2% decrease, not statistically significant (p = 0.867), negligible effect size (d=-0.06)"}, {"cityName": "Bremerhaven", "timestamp": "2022-05", "value": 4.2529211246541566e-05, "incidence": 566.4548387096775, "pValue": 0.7354223755485414, "interpretation": "4.9% increase, not statistically significant (p = 0.735), negligible effect size (d=0.13)"}, {"cityName": "D\u00fcsseldorf", "timestamp": "2022-05", "value": 9.528287436540534e-05, "incidence": 373.6741935483871, "pValue": 0.4902324635262273, "interpretation": "11.7% decrease, not statistically significant (p = 0.490), small effect size (d=-0.30)"}, {"cityName": "Duisburg", "timestamp": "2022-05", "value": 0.00011122329399371758, "incidence": 223.0258064516129, "pValue": 0.16343126921752157, "interpretation": "21.0% decrease, not statistically significant (p = 0.163), medium effect size (d=-0.58)"}, {"cityName": "Essen", "timestamp": "2022-05", "value": 7.655940806636444e-05, "incidence": 359.516129032258, "pValue": 0.07069792847133065, "interpretation": "31.9% decrease, not statistically significant (p = 0.071), large effect size (d=-0.84)"}, {"cityName": "Krefeld", "timestamp": "2022-05", "value": 9.326377095511326e-05, "incidence": 323.19354838709677, "pValue": 0.21528470487759752, "interpretation": "23.6% decrease, not statistically significant (p = 0.215), medium effect size (d=-0.55)"}, {"cityName": "M\u00f6nchengladbach", "timestamp": "2022-05", "value": 7.365754773390705e-05, "incidence": 385.3032258064516, "pValue": 0.02208194166101156, "interpretation": "37.0% decrease, significant (p = 0.022), large effect size (d=-0.93)"}, {"cityName": "M\u00fclheim an der Ruhr", "timestamp": "2022-05", "value": 8.596863416540954e-05, "incidence": 373.91935483870964, "pValue": 0.0747641540110073, "interpretation": "26.4% decrease, not statistically significant (p = 0.075), large effect size (d=-0.90)"}, {"cityName": "Oberhausen", "timestamp": "2022-05", "value": 0.00010027286883157033, "incidence": 278.2903225806452, "pValue": 0.4816537028303668, "interpretation": "11.7% decrease, not statistically significant (p = 0.482), small effect size (d=-0.35)"}, {"cityName": "Remscheid", "timestamp": "2022-05", "value": 5.747260681043069e-05, "incidence": 380.90322580645153, "pValue": 0.19310656112861863, "interpretation": "23.4% decrease, not statistically significant (p = 0.193), medium effect size (d=-0.69)"}, {"cityName": "Solingen", "timestamp": "2022-05", "value": 6.728664448019117e-05, "incidence": 428.95161290322574, "pValue": 0.1267358774627541, "interpretation": "22.5% decrease, not statistically significant (p = 0.127), medium effect size (d=-0.74)"}, {"cityName": "Wuppertal", "timestamp": "2022-05", "value": 6.367426572574509e-05, "incidence": 402.43870967741935, "pValue": 0.7641456557712909, "interpretation": "8.0% decrease, not statistically significant (p = 0.764), negligible effect size (d=-0.14)"}, {"cityName": "Neuss", "timestamp": "2022-05", "value": 0.00010075700265588239, "incidence": 421.15806451612906, "pValue": 0.5015275723905747, "interpretation": "14.7% decrease, not statistically significant (p = 0.502), small effect size (d=-0.32)"}, {"cityName": "Moers", "timestamp": "2022-05", "value": 9.326423917497908e-05, "incidence": 392.3387096774194, "pValue": 0.06398103708144622, "interpretation": "33.6% decrease, not statistically significant (p = 0.064), large effect size (d=-0.91)"}, {"cityName": "Bonn", "timestamp": "2022-05", "value": 6.933112374760888e-05, "incidence": 344.35806451612893, "pValue": 0.0275660533804264, "interpretation": "35.8% decrease, significant (p = 0.028), large effect size (d=-0.92)"}, {"cityName": "K\u00f6ln", "timestamp": "2022-05", "value": 0.00010048286963461174, "incidence": 348.9, "pValue": 0.16348944803580448, "interpretation": "19.5% decrease, not statistically significant (p = 0.163), small effect size (d=-0.50)"}, {"cityName": "Leverkusen", "timestamp": "2022-05", "value": 0.00010344049466463427, "incidence": 354.2451612903226, "pValue": 0.8559747920834289, "interpretation": "4.3% increase, not statistically significant (p = 0.856), negligible effect size (d=0.08)"}, {"cityName": "Aachen", "timestamp": "2022-05", "value": 6.338363063746486e-05, "incidence": 494.5967741935484, "pValue": 0.02939810243719403, "interpretation": "42.9% decrease, significant (p = 0.029), large effect size (d=-0.95)"}, {"cityName": "Bergisch Gladbach", "timestamp": "2022-05", "value": 7.481078085090433e-05, "incidence": 385.9870967741936, "pValue": 0.5758982093568261, "interpretation": "10.9% decrease, not statistically significant (p = 0.576), small effect size (d=-0.26)"}, {"cityName": "Bottrop", "timestamp": "2022-05", "value": 8.572844843215803e-05, "incidence": 385.3387096774194, "pValue": 0.17717755852559908, "interpretation": "25.4% decrease, not statistically significant (p = 0.177), medium effect size (d=-0.67)"}, {"cityName": "Gelsenkirchen", "timestamp": "2022-05", "value": 8.29698915100273e-05, "incidence": 346.28387096774196, "pValue": 0.07637876257070934, "interpretation": "30.6% decrease, not statistically significant (p = 0.076), large effect size (d=-0.88)"}, {"cityName": "M\u00fcnster", "timestamp": "2022-05", "value": 4.815790606172461e-05, "incidence": 562.0580645161291, "pValue": 0.2617486513838177, "interpretation": "17.8% decrease, not statistically significant (p = 0.262), medium effect size (d=-0.51)"}, {"cityName": "Recklinghausen", "timestamp": "2022-05", "value": 6.648745889273974e-05, "incidence": 377.9419354838709, "pValue": 0.29543792402565455, "interpretation": "18.3% decrease, not statistically significant (p = 0.295), medium effect size (d=-0.56)"}, {"cityName": "Bielefeld", "timestamp": "2022-05", "value": 4.450483053612212e-05, "incidence": 546.2387096774194, "pValue": 0.7707259055942111, "interpretation": "4.2% decrease, not statistically significant (p = 0.771), negligible effect size (d=-0.13)"}, {"cityName": "G\u00fctersloh", "timestamp": "2022-05", "value": 4.9108086386695504e-05, "incidence": 422.17096774193544, "pValue": 0.8658484522712729, "interpretation": "2.8% decrease, not statistically significant (p = 0.866), negligible effect size (d=-0.08)"}, {"cityName": "Paderborn", "timestamp": "2022-05", "value": 4.1278822708033745e-05, "incidence": 451.8354838709678, "pValue": 0.17857921361740234, "interpretation": "19.7% decrease, not statistically significant (p = 0.179), medium effect size (d=-0.63)"}, {"cityName": "Bochum", "timestamp": "2022-05", "value": 6.625531144284953e-05, "incidence": 363.87419354838715, "pValue": 0.029640981751292164, "interpretation": "41.1% decrease, significant (p = 0.030), large effect size (d=-1.08)"}, {"cityName": "Dortmund", "timestamp": "2022-05", "value": 6.692625545695716e-05, "incidence": 458.38709677419354, "pValue": 0.02830918504806826, "interpretation": "32.7% decrease, significant (p = 0.028), large effect size (d=-1.11)"}, {"cityName": "Hagen", "timestamp": "2022-05", "value": 5.639150963518126e-05, "incidence": 398.86129032258066, "pValue": 0.034297298770853, "interpretation": "33.2% decrease, significant (p = 0.034), large effect size (d=-1.29)"}, {"cityName": "Hamm", "timestamp": "2022-05", "value": 4.78898152886402e-05, "incidence": 499.63548387096785, "pValue": 0.02708303456313665, "interpretation": "48.1% decrease, significant (p = 0.027), large effect size (d=-1.40)"}, {"cityName": "Herne", "timestamp": "2022-05", "value": 7.33816996216774e-05, "incidence": 386.2677419354839, "pValue": 0.040175931531522865, "interpretation": "40.9% decrease, significant (p = 0.040), large effect size (d=-1.14)"}, {"cityName": "Siegen", "timestamp": "2022-05", "value": 3.659600915852934e-05, "incidence": 527.0677419354839, "pValue": 0.08220938496140827, "interpretation": "43.2% decrease, not statistically significant (p = 0.082), large effect size (d=-1.02)"}, {"cityName": "Darmstadt", "timestamp": "2022-05", "value": 4.907112716781822e-05, "incidence": 515.4322580645162, "pValue": 0.0054355606581878565, "interpretation": "29.9% decrease, very significant (p < 0.01), large effect size (d=-1.26)"}, {"cityName": "Frankfurt am Main", "timestamp": "2022-05", "value": 5.7643586346371606e-05, "incidence": 428.2483870967742, "pValue": 0.052374133169688614, "interpretation": "27.5% decrease, not statistically significant (p = 0.052), medium effect size (d=-0.74)"}, {"cityName": "Offenbach am Main", "timestamp": "2022-05", "value": 5.633394043384628e-05, "incidence": 340.50967741935494, "pValue": 0.09815072028033595, "interpretation": "25.2% decrease, not statistically significant (p = 0.098), medium effect size (d=-0.72)"}, {"cityName": "Wiesbaden", "timestamp": "2022-05", "value": 4.874913914439579e-05, "incidence": 454.9419354838709, "pValue": 0.026239550911247234, "interpretation": "29.1% decrease, significant (p = 0.026), large effect size (d=-0.92)"}, {"cityName": "Hanau", "timestamp": "2022-05", "value": 5.319124410072198e-05, "incidence": 497.0354838709676, "pValue": 0.8085681204359487, "interpretation": "4.2% decrease, not statistically significant (p = 0.809), negligible effect size (d=-0.11)"}, {"cityName": "Kassel", "timestamp": "2022-05", "value": 3.2124329461819594e-05, "incidence": 613.5451612903229, "pValue": 0.08412565846482262, "interpretation": "20.4% decrease, not statistically significant (p = 0.084), large effect size (d=-1.01)"}, {"cityName": "Koblenz", "timestamp": "2022-05", "value": 4.6681014484622414e-05, "incidence": 399.8354838709677, "pValue": 0.12429625214075374, "interpretation": "22.1% decrease, not statistically significant (p = 0.124), medium effect size (d=-0.65)"}, {"cityName": "Trier", "timestamp": "2022-05", "value": 3.2069702865555885e-05, "incidence": 330.8161290322581, "pValue": 0.0015124034586718761, "interpretation": "36.3% decrease, very significant (p < 0.01), large effect size (d=-1.73)"}, {"cityName": "Kaiserslautern", "timestamp": "2022-05", "value": 3.361877707692866e-05, "incidence": 500.9806451612904, "pValue": 0.005861471209050205, "interpretation": "36.6% decrease, very significant (p < 0.01), large effect size (d=-1.50)"}, {"cityName": "Ludwigshafen am Rhein", "timestamp": "2022-05", "value": 7.458632171619684e-05, "incidence": 276.3290322580645, "pValue": 0.19528612420326244, "interpretation": "30.2% decrease, not statistically significant (p = 0.195), medium effect size (d=-0.64)"}, {"cityName": "Mainz", "timestamp": "2022-05", "value": 5.0338920118520036e-05, "incidence": 416.3193548387096, "pValue": 0.020051376294452083, "interpretation": "27.4% decrease, significant (p = 0.020), large effect size (d=-0.96)"}, {"cityName": "Stuttgart", "timestamp": "2022-05", "value": 3.8301003062062795e-05, "incidence": 660.9870967741934, "pValue": 0.03509714257800588, "interpretation": "26.6% decrease, significant (p = 0.035), large effect size (d=-1.07)"}, {"cityName": "Heilbronn", "timestamp": "2022-05", "value": 3.633580248182019e-05, "incidence": 290.80645161290323, "pValue": 0.0003145204741827161, "interpretation": "30.0% decrease, highly significant (p < 0.001), large effect size (d=-1.67)"}, {"cityName": "Karlsruhe", "timestamp": "2022-05", "value": 4.595334175974131e-05, "incidence": 417.9516129032258, "pValue": 0.3040885354077667, "interpretation": "14.3% decrease, not statistically significant (p = 0.304), small effect size (d=-0.39)"}, {"cityName": "Heidelberg", "timestamp": "2022-05", "value": 4.5595586446947176e-05, "incidence": 412.69032258064516, "pValue": 0.9788997992664195, "interpretation": "0.5% decrease, not statistically significant (p = 0.979), negligible effect size (d=-0.01)"}, {"cityName": "Mannheim", "timestamp": "2022-05", "value": 6.761627737432719e-05, "incidence": 413.1967741935483, "pValue": 0.2590194840374186, "interpretation": "24.6% decrease, not statistically significant (p = 0.259), medium effect size (d=-0.58)"}, {"cityName": "Pforzheim", "timestamp": "2022-05", "value": 3.394985105842352e-05, "incidence": 320.867741935484, "pValue": 1.3518697212032648e-05, "interpretation": "38.7% decrease, highly significant (p < 0.001), large effect size (d=-3.37)"}, {"cityName": "Freiburg im Breisgau", "timestamp": "2022-05", "value": 3.163586586230883e-05, "incidence": 492.51612903225805, "pValue": 0.03744906872253115, "interpretation": "25.6% decrease, significant (p = 0.037), large effect size (d=-0.93)"}, {"cityName": "Reutlingen", "timestamp": "2022-05", "value": 2.8398691938491538e-05, "incidence": 357.2161290322581, "pValue": 0.10748901870284161, "interpretation": "18.3% decrease, not statistically significant (p = 0.107), large effect size (d=-0.87)"}, {"cityName": "Ulm", "timestamp": "2022-05", "value": 3.1221498686232064e-05, "incidence": 350.32903225806456, "pValue": 0.0009075368581104644, "interpretation": "44.2% decrease, highly significant (p < 0.001), large effect size (d=-2.96)"}, {"cityName": "Ingolstadt", "timestamp": "2022-05", "value": 3.682234091684222e-05, "incidence": 341.94838709677424, "pValue": 0.42737209041009694, "interpretation": "7.3% decrease, not statistically significant (p = 0.427), small effect size (d=-0.41)"}, {"cityName": "M\u00fcnchen", "timestamp": "2022-05", "value": 3.8005093721529614e-05, "incidence": 448.6645161290322, "pValue": 8.32054292060426e-05, "interpretation": "43.6% decrease, highly significant (p < 0.001), large effect size (d=-2.53)"}, {"cityName": "Regensburg", "timestamp": "2022-05", "value": 3.5498275732000666e-05, "incidence": 389.29677419354834, "pValue": 0.025799008380719867, "interpretation": "68.1% increase, significant (p = 0.026), large effect size (d=1.70)"}, {"cityName": "Erlangen", "timestamp": "2022-05", "value": 3.22554717838232e-05, "incidence": 416.30322580645156, "pValue": 0.24671004455267614, "interpretation": "15.4% decrease, not statistically significant (p = 0.247), medium effect size (d=-0.66)"}, {"cityName": "F\u00fcrth", "timestamp": "2022-05", "value": 3.3584999619051815e-05, "incidence": 479.08709677419347, "pValue": 0.035498777137238556, "interpretation": "25.4% decrease, significant (p = 0.035), large effect size (d=-1.32)"}, {"cityName": "N\u00fcrnberg", "timestamp": "2022-05", "value": 3.546017405548782e-05, "incidence": 408.38709677419354, "pValue": 0.10184342596538283, "interpretation": "22.5% decrease, not statistically significant (p = 0.102), large effect size (d=-0.88)"}, {"cityName": "W\u00fcrzburg", "timestamp": "2022-05", "value": 3.695170016726479e-05, "incidence": 538.3709677419355, "pValue": 0.6026695280889132, "interpretation": "7.1% increase, not statistically significant (p = 0.603), small effect size (d=0.30)"}, {"cityName": "Augsburg", "timestamp": "2022-05", "value": 3.4568455213537585e-05, "incidence": 486.6354838709678, "pValue": 0.03274521367350871, "interpretation": "33.9% decrease, significant (p = 0.033), large effect size (d=-1.16)"}, {"cityName": "Saarbr\u00fccken", "timestamp": "2022-05", "value": 3.102332508812348e-05, "incidence": 355.20645161290327, "pValue": 0.0006234284113785667, "interpretation": "40.2% decrease, highly significant (p < 0.001), large effect size (d=-1.89)"}, {"cityName": "Berlin", "timestamp": "2022-05", "value": 3.879634016079874e-05, "incidence": 0.0, "pValue": 0.15960776499856755, "interpretation": "17.1% decrease, not statistically significant (p = 0.160), medium effect size (d=-0.79)"}, {"cityName": "Cottbus", "timestamp": "2022-05", "value": 4.1471171873406725e-05, "incidence": 356.18064516129033, "pValue": 0.6559953362337071, "interpretation": "16.6% decrease, not statistically significant (p = 0.656), small effect size (d=-0.27)"}, {"cityName": "Potsdam", "timestamp": "2022-05", "value": 3.264281515251188e-05, "incidence": 358.5580645161289, "pValue": 0.8359920153473346, "interpretation": "6.0% decrease, not statistically significant (p = 0.836), negligible effect size (d=-0.13)"}, {"cityName": "Rostock", "timestamp": "2022-05", "value": 3.0393638140098616e-05, "incidence": 337.3322580645162, "pValue": 0.35945485993440196, "interpretation": "12.9% increase, not statistically significant (p = 0.359), small effect size (d=0.39)"}, {"cityName": "Chemnitz", "timestamp": "2022-05", "value": 3.66706418146084e-05, "incidence": 264.3741935483871, "pValue": 0.4266575045312112, "interpretation": "11.3% increase, not statistically significant (p = 0.427), small effect size (d=0.48)"}, {"cityName": "Dresden", "timestamp": "2022-05", "value": 3.8738828152418137e-05, "incidence": 329.70000000000005, "pValue": 0.5900644032172206, "interpretation": "8.9% increase, not statistically significant (p = 0.590), small effect size (d=0.29)"}, {"cityName": "Leipzig", "timestamp": "2022-05", "value": 3.68825904111944e-05, "incidence": 377.5322580645162, "pValue": 0.9411776956777369, "interpretation": "0.7% decrease, not statistically significant (p = 0.941), negligible effect size (d=-0.03)"}, {"cityName": "Halle (Saale)", "timestamp": "2022-05", "value": 3.763441297148044e-05, "incidence": 364.2709677419354, "pValue": 0.6465729681016463, "interpretation": "6.3% decrease, not statistically significant (p = 0.647), small effect size (d=-0.23)"}, {"cityName": "Magdeburg", "timestamp": "2022-05", "value": 3.4413634382776525e-05, "incidence": 325.9612903225807, "pValue": 0.25026143472234835, "interpretation": "10.4% decrease, not statistically significant (p = 0.250), medium effect size (d=-0.57)"}, {"cityName": "Erfurt", "timestamp": "2022-05", "value": 3.415958936068606e-05, "incidence": 171.0612903225807, "pValue": 0.6306288413974556, "interpretation": "9.4% increase, not statistically significant (p = 0.631), small effect size (d=0.24)"}, {"cityName": "Jena", "timestamp": "2022-05", "value": 3.365729935467243e-05, "incidence": 317.2709677419354, "pValue": 0.7800098679828688, "interpretation": "5.2% increase, not statistically significant (p = 0.780), negligible effect size (d=0.14)"}]