[{"cityName": "Kiel", "timestamp": "2025-04", "value": 4.3871507625139894e-05, "incidence": 1.173333333333333, "pValue": 0.6495287345965528, "interpretation": "6.3% increase, not statistically significant (p = 0.650), negligible effect size (d=0.16)"}, {"cityName": "L\u00fcbeck", "timestamp": "2025-04", "value": 4.265847059691118e-05, "incidence": 0.5366666666666667, "pValue": 0.41966302451167103, "interpretation": "13.4% decrease, not statistically significant (p = 0.420), small effect size (d=-0.27)"}, {"cityName": "Hamburg", "timestamp": "2025-04", "value": 6.381916917032665e-05, "incidence": 1.2600000000000002, "pValue": 0.6164277287674326, "interpretation": "6.8% decrease, not statistically significant (p = 0.616), negligible effect size (d=-0.16)"}, {"cityName": "Braunschweig", "timestamp": "2025-04", "value": 4.863068598377354e-05, "incidence": 0.28, "pValue": 0.1174727854752798, "interpretation": "18.2% decrease, not statistically significant (p = 0.117), medium effect size (d=-0.54)"}, {"cityName": "Salzgitter", "timestamp": "2025-04", "value": 5.474267527461052e-05, "incidence": 0.0, "pValue": 0.10270729995462881, "interpretation": "16.4% decrease, not statistically significant (p = 0.103), medium effect size (d=-0.56)"}, {"cityName": "Wolfsburg", "timestamp": "2025-04", "value": 4.080349371131313e-05, "incidence": 0.18666666666666668, "pValue": 0.03501562639946289, "interpretation": "18.4% decrease, significant (p = 0.035), medium effect size (d=-0.75)"}, {"cityName": "G\u00f6ttingen", "timestamp": "2025-04", "value": 4.442892636039427e-05, "incidence": 0.6600000000000001, "pValue": 0.3150130740248972, "interpretation": "11.9% decrease, not statistically significant (p = 0.315), small effect size (d=-0.38)"}, {"cityName": "Hannover", "timestamp": "2025-04", "value": 5.825308739746872e-05, "incidence": 0.4966666666666667, "pValue": 0.28165401523466815, "interpretation": "10.5% decrease, not statistically significant (p = 0.282), small effect size (d=-0.37)"}, {"cityName": "Hildesheim", "timestamp": "2025-04", "value": 5.442634745336631e-05, "incidence": 0.2966666666666667, "pValue": 0.2083177809437471, "interpretation": "12.0% decrease, not statistically significant (p = 0.208), small effect size (d=-0.45)"}, {"cityName": "Oldenburg (Oldb)", "timestamp": "2025-04", "value": 5.218148580752313e-05, "incidence": 0.6066666666666668, "pValue": 0.18738307297888843, "interpretation": "12.7% decrease, not statistically significant (p = 0.187), small effect size (d=-0.48)"}, {"cityName": "Osnabr\u00fcck", "timestamp": "2025-04", "value": 5.8874255046248436e-05, "incidence": 0.05999999999999999, "pValue": 0.27013177828946366, "interpretation": "13.0% decrease, not statistically significant (p = 0.270), small effect size (d=-0.38)"}, {"cityName": "Bremen", "timestamp": "2025-04", "value": 5.399654848409481e-05, "incidence": 0.5066666666666666, "pValue": 0.042073539941909065, "interpretation": "21.9% decrease, significant (p = 0.042), medium effect size (d=-0.68)"}, {"cityName": "Bremerhaven", "timestamp": "2025-04", "value": 5.598429457417556e-05, "incidence": 0.0, "pValue": 0.5976553690857654, "interpretation": "8.6% decrease, not statistically significant (p = 0.598), negligible effect size (d=-0.20)"}, {"cityName": "D\u00fcsseldorf", "timestamp": "2025-04", "value": 0.00011088384497092991, "incidence": 1.4666666666666666, "pValue": 0.2906886622549524, "interpretation": "15.0% decrease, not statistically significant (p = 0.291), small effect size (d=-0.35)"}, {"cityName": "Duisburg", "timestamp": "2025-04", "value": 0.0001415154204154626, "incidence": 1.186666666666667, "pValue": 0.9639368927262548, "interpretation": "0.6% decrease, not statistically significant (p = 0.964), negligible effect size (d=-0.02)"}, {"cityName": "Essen", "timestamp": "2025-04", "value": 0.00010331841902090953, "incidence": 1.0133333333333332, "pValue": 0.5607746124026132, "interpretation": "8.0% decrease, not statistically significant (p = 0.561), negligible effect size (d=-0.20)"}, {"cityName": "Krefeld", "timestamp": "2025-04", "value": 0.0001437011300227963, "incidence": 1.4566666666666663, "pValue": 0.3232112869732754, "interpretation": "19.9% decrease, not statistically significant (p = 0.323), small effect size (d=-0.34)"}, {"cityName": "M\u00f6nchengladbach", "timestamp": "2025-04", "value": 0.00010852591969586652, "incidence": 0.013333333333333334, "pValue": 0.09099734954456562, "interpretation": "24.9% decrease, not statistically significant (p = 0.091), medium effect size (d=-0.57)"}, {"cityName": "M\u00fclheim an der Ruhr", "timestamp": "2025-04", "value": 0.00011172948870807886, "incidence": 0.8800000000000003, "pValue": 0.6320573376676609, "interpretation": "6.6% decrease, not statistically significant (p = 0.632), negligible effect size (d=-0.16)"}, {"cityName": "Oberhausen", "timestamp": "2025-04", "value": 0.00012060720473527908, "incidence": 0.21666666666666667, "pValue": 0.6795278714996775, "interpretation": "5.6% decrease, not statistically significant (p = 0.680), negligible effect size (d=-0.15)"}, {"cityName": "Remscheid", "timestamp": "2025-04", "value": 6.45186984911561e-05, "incidence": 1.93, "pValue": 0.047787363192064274, "interpretation": "23.7% decrease, significant (p = 0.048), medium effect size (d=-0.73)"}, {"cityName": "Solingen", "timestamp": "2025-04", "value": 7.51855259295553e-05, "incidence": 0.74, "pValue": 0.04098945124908654, "interpretation": "26.3% decrease, significant (p = 0.041), medium effect size (d=-0.75)"}, {"cityName": "Wuppertal", "timestamp": "2025-04", "value": 7.819674081272549e-05, "incidence": 0.6633333333333336, "pValue": 0.24335773612573247, "interpretation": "14.9% decrease, not statistically significant (p = 0.243), small effect size (d=-0.42)"}, {"cityName": "Neuss", "timestamp": "2025-04", "value": 0.00011198348511243239, "incidence": 0.6666666666666665, "pValue": 0.1429501523843786, "interpretation": "21.8% decrease, not statistically significant (p = 0.143), medium effect size (d=-0.51)"}, {"cityName": "Moers", "timestamp": "2025-04", "value": 0.0001496306254661509, "incidence": 0.5866666666666666, "pValue": 0.24280744623566908, "interpretation": "24.3% decrease, not statistically significant (p = 0.243), small effect size (d=-0.42)"}, {"cityName": "Bonn", "timestamp": "2025-04", "value": 7.990941362963481e-05, "incidence": 1.78, "pValue": 0.89634049240113, "interpretation": "2.6% increase, not statistically significant (p = 0.896), negligible effect size (d=0.05)"}, {"cityName": "K\u00f6ln", "timestamp": "2025-04", "value": 9.357435111370351e-05, "incidence": 0.6833333333333335, "pValue": 0.15813591490174977, "interpretation": "23.8% decrease, not statistically significant (p = 0.158), small effect size (d=-0.50)"}, {"cityName": "Leverkusen", "timestamp": "2025-04", "value": 7.731494163939108e-05, "incidence": 0.9599999999999999, "pValue": 0.055463131351466625, "interpretation": "25.8% decrease, not statistically significant (p = 0.055), medium effect size (d=-0.72)"}, {"cityName": "Aachen", "timestamp": "2025-04", "value": 6.777735362792837e-05, "incidence": 0.6399999999999999, "pValue": 0.0989555814627677, "interpretation": "35.1% decrease, not statistically significant (p = 0.099), medium effect size (d=-0.58)"}, {"cityName": "Bergisch Gladbach", "timestamp": "2025-04", "value": 6.946547156465905e-05, "incidence": 0.5933333333333333, "pValue": 0.27740239520384674, "interpretation": "18.2% decrease, not statistically significant (p = 0.277), small effect size (d=-0.42)"}, {"cityName": "Bottrop", "timestamp": "2025-04", "value": 0.00010221709689015851, "incidence": 1.2766666666666662, "pValue": 0.3070066932390521, "interpretation": "13.6% decrease, not statistically significant (p = 0.307), small effect size (d=-0.36)"}, {"cityName": "Gelsenkirchen", "timestamp": "2025-04", "value": 0.00010139261618913973, "incidence": 1.0966666666666667, "pValue": 0.8368870489489332, "interpretation": "2.6% decrease, not statistically significant (p = 0.837), negligible effect size (d=-0.07)"}, {"cityName": "M\u00fcnster", "timestamp": "2025-04", "value": 5.671554326749685e-05, "incidence": 1.1133333333333335, "pValue": 0.9763433194080979, "interpretation": "0.4% decrease, not statistically significant (p = 0.976), negligible effect size (d=-0.01)"}, {"cityName": "Recklinghausen", "timestamp": "2025-04", "value": 8.164464424435909e-05, "incidence": 0.9100000000000003, "pValue": 0.7070735244661174, "interpretation": "5.1% decrease, not statistically significant (p = 0.707), negligible effect size (d=-0.13)"}, {"cityName": "Bielefeld", "timestamp": "2025-04", "value": 5.369389934154848e-05, "incidence": 0.72, "pValue": 0.14832615534811436, "interpretation": "16.1% decrease, not statistically significant (p = 0.148), medium effect size (d=-0.51)"}, {"cityName": "G\u00fctersloh", "timestamp": "2025-04", "value": 5.483026616275311e-05, "incidence": 0.7733333333333334, "pValue": 0.1032748009201774, "interpretation": "17.6% decrease, not statistically significant (p = 0.103), medium effect size (d=-0.57)"}, {"cityName": "Paderborn", "timestamp": "2025-04", "value": 4.780429205106151e-05, "incidence": 0.2933333333333333, "pValue": 0.19845429316457128, "interpretation": "15.2% decrease, not statistically significant (p = 0.198), small effect size (d=-0.44)"}, {"cityName": "Bochum", "timestamp": "2025-04", "value": 9.693494454647104e-05, "incidence": 1.1700000000000002, "pValue": 0.9282742256395304, "interpretation": "1.4% increase, not statistically significant (p = 0.928), negligible effect size (d=0.03)"}, {"cityName": "Dortmund", "timestamp": "2025-04", "value": 7.914825726081344e-05, "incidence": 0.6233333333333335, "pValue": 0.9293633280317672, "interpretation": "1.4% increase, not statistically significant (p = 0.929), negligible effect size (d=0.03)"}, {"cityName": "Hagen", "timestamp": "2025-04", "value": 6.742210223756987e-05, "incidence": 0.15333333333333332, "pValue": 0.5315807546782054, "interpretation": "7.9% decrease, not statistically significant (p = 0.532), small effect size (d=-0.23)"}, {"cityName": "Hamm", "timestamp": "2025-04", "value": 5.637054952482382e-05, "incidence": 0.2399999999999999, "pValue": 0.1418874310820251, "interpretation": "16.1% decrease, not statistically significant (p = 0.142), medium effect size (d=-0.50)"}, {"cityName": "Herne", "timestamp": "2025-04", "value": 9.733890765346586e-05, "incidence": 1.4199999999999995, "pValue": 0.710847992364325, "interpretation": "5.5% decrease, not statistically significant (p = 0.711), negligible effect size (d=-0.13)"}, {"cityName": "Siegen", "timestamp": "2025-04", "value": 4.470820131246001e-05, "incidence": 1.5466666666666664, "pValue": 0.106360720493851, "interpretation": "21.4% decrease, not statistically significant (p = 0.106), medium effect size (d=-0.63)"}, {"cityName": "Darmstadt", "timestamp": "2025-04", "value": 6.250751903280616e-05, "incidence": 0.7433333333333333, "pValue": 0.10679310939413354, "interpretation": "17.4% decrease, not statistically significant (p = 0.107), medium effect size (d=-0.64)"}, {"cityName": "Frankfurt am Main", "timestamp": "2025-04", "value": 7.986154047433625e-05, "incidence": 1.05, "pValue": 0.06639720177817361, "interpretation": "21.5% decrease, not statistically significant (p = 0.066), medium effect size (d=-0.65)"}, {"cityName": "Offenbach am Main", "timestamp": "2025-04", "value": 6.500961767001586e-05, "incidence": 0.9833333333333333, "pValue": 0.158783511489055, "interpretation": "16.6% decrease, not statistically significant (p = 0.159), medium effect size (d=-0.54)"}, {"cityName": "Wiesbaden", "timestamp": "2025-04", "value": 7.726517893994848e-05, "incidence": 0.8499999999999999, "pValue": 0.19508991074235635, "interpretation": "11.6% decrease, not statistically significant (p = 0.195), small effect size (d=-0.49)"}, {"cityName": "Hanau", "timestamp": "2025-04", "value": 5.8149068186489436e-05, "incidence": 1.0033333333333332, "pValue": 0.41565046595685495, "interpretation": "10.3% decrease, not statistically significant (p = 0.416), small effect size (d=-0.31)"}, {"cityName": "Kassel", "timestamp": "2025-04", "value": 4.5321351434621545e-05, "incidence": 0.4666666666666667, "pValue": 0.04811355722048809, "interpretation": "20.2% decrease, significant (p = 0.048), medium effect size (d=-0.73)"}, {"cityName": "Koblenz", "timestamp": "2025-04", "value": 6.378209218382835e-05, "incidence": 1.0533333333333332, "pValue": 0.7313711373990348, "interpretation": "4.0% increase, not statistically significant (p = 0.731), negligible effect size (d=0.13)"}, {"cityName": "Trier", "timestamp": "2025-04", "value": 5.0445448141545055e-05, "incidence": 1.5299999999999996, "pValue": 0.2924791865683584, "interpretation": "7.0% decrease, not statistically significant (p = 0.292), small effect size (d=-0.40)"}, {"cityName": "Kaiserslautern", "timestamp": "2025-04", "value": 4.933252393339689e-05, "incidence": 1.4666666666666666, "pValue": 0.003777349110670899, "interpretation": "27.6% decrease, very significant (p < 0.01), large effect size (d=-1.38)"}, {"cityName": "Ludwigshafen am Rhein", "timestamp": "2025-04", "value": 8.987665448027353e-05, "incidence": 0.05666666666666667, "pValue": 0.06559761583259618, "interpretation": "21.6% decrease, not statistically significant (p = 0.066), large effect size (d=-0.83)"}, {"cityName": "Mainz", "timestamp": "2025-04", "value": 8.342391811311245e-05, "incidence": 1.1033333333333333, "pValue": 0.27253064232550317, "interpretation": "13.6% decrease, not statistically significant (p = 0.273), small effect size (d=-0.42)"}, {"cityName": "Stuttgart", "timestamp": "2025-04", "value": 5.926936864852905e-05, "incidence": 0.3499999999999999, "pValue": 0.02647803092985109, "interpretation": "19.0% decrease, significant (p = 0.026), large effect size (d=-0.93)"}, {"cityName": "Heilbronn", "timestamp": "2025-04", "value": 4.946774828972088e-05, "incidence": 1.2866666666666668, "pValue": 0.00023434229716652114, "interpretation": "40.4% decrease, highly significant (p < 0.001), large effect size (d=-1.75)"}, {"cityName": "Karlsruhe", "timestamp": "2025-04", "value": 6.347371575733026e-05, "incidence": 0.3133333333333333, "pValue": 0.007873036666134708, "interpretation": "24.1% decrease, very significant (p < 0.01), large effect size (d=-1.15)"}, {"cityName": "Heidelberg", "timestamp": "2025-04", "value": 5.6518548119225e-05, "incidence": 0.29999999999999993, "pValue": 0.9911218481225341, "interpretation": "0.2% decrease, not statistically significant (p = 0.991), negligible effect size (d=-0.00)"}, {"cityName": "Mannheim", "timestamp": "2025-04", "value": 7.155373226851225e-05, "incidence": 0.3166666666666666, "pValue": 0.11173447227124338, "interpretation": "19.9% decrease, not statistically significant (p = 0.112), medium effect size (d=-0.67)"}, {"cityName": "Pforzheim", "timestamp": "2025-04", "value": 5.358655471354723e-05, "incidence": 0.4800000000000001, "pValue": 0.02887434981683133, "interpretation": "20.5% decrease, significant (p = 0.029), large effect size (d=-1.06)"}, {"cityName": "Freiburg im Breisgau", "timestamp": "2025-04", "value": 5.398422945290804e-05, "incidence": 0.6933333333333332, "pValue": 0.000561865300644661, "interpretation": "41.5% decrease, highly significant (p < 0.001), large effect size (d=-1.61)"}, {"cityName": "Reutlingen", "timestamp": "2025-04", "value": 5.342959047993645e-05, "incidence": 0.3233333333333333, "pValue": 0.6207725848044809, "interpretation": "6.7% decrease, not statistically significant (p = 0.621), negligible effect size (d=-0.19)"}, {"cityName": "Ulm", "timestamp": "2025-04", "value": 5.441294419334123e-05, "incidence": 0.6133333333333334, "pValue": 0.022908923658464534, "interpretation": "26.8% decrease, significant (p = 0.023), large effect size (d=-1.09)"}, {"cityName": "Ingolstadt", "timestamp": "2025-04", "value": 4.733764217235148e-05, "incidence": 0.23333333333333334, "pValue": 0.03050758301769241, "interpretation": "20.7% decrease, significant (p = 0.031), medium effect size (d=-0.75)"}, {"cityName": "M\u00fcnchen", "timestamp": "2025-04", "value": 5.506976203133281e-05, "incidence": 0.8766666666666666, "pValue": 0.043498330772952426, "interpretation": "33.4% decrease, significant (p = 0.043), medium effect size (d=-0.77)"}, {"cityName": "Regensburg", "timestamp": "2025-04", "value": 4.4633688715596995e-05, "incidence": 2.0733333333333333, "pValue": 0.17051099922887333, "interpretation": "16.6% decrease, not statistically significant (p = 0.171), medium effect size (d=-0.60)"}, {"cityName": "Erlangen", "timestamp": "2025-04", "value": 4.453005385585129e-05, "incidence": 1.2666666666666668, "pValue": 0.23616085265014358, "interpretation": "11.5% decrease, not statistically significant (p = 0.236), small effect size (d=-0.46)"}, {"cityName": "F\u00fcrth", "timestamp": "2025-04", "value": 5.003479309380054e-05, "incidence": 1.8533333333333333, "pValue": 0.4529756742715958, "interpretation": "6.8% decrease, not statistically significant (p = 0.453), small effect size (d=-0.31)"}, {"cityName": "N\u00fcrnberg", "timestamp": "2025-04", "value": 5.045109146246404e-05, "incidence": 1.5066666666666664, "pValue": 0.45867509560038955, "interpretation": "8.4% decrease, not statistically significant (p = 0.459), small effect size (d=-0.29)"}, {"cityName": "W\u00fcrzburg", "timestamp": "2025-04", "value": 4.631544652511366e-05, "incidence": 0.18666666666666668, "pValue": 0.16634268588407625, "interpretation": "21.6% decrease, not statistically significant (p = 0.166), medium effect size (d=-0.50)"}, {"cityName": "Augsburg", "timestamp": "2025-04", "value": 5.045883321704773e-05, "incidence": 1.05, "pValue": 0.001395871411757201, "interpretation": "28.9% decrease, very significant (p < 0.01), large effect size (d=-1.43)"}, {"cityName": "Saarbr\u00fccken", "timestamp": "2025-04", "value": 4.96199664970239e-05, "incidence": 0.59, "pValue": 0.0513951100184154, "interpretation": "17.5% decrease, not statistically significant (p = 0.051), medium effect size (d=-0.79)"}, {"cityName": "Berlin", "timestamp": "2025-04", "value": 4.50906184751813e-05, "incidence": 0.0, "pValue": 0.00041892285151105834, "interpretation": "34.5% decrease, highly significant (p < 0.001), large effect size (d=-1.44)"}, {"cityName": "Cottbus", "timestamp": "2025-04", "value": 4.292354256344529e-05, "incidence": 0.5666666666666667, "pValue": 0.006238416749349256, "interpretation": "41.0% decrease, very significant (p < 0.01), large effect size (d=-1.18)"}, {"cityName": "Potsdam", "timestamp": "2025-04", "value": 4.092945635099621e-05, "incidence": 1.3800000000000001, "pValue": 0.022722239400404156, "interpretation": "31.5% decrease, significant (p = 0.023), large effect size (d=-0.84)"}, {"cityName": "Rostock", "timestamp": "2025-04", "value": 3.8342797338511005e-05, "incidence": 1.0999999999999999, "pValue": 0.5970226348538467, "interpretation": "5.2% increase, not statistically significant (p = 0.597), negligible effect size (d=0.17)"}, {"cityName": "Chemnitz", "timestamp": "2025-04", "value": 4.0146845915332076e-05, "incidence": 0.7333333333333332, "pValue": 0.001087215025372055, "interpretation": "40.2% decrease, very significant (p < 0.01), large effect size (d=-1.46)"}, {"cityName": "Dresden", "timestamp": "2025-04", "value": 4.3898748911239886e-05, "incidence": 0.9366666666666664, "pValue": 0.016926065204940072, "interpretation": "32.2% decrease, significant (p = 0.017), large effect size (d=-0.99)"}, {"cityName": "Leipzig", "timestamp": "2025-04", "value": 4.2433530895733366e-05, "incidence": 1.2133333333333332, "pValue": 0.016263926267184856, "interpretation": "34.1% decrease, significant (p = 0.016), large effect size (d=-0.93)"}, {"cityName": "Halle (Saale)", "timestamp": "2025-04", "value": 4.91603083598117e-05, "incidence": 1.0433333333333334, "pValue": 0.10296668881712195, "interpretation": "22.0% decrease, not statistically significant (p = 0.103), medium effect size (d=-0.62)"}, {"cityName": "Magdeburg", "timestamp": "2025-04", "value": 4.094186557554885e-05, "incidence": 0.8200000000000001, "pValue": 0.001936723756956177, "interpretation": "24.9% decrease, very significant (p < 0.01), large effect size (d=-1.14)"}, {"cityName": "Erfurt", "timestamp": "2025-04", "value": 4.3509815363807884e-05, "incidence": 0.38333333333333336, "pValue": 0.05750555537968367, "interpretation": "18.9% decrease, not statistically significant (p = 0.058), medium effect size (d=-0.69)"}, {"cityName": "Jena", "timestamp": "2025-04", "value": 4.328899214872056e-05, "incidence": 1.9500000000000002, "pValue": 0.039668052759830194, "interpretation": "27.7% decrease, significant (p = 0.040), medium effect size (d=-0.76)"}]