[{"cityName": "Kiel", "timestamp": "2021-05", "value": 3.3612565381363745e-05, "incidence": 62.76774193548386, "pValue": 0.5880766186188999, "interpretation": "6.3% decrease, not statistically significant (p = 0.588), small effect size (d=-0.34)"}, {"cityName": "L\u00fcbeck", "timestamp": "2021-05", "value": 3.320939787146118e-05, "incidence": 42.222580645161294, "pValue": 0.1600569923896968, "interpretation": "17.2% decrease, not statistically significant (p = 0.160), medium effect size (d=-0.75)"}, {"cityName": "Hamburg", "timestamp": "2021-05", "value": 4.959718703671738e-05, "incidence": 60.47096774193548, "pValue": 0.5371511130615774, "interpretation": "7.8% decrease, not statistically significant (p = 0.537), small effect size (d=-0.28)"}, {"cityName": "Braunschweig", "timestamp": "2021-05", "value": 2.8331452460192584e-05, "incidence": 70.57741935483871, "pValue": 0.02416410276445928, "interpretation": "49.4% decrease, significant (p = 0.024), large effect size (d=-1.92)"}, {"cityName": "Salzgitter", "timestamp": "2021-05", "value": 3.1920644687488675e-05, "incidence": 131.13225806451612, "pValue": 0.1329830284983009, "interpretation": "30.9% decrease, not statistically significant (p = 0.133), large effect size (d=-0.96)"}, {"cityName": "Wolfsburg", "timestamp": "2021-05", "value": 2.7524331878674657e-05, "incidence": 103.0548387096774, "pValue": 0.2019562860983577, "interpretation": "30.2% decrease, not statistically significant (p = 0.202), large effect size (d=-0.86)"}, {"cityName": "G\u00f6ttingen", "timestamp": "2021-05", "value": 3.309402382001281e-05, "incidence": 57.49354838709678, "pValue": 0.14822536732068387, "interpretation": "24.6% decrease, not statistically significant (p = 0.148), large effect size (d=-1.10)"}, {"cityName": "Hannover", "timestamp": "2021-05", "value": 4.7224389977361026e-05, "incidence": 76.67741935483872, "pValue": 0.9053598403815215, "interpretation": "2.7% increase, not statistically significant (p = 0.905), negligible effect size (d=0.07)"}, {"cityName": "Hildesheim", "timestamp": "2021-05", "value": 4.313978955478353e-05, "incidence": 52.86129032258064, "pValue": 0.7564563515352045, "interpretation": "6.4% increase, not statistically significant (p = 0.756), small effect size (d=0.21)"}, {"cityName": "Oldenburg (Oldb)", "timestamp": "2021-05", "value": 3.575222508516163e-05, "incidence": 53.187096774193556, "pValue": 0.28410388897590527, "interpretation": "22.4% decrease, not statistically significant (p = 0.284), medium effect size (d=-0.61)"}, {"cityName": "Osnabr\u00fcck", "timestamp": "2021-05", "value": 4.498617173257199e-05, "incidence": 88.02903225806455, "pValue": 0.6221049765405778, "interpretation": "8.5% decrease, not statistically significant (p = 0.622), small effect size (d=-0.32)"}, {"cityName": "Bremen", "timestamp": "2021-05", "value": 4.0472985138414334e-05, "incidence": 72.52903225806452, "pValue": 0.40522997685758266, "interpretation": "21.9% decrease, not statistically significant (p = 0.405), small effect size (d=-0.39)"}, {"cityName": "Bremerhaven", "timestamp": "2021-05", "value": 4.0696638669552545e-05, "incidence": 85.06774193548388, "pValue": 0.9346590150804985, "interpretation": "2.1% increase, not statistically significant (p = 0.935), negligible effect size (d=0.05)"}, {"cityName": "D\u00fcsseldorf", "timestamp": "2021-05", "value": 8.963683915392654e-05, "incidence": 87.82258064516131, "pValue": 0.3489355995549158, "interpretation": "17.7% decrease, not statistically significant (p = 0.349), small effect size (d=-0.47)"}, {"cityName": "Duisburg", "timestamp": "2021-05", "value": 9.350898938301283e-05, "incidence": 104.4516129032258, "pValue": 0.013030951402097405, "interpretation": "34.5% decrease, significant (p = 0.013), large effect size (d=-1.17)"}, {"cityName": "Essen", "timestamp": "2021-05", "value": 7.42340627580117e-05, "incidence": 83.2451612903226, "pValue": 0.07632114610366296, "interpretation": "39.9% decrease, not statistically significant (p = 0.076), large effect size (d=-0.96)"}, {"cityName": "Krefeld", "timestamp": "2021-05", "value": 8.873046877292487e-05, "incidence": 128.8774193548387, "pValue": 0.1548556301593648, "interpretation": "29.1% decrease, not statistically significant (p = 0.155), medium effect size (d=-0.70)"}, {"cityName": "M\u00f6nchengladbach", "timestamp": "2021-05", "value": 6.807409226894379e-05, "incidence": 91.26451612903226, "pValue": 0.1513437193596356, "interpretation": "39.2% decrease, not statistically significant (p = 0.151), large effect size (d=-0.82)"}, {"cityName": "M\u00fclheim an der Ruhr", "timestamp": "2021-05", "value": 9.117545171951254e-05, "incidence": 93.85161290322581, "pValue": 0.31853962823990056, "interpretation": "16.4% decrease, not statistically significant (p = 0.319), medium effect size (d=-0.56)"}, {"cityName": "Oberhausen", "timestamp": "2021-05", "value": 9.327954970873319e-05, "incidence": 87.44516129032259, "pValue": 0.12285943205284296, "interpretation": "26.2% decrease, not statistically significant (p = 0.123), large effect size (d=-0.83)"}, {"cityName": "Remscheid", "timestamp": "2021-05", "value": 6.795666801432769e-05, "incidence": 136.23870967741934, "pValue": 0.6731430362576726, "interpretation": "9.1% increase, not statistically significant (p = 0.673), small effect size (d=0.25)"}, {"cityName": "Solingen", "timestamp": "2021-05", "value": 7.129883306333795e-05, "incidence": 114.46129032258065, "pValue": 0.5073128907815351, "interpretation": "16.5% decrease, not statistically significant (p = 0.507), small effect size (d=-0.46)"}, {"cityName": "Wuppertal", "timestamp": "2021-05", "value": 7.122738666280552e-05, "incidence": 122.3225806451613, "pValue": 0.7306643680066285, "interpretation": "7.1% decrease, not statistically significant (p = 0.731), negligible effect size (d=-0.18)"}, {"cityName": "Neuss", "timestamp": "2021-05", "value": 8.550807979190722e-05, "incidence": 103.44516129032257, "pValue": 0.197398394888725, "interpretation": "31.2% decrease, not statistically significant (p = 0.197), large effect size (d=-0.81)"}, {"cityName": "Moers", "timestamp": "2021-05", "value": 9.45685398099678e-05, "incidence": 77.13225806451615, "pValue": 0.10641134720564437, "interpretation": "28.7% decrease, not statistically significant (p = 0.106), large effect size (d=-0.90)"}, {"cityName": "Bonn", "timestamp": "2021-05", "value": 4.945681642063639e-05, "incidence": 105.26129032258065, "pValue": 0.007867375197721436, "interpretation": "52.6% decrease, very significant (p < 0.01), large effect size (d=-1.47)"}, {"cityName": "K\u00f6ln", "timestamp": "2021-05", "value": 7.429468678310513e-05, "incidence": 115.58387096774193, "pValue": 0.013680591795592644, "interpretation": "36.8% decrease, significant (p = 0.014), large effect size (d=-1.26)"}, {"cityName": "Leverkusen", "timestamp": "2021-05", "value": 6.773921389443179e-05, "incidence": 156.34838709677422, "pValue": 0.03977373475777976, "interpretation": "38.9% decrease, significant (p = 0.040), large effect size (d=-1.33)"}, {"cityName": "Aachen", "timestamp": "2021-05", "value": 5.785990024692026e-05, "incidence": 107.80000000000001, "pValue": 0.045115785312276044, "interpretation": "47.5% decrease, significant (p = 0.045), large effect size (d=-0.94)"}, {"cityName": "Bergisch Gladbach", "timestamp": "2021-05", "value": 6.518768246418663e-05, "incidence": 83.63548387096773, "pValue": 0.31782666461266645, "interpretation": "20.1% decrease, not statistically significant (p = 0.318), medium effect size (d=-0.56)"}, {"cityName": "Bottrop", "timestamp": "2021-05", "value": 7.303299464504508e-05, "incidence": 90.27096774193551, "pValue": 0.11953642705178753, "interpretation": "32.5% decrease, not statistically significant (p = 0.120), large effect size (d=-0.86)"}, {"cityName": "Gelsenkirchen", "timestamp": "2021-05", "value": 7.0051516077536e-05, "incidence": 124.06774193548387, "pValue": 0.14051970871752534, "interpretation": "34.3% decrease, not statistically significant (p = 0.141), large effect size (d=-0.88)"}, {"cityName": "M\u00fcnster", "timestamp": "2021-05", "value": 5.2088520309904164e-05, "incidence": 39.68064516129033, "pValue": 0.6339927805422261, "interpretation": "8.3% decrease, not statistically significant (p = 0.634), small effect size (d=-0.21)"}, {"cityName": "Recklinghausen", "timestamp": "2021-05", "value": 6.08428784359533e-05, "incidence": 89.3258064516129, "pValue": 0.3295227590132215, "interpretation": "19.1% decrease, not statistically significant (p = 0.330), medium effect size (d=-0.59)"}, {"cityName": "Bielefeld", "timestamp": "2021-05", "value": 4.4945423724129796e-05, "incidence": 136.0935483870968, "pValue": 0.8455298766217173, "interpretation": "3.7% decrease, not statistically significant (p = 0.846), negligible effect size (d=-0.14)"}, {"cityName": "G\u00fctersloh", "timestamp": "2021-05", "value": 4.686655593104661e-05, "incidence": 127.45806451612904, "pValue": 0.9403375111850614, "interpretation": "1.5% increase, not statistically significant (p = 0.940), negligible effect size (d=0.04)"}, {"cityName": "Paderborn", "timestamp": "2021-05", "value": 4.623149476584888e-05, "incidence": 92.98387096774192, "pValue": 0.9665380347766996, "interpretation": "1.2% decrease, not statistically significant (p = 0.967), negligible effect size (d=-0.02)"}, {"cityName": "Bochum", "timestamp": "2021-05", "value": 6.711849224908899e-05, "incidence": 102.59032258064516, "pValue": 0.1956062321001219, "interpretation": "31.9% decrease, not statistically significant (p = 0.196), medium effect size (d=-0.71)"}, {"cityName": "Dortmund", "timestamp": "2021-05", "value": 6.039673919040783e-05, "incidence": 117.60322580645162, "pValue": 0.044754068652501824, "interpretation": "36.2% decrease, significant (p = 0.045), large effect size (d=-1.10)"}, {"cityName": "Hagen", "timestamp": "2021-05", "value": 5.1856928119628596e-05, "incidence": 184.6290322580645, "pValue": 0.019387263001073227, "interpretation": "38.5% decrease, significant (p = 0.019), large effect size (d=-1.46)"}, {"cityName": "Hamm", "timestamp": "2021-05", "value": 5.798371109579291e-05, "incidence": 152.2161290322581, "pValue": 0.17800395081081977, "interpretation": "33.3% decrease, not statistically significant (p = 0.178), large effect size (d=-0.82)"}, {"cityName": "Herne", "timestamp": "2021-05", "value": 6.274604238569737e-05, "incidence": 113.56774193548388, "pValue": 0.057532599717478906, "interpretation": "46.8% decrease, not statistically significant (p = 0.058), large effect size (d=-1.32)"}, {"cityName": "Siegen", "timestamp": "2021-05", "value": 4.0281133260577916e-05, "incidence": 79.33870967741936, "pValue": 0.2393242655448689, "interpretation": "30.6% decrease, not statistically significant (p = 0.239), medium effect size (d=-0.71)"}, {"cityName": "Darmstadt", "timestamp": "2021-05", "value": 3.921016204086217e-05, "incidence": 72.25161290322579, "pValue": 0.0044345791063604085, "interpretation": "44.8% decrease, very significant (p < 0.01), large effect size (d=-2.01)"}, {"cityName": "Frankfurt am Main", "timestamp": "2021-05", "value": 5.3297072141007945e-05, "incidence": 109.50967741935484, "pValue": 0.13990012830487505, "interpretation": "33.2% decrease, not statistically significant (p = 0.140), medium effect size (d=-0.72)"}, {"cityName": "Offenbach am Main", "timestamp": "2021-05", "value": 4.63682173920626e-05, "incidence": 153.01290322580647, "pValue": 0.1759326834253964, "interpretation": "32.9% decrease, not statistically significant (p = 0.176), large effect size (d=-0.95)"}, {"cityName": "Wiesbaden", "timestamp": "2021-05", "value": 4.200860146536595e-05, "incidence": 120.19677419354839, "pValue": 0.050146881035764895, "interpretation": "37.1% decrease, not statistically significant (p = 0.050), large effect size (d=-1.00)"}, {"cityName": "Hanau", "timestamp": "2021-05", "value": 5.691327924768512e-05, "incidence": 99.50645161290322, "pValue": 0.9724175061166679, "interpretation": "0.5% decrease, not statistically significant (p = 0.972), negligible effect size (d=-0.02)"}, {"cityName": "Kassel", "timestamp": "2021-05", "value": 3.4892811931462755e-05, "incidence": 135.31612903225806, "pValue": 0.38674681530060206, "interpretation": "13.3% decrease, not statistically significant (p = 0.387), medium effect size (d=-0.53)"}, {"cityName": "Koblenz", "timestamp": "2021-05", "value": 3.79491636219124e-05, "incidence": 67.71290322580643, "pValue": 0.03715976234025938, "interpretation": "37.3% decrease, significant (p = 0.037), large effect size (d=-1.22)"}, {"cityName": "Trier", "timestamp": "2021-05", "value": 4.159387026447803e-05, "incidence": 48.906451612903226, "pValue": 0.2308963162732345, "interpretation": "15.9% decrease, not statistically significant (p = 0.231), medium effect size (d=-0.63)"}, {"cityName": "Kaiserslautern", "timestamp": "2021-05", "value": 3.4313469838637575e-05, "incidence": 110.19354838709678, "pValue": 0.01260382807441925, "interpretation": "47.4% decrease, significant (p = 0.013), large effect size (d=-1.44)"}, {"cityName": "Ludwigshafen am Rhein", "timestamp": "2021-05", "value": 5.6256239380066596e-05, "incidence": 135.74193548387098, "pValue": 0.08863032718913816, "interpretation": "52.1% decrease, not statistically significant (p = 0.089), large effect size (d=-1.04)"}, {"cityName": "Mainz", "timestamp": "2021-05", "value": 5.0446575187379494e-05, "incidence": 106.10645161290321, "pValue": 0.13197803058133065, "interpretation": "28.5% decrease, not statistically significant (p = 0.132), medium effect size (d=-0.79)"}, {"cityName": "Stuttgart", "timestamp": "2021-05", "value": 2.7997344861634905e-05, "incidence": 138.14516129032256, "pValue": 0.00554299146612714, "interpretation": "52.2% decrease, very significant (p < 0.01), large effect size (d=-1.72)"}, {"cityName": "Heilbronn", "timestamp": "2021-05", "value": 2.9261780178381337e-05, "incidence": 172.8193548387097, "pValue": 0.0087008559117413, "interpretation": "43.2% decrease, very significant (p < 0.01), large effect size (d=-1.38)"}, {"cityName": "Karlsruhe", "timestamp": "2021-05", "value": 4.412639342869321e-05, "incidence": 84.63225806451614, "pValue": 0.2171050482695501, "interpretation": "24.2% decrease, not statistically significant (p = 0.217), medium effect size (d=-0.63)"}, {"cityName": "Heidelberg", "timestamp": "2021-05", "value": 2.9947253336247643e-05, "incidence": 45.42258064516128, "pValue": 0.15360279247430533, "interpretation": "34.2% decrease, not statistically significant (p = 0.154), large effect size (d=-0.89)"}, {"cityName": "Mannheim", "timestamp": "2021-05", "value": 5.245257169008255e-05, "incidence": 108.7741935483871, "pValue": 0.03928662640627142, "interpretation": "48.5% decrease, significant (p = 0.039), large effect size (d=-1.30)"}, {"cityName": "Pforzheim", "timestamp": "2021-05", "value": 2.6691507729184297e-05, "incidence": 176.44838709677418, "pValue": 0.0032936952184077534, "interpretation": "58.0% decrease, very significant (p < 0.01), large effect size (d=-2.40)"}, {"cityName": "Freiburg im Breisgau", "timestamp": "2021-05", "value": 3.16444568818918e-05, "incidence": 63.48064516129032, "pValue": 0.3124671580034446, "interpretation": "17.6% decrease, not statistically significant (p = 0.312), medium effect size (d=-0.51)"}, {"cityName": "Reutlingen", "timestamp": "2021-05", "value": 2.680206671357155e-05, "incidence": 106.62580645161292, "pValue": 0.3442514886931244, "interpretation": "20.0% decrease, not statistically significant (p = 0.344), medium effect size (d=-0.60)"}, {"cityName": "Ulm", "timestamp": "2021-05", "value": 3.078027848938578e-05, "incidence": 157.5774193548387, "pValue": 0.06149631040416849, "interpretation": "55.2% decrease, not statistically significant (p = 0.061), large effect size (d=-1.83)"}, {"cityName": "Ingolstadt", "timestamp": "2021-05", "value": 3.0243167808900278e-05, "incidence": 102.35806451612902, "pValue": 0.10136762076620785, "interpretation": "25.1% decrease, not statistically significant (p = 0.101), large effect size (d=-0.93)"}, {"cityName": "M\u00fcnchen", "timestamp": "2021-05", "value": 3.38648589184651e-05, "incidence": 76.6225806451613, "pValue": 4.922495017279412e-06, "interpretation": "53.1% decrease, highly significant (p < 0.001), large effect size (d=-3.04)"}, {"cityName": "Regensburg", "timestamp": "2021-05", "value": 3.712141187861562e-05, "incidence": 84.22580645161291, "pValue": 0.022481956788041532, "interpretation": "77.4% increase, significant (p = 0.022), large effect size (d=2.06)"}, {"cityName": "Erlangen", "timestamp": "2021-05", "value": 3.288889378641865e-05, "incidence": 57.861290322580636, "pValue": 0.5575403336866309, "interpretation": "8.4% decrease, not statistically significant (p = 0.558), small effect size (d=-0.39)"}, {"cityName": "F\u00fcrth", "timestamp": "2021-05", "value": 3.449846408329904e-05, "incidence": 137.46129032258062, "pValue": 0.2332206270820054, "interpretation": "23.7% decrease, not statistically significant (p = 0.233), large effect size (d=-0.82)"}, {"cityName": "N\u00fcrnberg", "timestamp": "2021-05", "value": 3.724974213224469e-05, "incidence": 129.57096774193548, "pValue": 0.4768669794777114, "interpretation": "13.2% decrease, not statistically significant (p = 0.477), small effect size (d=-0.39)"}, {"cityName": "W\u00fcrzburg", "timestamp": "2021-05", "value": 4.132749745622277e-05, "incidence": 72.38387096774196, "pValue": 0.4731150367546605, "interpretation": "15.8% increase, not statistically significant (p = 0.473), small effect size (d=0.49)"}, {"cityName": "Augsburg", "timestamp": "2021-05", "value": 3.101794013323692e-05, "incidence": 126.80000000000001, "pValue": 0.026790152515234613, "interpretation": "42.2% decrease, significant (p = 0.027), large effect size (d=-1.25)"}, {"cityName": "Saarbr\u00fccken", "timestamp": "2021-05", "value": 3.616671310737729e-05, "incidence": 104.51290322580644, "pValue": 0.015236887504704344, "interpretation": "42.3% decrease, significant (p = 0.015), large effect size (d=-1.20)"}, {"cityName": "Berlin", "timestamp": "2021-05", "value": 3.6211914337444594e-05, "incidence": 0.0, "pValue": 0.126448927633893, "interpretation": "28.2% decrease, not statistically significant (p = 0.126), large effect size (d=-0.82)"}, {"cityName": "Cottbus", "timestamp": "2021-05", "value": 3.809313056990504e-05, "incidence": 88.75806451612898, "pValue": 0.41964602958413166, "interpretation": "31.1% decrease, not statistically significant (p = 0.420), medium effect size (d=-0.51)"}, {"cityName": "Potsdam", "timestamp": "2021-05", "value": 3.609414253493442e-05, "incidence": 77.67741935483873, "pValue": 0.9363739015709496, "interpretation": "2.1% increase, not statistically significant (p = 0.936), negligible effect size (d=0.05)"}, {"cityName": "Rostock", "timestamp": "2021-05", "value": 3.0926269987090066e-05, "incidence": 53.5225806451613, "pValue": 0.16752179119894656, "interpretation": "25.1% increase, not statistically significant (p = 0.168), medium effect size (d=0.65)"}, {"cityName": "Chemnitz", "timestamp": "2021-05", "value": 3.863655303309604e-05, "incidence": 148.27096774193544, "pValue": 0.676947937982739, "interpretation": "12.7% increase, not statistically significant (p = 0.677), small effect size (d=0.25)"}, {"cityName": "Dresden", "timestamp": "2021-05", "value": 4.927161657674746e-05, "incidence": 90.97741935483872, "pValue": 0.34064204803077225, "interpretation": "26.7% increase, not statistically significant (p = 0.341), medium effect size (d=0.59)"}, {"cityName": "Leipzig", "timestamp": "2021-05", "value": 3.664478586584914e-05, "incidence": 69.68387096774194, "pValue": 0.859783783031691, "interpretation": "3.7% decrease, not statistically significant (p = 0.860), negligible effect size (d=-0.09)"}, {"cityName": "Halle (Saale)", "timestamp": "2021-05", "value": 3.765509851897756e-05, "incidence": 84.05483870967743, "pValue": 0.8113885491625853, "interpretation": "5.2% decrease, not statistically significant (p = 0.811), negligible effect size (d=-0.13)"}, {"cityName": "Magdeburg", "timestamp": "2021-05", "value": 3.352816106359425e-05, "incidence": 57.541935483870965, "pValue": 0.9789762133911493, "interpretation": "0.6% decrease, not statistically significant (p = 0.979), negligible effect size (d=-0.01)"}, {"cityName": "Erfurt", "timestamp": "2021-05", "value": 3.474056621656773e-05, "incidence": 91.36451612903227, "pValue": 0.41873673324232463, "interpretation": "20.0% increase, not statistically significant (p = 0.419), small effect size (d=0.43)"}, {"cityName": "Jena", "timestamp": "2021-05", "value": 4.0933467163186935e-05, "incidence": 83.87419354838708, "pValue": 0.13054596428805335, "interpretation": "34.0% increase, not statistically significant (p = 0.131), large effect size (d=1.01)"}]