[{"cityName": "Kiel", "timestamp": "2021-03", "value": 7.257734735806783e-05, "incidence": 48.9774193548387, "pValue": 0.14448147863218402, "interpretation": "92.9% increase, not statistically significant (p = 0.144), medium effect size (d=0.80)"}, {"cityName": "L\u00fcbeck", "timestamp": "2021-03", "value": 6.049982686009672e-05, "incidence": 42.87741935483872, "pValue": 0.8095368193118384, "interpretation": "6.4% increase, not statistically significant (p = 0.810), negligible effect size (d=0.12)"}, {"cityName": "Hamburg", "timestamp": "2021-03", "value": 0.0001098247589888396, "incidence": 105.21612903225805, "pValue": 0.1354986670039074, "interpretation": "46.9% increase, not statistically significant (p = 0.135), medium effect size (d=0.68)"}, {"cityName": "Braunschweig", "timestamp": "2021-03", "value": 6.37044500121299e-05, "incidence": 73.28064516129032, "pValue": 0.454159681489835, "interpretation": "10.8% decrease, not statistically significant (p = 0.454), small effect size (d=-0.38)"}, {"cityName": "Salzgitter", "timestamp": "2021-03", "value": 6.310657481662929e-05, "incidence": 171.89032258064518, "pValue": 0.39158090370230125, "interpretation": "11.9% decrease, not statistically significant (p = 0.392), small effect size (d=-0.42)"}, {"cityName": "Wolfsburg", "timestamp": "2021-03", "value": 6.123929970750683e-05, "incidence": 68.7032258064516, "pValue": 0.9246372704302281, "interpretation": "1.7% decrease, not statistically significant (p = 0.925), negligible effect size (d=-0.05)"}, {"cityName": "G\u00f6ttingen", "timestamp": "2021-03", "value": 5.97854322266011e-05, "incidence": 44.66774193548387, "pValue": 0.736134556653079, "interpretation": "5.6% decrease, not statistically significant (p = 0.736), negligible effect size (d=-0.17)"}, {"cityName": "Hannover", "timestamp": "2021-03", "value": 8.607692526359307e-05, "incidence": 119.12580645161292, "pValue": 0.8776455271870989, "interpretation": "3.1% increase, not statistically significant (p = 0.878), negligible effect size (d=0.07)"}, {"cityName": "Hildesheim", "timestamp": "2021-03", "value": 6.293898503131727e-05, "incidence": 78.28387096774193, "pValue": 0.41974567556855946, "interpretation": "16.2% decrease, not statistically significant (p = 0.420), small effect size (d=-0.47)"}, {"cityName": "Oldenburg (Oldb)", "timestamp": "2021-03", "value": 9.521535248495639e-05, "incidence": 69.75161290322579, "pValue": 0.24953791337698575, "interpretation": "54.8% increase, not statistically significant (p = 0.250), medium effect size (d=0.62)"}, {"cityName": "Osnabr\u00fcck", "timestamp": "2021-03", "value": 9.427458809858018e-05, "incidence": 148.15806451612906, "pValue": 0.8130492775547588, "interpretation": "5.6% decrease, not statistically significant (p = 0.813), negligible effect size (d=-0.13)"}, {"cityName": "Bremen", "timestamp": "2021-03", "value": 9.175343438982964e-05, "incidence": 76.74193548387096, "pValue": 0.41645632509734387, "interpretation": "20.8% increase, not statistically significant (p = 0.416), small effect size (d=0.34)"}, {"cityName": "Bremerhaven", "timestamp": "2021-03", "value": 8.639468744929348e-05, "incidence": 166.9483870967742, "pValue": 0.19132342656711596, "interpretation": "55.9% increase, not statistically significant (p = 0.191), medium effect size (d=0.59)"}, {"cityName": "D\u00fcsseldorf", "timestamp": "2021-03", "value": 0.0001836786637218987, "incidence": 65.50322580645162, "pValue": 0.8558197493136995, "interpretation": "4.1% decrease, not statistically significant (p = 0.856), negligible effect size (d=-0.08)"}, {"cityName": "Duisburg", "timestamp": "2021-03", "value": 0.00016708607570483134, "incidence": 122.18387096774194, "pValue": 0.7334402554995512, "interpretation": "7.4% decrease, not statistically significant (p = 0.733), negligible effect size (d=-0.14)"}, {"cityName": "Essen", "timestamp": "2021-03", "value": 0.00015716042178563582, "incidence": 83.19677419354836, "pValue": 0.3726757551571036, "interpretation": "19.4% decrease, not statistically significant (p = 0.373), small effect size (d=-0.39)"}, {"cityName": "Krefeld", "timestamp": "2021-03", "value": 0.00016506686090276792, "incidence": 107.9483870967742, "pValue": 0.2228188655195265, "interpretation": "29.3% increase, not statistically significant (p = 0.223), small effect size (d=0.48)"}, {"cityName": "M\u00f6nchengladbach", "timestamp": "2021-03", "value": 0.00013803157570033237, "incidence": 66.51290322580645, "pValue": 0.97114624483691, "interpretation": "0.9% decrease, not statistically significant (p = 0.971), negligible effect size (d=-0.02)"}, {"cityName": "M\u00fclheim an der Ruhr", "timestamp": "2021-03", "value": 0.00015199356453700198, "incidence": 86.59677419354838, "pValue": 0.5212602915871634, "interpretation": "13.8% decrease, not statistically significant (p = 0.521), small effect size (d=-0.28)"}, {"cityName": "Oberhausen", "timestamp": "2021-03", "value": 0.00016739792548693143, "incidence": 125.66451612903226, "pValue": 0.349678719583593, "interpretation": "21.3% decrease, not statistically significant (p = 0.350), small effect size (d=-0.44)"}, {"cityName": "Remscheid", "timestamp": "2021-03", "value": 0.00010586144247402748, "incidence": 138.05161290322582, "pValue": 0.3997051250538246, "interpretation": "14.2% decrease, not statistically significant (p = 0.400), small effect size (d=-0.39)"}, {"cityName": "Solingen", "timestamp": "2021-03", "value": 0.00013949921412859112, "incidence": 118.72903225806452, "pValue": 0.8657627140388484, "interpretation": "4.0% increase, not statistically significant (p = 0.866), negligible effect size (d=0.07)"}, {"cityName": "Wuppertal", "timestamp": "2021-03", "value": 0.0001254424935689679, "incidence": 122.58709677419354, "pValue": 0.5093655393118914, "interpretation": "13.6% decrease, not statistically significant (p = 0.509), small effect size (d=-0.32)"}, {"cityName": "Neuss", "timestamp": "2021-03", "value": 0.00018254914903081954, "incidence": 77.3516129032258, "pValue": 0.5497403093955324, "interpretation": "15.3% increase, not statistically significant (p = 0.550), small effect size (d=0.26)"}, {"cityName": "Moers", "timestamp": "2021-03", "value": 0.00015454564709216356, "incidence": 82.69677419354838, "pValue": 0.7759765983230418, "interpretation": "5.9% decrease, not statistically significant (p = 0.776), negligible effect size (d=-0.13)"}, {"cityName": "Bonn", "timestamp": "2021-03", "value": 0.00010448776778172363, "incidence": 66.68064516129031, "pValue": 0.8299405436895517, "interpretation": "6.5% decrease, not statistically significant (p = 0.830), negligible effect size (d=-0.10)"}, {"cityName": "K\u00f6ln", "timestamp": "2021-03", "value": 0.00014023094748457274, "incidence": 99.7, "pValue": 0.4511004049661361, "interpretation": "15.2% decrease, not statistically significant (p = 0.451), small effect size (d=-0.29)"}, {"cityName": "Leverkusen", "timestamp": "2021-03", "value": 0.00013756228145211935, "incidence": 82.99032258064517, "pValue": 0.6245789406829216, "interpretation": "12.5% decrease, not statistically significant (p = 0.625), small effect size (d=-0.21)"}, {"cityName": "Aachen", "timestamp": "2021-03", "value": 9.67245532906261e-05, "incidence": 89.75806451612901, "pValue": 0.47588408009134686, "interpretation": "16.2% decrease, not statistically significant (p = 0.476), small effect size (d=-0.35)"}, {"cityName": "Bergisch Gladbach", "timestamp": "2021-03", "value": 0.00011042096385998385, "incidence": 76.22580645161291, "pValue": 0.9437584700404398, "interpretation": "2.3% increase, not statistically significant (p = 0.944), negligible effect size (d=0.03)"}, {"cityName": "Bottrop", "timestamp": "2021-03", "value": 0.00016694217372466535, "incidence": 70.24516129032257, "pValue": 0.17419340598426766, "interpretation": "27.9% decrease, not statistically significant (p = 0.174), medium effect size (d=-0.71)"}, {"cityName": "Gelsenkirchen", "timestamp": "2021-03", "value": 0.00016493588576422017, "incidence": 113.74838709677418, "pValue": 0.11609146554356926, "interpretation": "35.4% decrease, not statistically significant (p = 0.116), medium effect size (d=-0.77)"}, {"cityName": "M\u00fcnster", "timestamp": "2021-03", "value": 0.00011901694693063434, "incidence": 57.73548387096774, "pValue": 0.6047647041835682, "interpretation": "15.1% increase, not statistically significant (p = 0.605), small effect size (d=0.22)"}, {"cityName": "Recklinghausen", "timestamp": "2021-03", "value": 0.0001655831359899961, "incidence": 86.65483870967742, "pValue": 0.2913917733770701, "interpretation": "25.6% decrease, not statistically significant (p = 0.291), medium effect size (d=-0.54)"}, {"cityName": "Bielefeld", "timestamp": "2021-03", "value": 8.494490369533499e-05, "incidence": 62.32903225806451, "pValue": 0.816438577701639, "interpretation": "5.5% increase, not statistically significant (p = 0.816), negligible effect size (d=0.10)"}, {"cityName": "G\u00fctersloh", "timestamp": "2021-03", "value": 9.856033138930798e-05, "incidence": 80.8483870967742, "pValue": 0.6650398821805876, "interpretation": "11.4% increase, not statistically significant (p = 0.665), small effect size (d=0.22)"}, {"cityName": "Paderborn", "timestamp": "2021-03", "value": 7.23035735709052e-05, "incidence": 58.541935483870965, "pValue": 0.9115894656492443, "interpretation": "3.4% decrease, not statistically significant (p = 0.912), negligible effect size (d=-0.06)"}, {"cityName": "Bochum", "timestamp": "2021-03", "value": 0.00013555735737706223, "incidence": 86.69354838709675, "pValue": 0.2954341773747405, "interpretation": "26.3% decrease, not statistically significant (p = 0.295), small effect size (d=-0.49)"}, {"cityName": "Dortmund", "timestamp": "2021-03", "value": 0.00014209623138109842, "incidence": 87.8258064516129, "pValue": 0.523792137737103, "interpretation": "15.4% decrease, not statistically significant (p = 0.524), small effect size (d=-0.27)"}, {"cityName": "Hagen", "timestamp": "2021-03", "value": 0.00010303309155178482, "incidence": 139.72903225806454, "pValue": 0.03372317115972603, "interpretation": "40.5% decrease, significant (p = 0.034), large effect size (d=-1.16)"}, {"cityName": "Hamm", "timestamp": "2021-03", "value": 0.00012562015936488197, "incidence": 102.86451612903225, "pValue": 0.5416457024727852, "interpretation": "16.3% decrease, not statistically significant (p = 0.542), small effect size (d=-0.28)"}, {"cityName": "Herne", "timestamp": "2021-03", "value": 0.00015223512891680003, "incidence": 132.7483870967742, "pValue": 0.367148965783183, "interpretation": "23.9% decrease, not statistically significant (p = 0.367), small effect size (d=-0.43)"}, {"cityName": "Siegen", "timestamp": "2021-03", "value": 7.075645844452083e-05, "incidence": 137.32580645161292, "pValue": 0.6523963307428132, "interpretation": "9.1% decrease, not statistically significant (p = 0.652), small effect size (d=-0.23)"}, {"cityName": "Darmstadt", "timestamp": "2021-03", "value": 9.310311129824682e-05, "incidence": 59.73225806451613, "pValue": 0.06043151486058582, "interpretation": "40.7% decrease, not statistically significant (p = 0.060), large effect size (d=-0.88)"}, {"cityName": "Frankfurt am Main", "timestamp": "2021-03", "value": 0.00011843660931018266, "incidence": 102.60645161290324, "pValue": 0.0800516055466346, "interpretation": "34.6% decrease, not statistically significant (p = 0.080), medium effect size (d=-0.73)"}, {"cityName": "Offenbach am Main", "timestamp": "2021-03", "value": 0.00011294415559281002, "incidence": 171.1806451612903, "pValue": 0.27218981243608303, "interpretation": "22.6% decrease, not statistically significant (p = 0.272), small effect size (d=-0.50)"}, {"cityName": "Wiesbaden", "timestamp": "2021-03", "value": 0.00011290036814494265, "incidence": 72.70645161290324, "pValue": 0.08625626563079447, "interpretation": "32.0% decrease, not statistically significant (p = 0.086), large effect size (d=-0.89)"}, {"cityName": "Hanau", "timestamp": "2021-03", "value": 0.00010363651941028926, "incidence": 125.51290322580645, "pValue": 0.3812013344773524, "interpretation": "17.5% decrease, not statistically significant (p = 0.381), small effect size (d=-0.40)"}, {"cityName": "Kassel", "timestamp": "2021-03", "value": 6.367296575465136e-05, "incidence": 74.01290322580647, "pValue": 0.3659998518039591, "interpretation": "13.2% decrease, not statistically significant (p = 0.366), small effect size (d=-0.47)"}, {"cityName": "Koblenz", "timestamp": "2021-03", "value": 8.00848938524723e-05, "incidence": 70.9483870967742, "pValue": 0.07884970708913827, "interpretation": "38.5% decrease, not statistically significant (p = 0.079), large effect size (d=-0.97)"}, {"cityName": "Trier", "timestamp": "2021-03", "value": 6.995807634666563e-05, "incidence": 42.26774193548386, "pValue": 0.6460848209089807, "interpretation": "6.7% decrease, not statistically significant (p = 0.646), negligible effect size (d=-0.19)"}, {"cityName": "Kaiserslautern", "timestamp": "2021-03", "value": 5.7296809525443954e-05, "incidence": 33.46451612903226, "pValue": 0.15652247167257377, "interpretation": "24.6% decrease, not statistically significant (p = 0.157), medium effect size (d=-0.62)"}, {"cityName": "Ludwigshafen am Rhein", "timestamp": "2021-03", "value": 0.00013621629720243314, "incidence": 106.62258064516128, "pValue": 0.7756432951827703, "interpretation": "6.1% decrease, not statistically significant (p = 0.776), negligible effect size (d=-0.11)"}, {"cityName": "Mainz", "timestamp": "2021-03", "value": 0.00010975539771607146, "incidence": 61.07419354838709, "pValue": 0.016455460063607475, "interpretation": "44.8% decrease, significant (p = 0.016), large effect size (d=-1.18)"}, {"cityName": "Stuttgart", "timestamp": "2021-03", "value": 9.708157611182994e-05, "incidence": 77.33225806451613, "pValue": 0.8027839224153599, "interpretation": "5.9% increase, not statistically significant (p = 0.803), negligible effect size (d=0.10)"}, {"cityName": "Heilbronn", "timestamp": "2021-03", "value": 8.704971211651961e-05, "incidence": 74.31290322580647, "pValue": 0.5189004293341926, "interpretation": "12.9% increase, not statistically significant (p = 0.519), small effect size (d=0.29)"}, {"cityName": "Karlsruhe", "timestamp": "2021-03", "value": 8.849122095853091e-05, "incidence": 88.16451612903226, "pValue": 0.5187831833138135, "interpretation": "14.0% decrease, not statistically significant (p = 0.519), small effect size (d=-0.25)"}, {"cityName": "Heidelberg", "timestamp": "2021-03", "value": 8.239268668388065e-05, "incidence": 58.55161290322579, "pValue": 0.24599114306009306, "interpretation": "20.9% decrease, not statistically significant (p = 0.246), medium effect size (d=-0.52)"}, {"cityName": "Mannheim", "timestamp": "2021-03", "value": 0.000120212621986866, "incidence": 117.99354838709677, "pValue": 0.6314028747410538, "interpretation": "9.3% decrease, not statistically significant (p = 0.631), negligible effect size (d=-0.20)"}, {"cityName": "Pforzheim", "timestamp": "2021-03", "value": 7.59600208968752e-05, "incidence": 61.59999999999999, "pValue": 0.27558294227598995, "interpretation": "22.8% decrease, not statistically significant (p = 0.276), small effect size (d=-0.48)"}, {"cityName": "Freiburg im Breisgau", "timestamp": "2021-03", "value": 7.324206159898529e-05, "incidence": 55.39032258064516, "pValue": 0.7937234163537086, "interpretation": "4.5% decrease, not statistically significant (p = 0.794), negligible effect size (d=-0.11)"}, {"cityName": "Reutlingen", "timestamp": "2021-03", "value": 7.376412395387888e-05, "incidence": 89.87741935483874, "pValue": 0.7646981921953919, "interpretation": "6.7% decrease, not statistically significant (p = 0.765), negligible effect size (d=-0.14)"}, {"cityName": "Ulm", "timestamp": "2021-03", "value": 7.055653259158134e-05, "incidence": 70.87741935483872, "pValue": 0.3688473468126735, "interpretation": "18.1% decrease, not statistically significant (p = 0.369), small effect size (d=-0.38)"}, {"cityName": "Ingolstadt", "timestamp": "2021-03", "value": 6.396247287436078e-05, "incidence": 59.20322580645161, "pValue": 0.32356157364041904, "interpretation": "18.4% decrease, not statistically significant (p = 0.324), medium effect size (d=-0.52)"}, {"cityName": "M\u00fcnchen", "timestamp": "2021-03", "value": 9.089841758115933e-05, "incidence": 71.18709677419355, "pValue": 0.7491203235349373, "interpretation": "8.7% increase, not statistically significant (p = 0.749), negligible effect size (d=0.15)"}, {"cityName": "Regensburg", "timestamp": "2021-03", "value": 6.86645663032929e-05, "incidence": 126.41612903225807, "pValue": 0.7515592466422905, "interpretation": "8.1% decrease, not statistically significant (p = 0.752), negligible effect size (d=-0.16)"}, {"cityName": "Erlangen", "timestamp": "2021-03", "value": 6.51144322806171e-05, "incidence": 61.60645161290322, "pValue": 0.3191774825498167, "interpretation": "19.3% decrease, not statistically significant (p = 0.319), small effect size (d=-0.47)"}, {"cityName": "F\u00fcrth", "timestamp": "2021-03", "value": 7.190749747678637e-05, "incidence": 123.93225806451612, "pValue": 0.3761263217599329, "interpretation": "17.7% decrease, not statistically significant (p = 0.376), small effect size (d=-0.43)"}, {"cityName": "N\u00fcrnberg", "timestamp": "2021-03", "value": 7.282305424186316e-05, "incidence": 129.25161290322583, "pValue": 0.7014316217590263, "interpretation": "7.2% decrease, not statistically significant (p = 0.701), negligible effect size (d=-0.18)"}, {"cityName": "W\u00fcrzburg", "timestamp": "2021-03", "value": 6.802632560720667e-05, "incidence": 60.174193548387095, "pValue": 0.20087943515337273, "interpretation": "19.5% decrease, not statistically significant (p = 0.201), medium effect size (d=-0.58)"}, {"cityName": "Augsburg", "timestamp": "2021-03", "value": 6.428345715483793e-05, "incidence": 96.99032258064516, "pValue": 0.5857441848676268, "interpretation": "11.8% decrease, not statistically significant (p = 0.586), small effect size (d=-0.26)"}, {"cityName": "Saarbr\u00fccken", "timestamp": "2021-03", "value": 6.915328558534383e-05, "incidence": 67.7, "pValue": 0.06628825146591003, "interpretation": "32.4% decrease, not statistically significant (p = 0.066), medium effect size (d=-0.78)"}, {"cityName": "Berlin", "timestamp": "2021-03", "value": 8.920049181253445e-05, "incidence": 0.0, "pValue": 0.3165892532546695, "interpretation": "21.4% increase, not statistically significant (p = 0.317), small effect size (d=0.47)"}, {"cityName": "Cottbus", "timestamp": "2021-03", "value": 7.160548837139056e-05, "incidence": 113.77741935483871, "pValue": 0.7948148324858936, "interpretation": "6.0% decrease, not statistically significant (p = 0.795), negligible effect size (d=-0.15)"}, {"cityName": "Potsdam", "timestamp": "2021-03", "value": 5.862617399543524e-05, "incidence": 68.40322580645162, "pValue": 0.6167585507971354, "interpretation": "14.7% increase, not statistically significant (p = 0.617), small effect size (d=0.26)"}, {"cityName": "Rostock", "timestamp": "2021-03", "value": 5.307218596113451e-05, "incidence": 29.890322580645165, "pValue": 0.2162458912112561, "interpretation": "27.5% increase, not statistically significant (p = 0.216), medium effect size (d=0.61)"}, {"cityName": "Chemnitz", "timestamp": "2021-03", "value": 6.065148542203554e-05, "incidence": 162.34193548387097, "pValue": 0.7981311657519807, "interpretation": "6.0% increase, not statistically significant (p = 0.798), negligible effect size (d=0.13)"}, {"cityName": "Dresden", "timestamp": "2021-03", "value": 9.862801737406037e-05, "incidence": 102.02258064516131, "pValue": 0.14253719699053602, "interpretation": "23.7% increase, not statistically significant (p = 0.143), large effect size (d=0.81)"}, {"cityName": "Leipzig", "timestamp": "2021-03", "value": 6.987118874402607e-05, "incidence": 71.42258064516129, "pValue": 0.6258063801820895, "interpretation": "9.9% decrease, not statistically significant (p = 0.626), small effect size (d=-0.26)"}, {"cityName": "Halle (Saale)", "timestamp": "2021-03", "value": 6.451381098789473e-05, "incidence": 155.01612903225808, "pValue": 0.4383197090982198, "interpretation": "26.0% decrease, not statistically significant (p = 0.438), small effect size (d=-0.46)"}, {"cityName": "Magdeburg", "timestamp": "2021-03", "value": 6.376905366778374e-05, "incidence": 84.14516129032258, "pValue": 0.23897069598792103, "interpretation": "21.7% decrease, not statistically significant (p = 0.239), medium effect size (d=-0.60)"}, {"cityName": "Erfurt", "timestamp": "2021-03", "value": 5.020187335445526e-05, "incidence": 108.42258064516129, "pValue": 0.014780037079252049, "interpretation": "37.9% decrease, significant (p = 0.015), large effect size (d=-1.40)"}, {"cityName": "Jena", "timestamp": "2021-03", "value": 5.4375811790426574e-05, "incidence": 71.93225806451613, "pValue": 0.282451193928932, "interpretation": "14.9% decrease, not statistically significant (p = 0.282), medium effect size (d=-0.56)"}]