[{"cityName": "Kiel", "timestamp": "2021-11", "value": 3.4565311146988754e-05, "incidence": 113.37333333333335, "pValue": 0.05916977329172643, "interpretation": "44.6% decrease, not statistically significant (p = 0.059), large effect size (d=-1.07)"}, {"cityName": "L\u00fcbeck", "timestamp": "2021-11", "value": 4.57145344828152e-05, "incidence": 130.52666666666667, "pValue": 0.21573331428767215, "interpretation": "27.7% decrease, not statistically significant (p = 0.216), medium effect size (d=-0.63)"}, {"cityName": "Hamburg", "timestamp": "2021-11", "value": 6.350888698189347e-05, "incidence": 185.59000000000003, "pValue": 0.2834648057957487, "interpretation": "22.6% decrease, not statistically significant (p = 0.283), small effect size (d=-0.48)"}, {"cityName": "Braunschweig", "timestamp": "2021-11", "value": 5.578781437019215e-05, "incidence": 140.08, "pValue": 0.17041987600281647, "interpretation": "23.4% decrease, not statistically significant (p = 0.170), medium effect size (d=-0.75)"}, {"cityName": "Salzgitter", "timestamp": "2021-11", "value": 4.754969268105924e-05, "incidence": 255.70333333333335, "pValue": 0.43402144720883806, "interpretation": "20.6% decrease, not statistically significant (p = 0.434), small effect size (d=-0.40)"}, {"cityName": "Wolfsburg", "timestamp": "2021-11", "value": 4.360740881805357e-05, "incidence": 196.51000000000002, "pValue": 0.6911124733174971, "interpretation": "14.7% decrease, not statistically significant (p = 0.691), small effect size (d=-0.26)"}, {"cityName": "G\u00f6ttingen", "timestamp": "2021-11", "value": 6.464787847584202e-05, "incidence": 152.12, "pValue": 0.8018824308049878, "interpretation": "7.1% increase, not statistically significant (p = 0.802), negligible effect size (d=0.16)"}, {"cityName": "Hannover", "timestamp": "2021-11", "value": 6.0334213470157826e-05, "incidence": 147.54, "pValue": 0.586912035767746, "interpretation": "14.0% decrease, not statistically significant (p = 0.587), small effect size (d=-0.30)"}, {"cityName": "Hildesheim", "timestamp": "2021-11", "value": 6.177173653507933e-05, "incidence": 126.95666666666666, "pValue": 0.5868661122707002, "interpretation": "16.4% increase, not statistically significant (p = 0.587), small effect size (d=0.38)"}, {"cityName": "Oldenburg (Oldb)", "timestamp": "2021-11", "value": 5.828435532748699e-05, "incidence": 125.83999999999999, "pValue": 0.6595996408384479, "interpretation": "15.6% decrease, not statistically significant (p = 0.660), small effect size (d=-0.29)"}, {"cityName": "Osnabr\u00fcck", "timestamp": "2021-11", "value": 7.149216782470995e-05, "incidence": 131.53333333333333, "pValue": 0.3658645092391125, "interpretation": "23.2% decrease, not statistically significant (p = 0.366), small effect size (d=-0.41)"}, {"cityName": "Bremen", "timestamp": "2021-11", "value": 5.630545363929428e-05, "incidence": 129.95, "pValue": 0.053056065030732485, "interpretation": "42.3% decrease, not statistically significant (p = 0.053), large effect size (d=-1.03)"}, {"cityName": "Bremerhaven", "timestamp": "2021-11", "value": 4.633948472993714e-05, "incidence": 152.93333333333334, "pValue": 0.2947700605964876, "interpretation": "35.9% decrease, not statistically significant (p = 0.295), medium effect size (d=-0.61)"}, {"cityName": "D\u00fcsseldorf", "timestamp": "2021-11", "value": 0.00011473816887634556, "incidence": 219.43666666666667, "pValue": 0.13754826839785697, "interpretation": "34.1% decrease, not statistically significant (p = 0.138), medium effect size (d=-0.76)"}, {"cityName": "Duisburg", "timestamp": "2021-11", "value": 0.00010735011444641993, "incidence": 173.61333333333332, "pValue": 0.06019857114663039, "interpretation": "39.1% decrease, not statistically significant (p = 0.060), large effect size (d=-0.85)"}, {"cityName": "Essen", "timestamp": "2021-11", "value": 0.00011740811169147491, "incidence": 155.5166666666667, "pValue": 0.17664110611499828, "interpretation": "31.1% decrease, not statistically significant (p = 0.177), medium effect size (d=-0.75)"}, {"cityName": "Krefeld", "timestamp": "2021-11", "value": 0.00010976435330051642, "incidence": 208.23333333333338, "pValue": 0.2021599620631913, "interpretation": "27.2% decrease, not statistically significant (p = 0.202), medium effect size (d=-0.66)"}, {"cityName": "M\u00f6nchengladbach", "timestamp": "2021-11", "value": 0.0001019230433579149, "incidence": 195.01666666666662, "pValue": 0.5458993476559376, "interpretation": "13.0% decrease, not statistically significant (p = 0.546), small effect size (d=-0.28)"}, {"cityName": "M\u00fclheim an der Ruhr", "timestamp": "2021-11", "value": 0.00010363427766909201, "incidence": 152.73333333333332, "pValue": 0.15987648963223816, "interpretation": "29.6% decrease, not statistically significant (p = 0.160), medium effect size (d=-0.72)"}, {"cityName": "Oberhausen", "timestamp": "2021-11", "value": 0.00010937972603222498, "incidence": 141.51333333333332, "pValue": 0.13128536752593667, "interpretation": "39.6% decrease, not statistically significant (p = 0.131), medium effect size (d=-0.79)"}, {"cityName": "Remscheid", "timestamp": "2021-11", "value": 0.0001096375286579132, "incidence": 166.58333333333337, "pValue": 0.7106782945579022, "interpretation": "8.3% increase, not statistically significant (p = 0.711), small effect size (d=0.21)"}, {"cityName": "Solingen", "timestamp": "2021-11", "value": 0.00012373100616969168, "incidence": 210.10666666666665, "pValue": 0.30213961804837963, "interpretation": "24.4% increase, not statistically significant (p = 0.302), medium effect size (d=0.56)"}, {"cityName": "Wuppertal", "timestamp": "2021-11", "value": 0.00011622534926842761, "incidence": 198.67000000000002, "pValue": 0.9266345650554835, "interpretation": "2.1% increase, not statistically significant (p = 0.927), negligible effect size (d=0.04)"}, {"cityName": "Neuss", "timestamp": "2021-11", "value": 0.00012867740588262677, "incidence": 187.76000000000005, "pValue": 0.2526601394136635, "interpretation": "27.6% decrease, not statistically significant (p = 0.253), medium effect size (d=-0.62)"}, {"cityName": "Moers", "timestamp": "2021-11", "value": 9.880484347896916e-05, "incidence": 177.6966666666667, "pValue": 0.03223031416007344, "interpretation": "43.1% decrease, significant (p = 0.032), large effect size (d=-1.07)"}, {"cityName": "Bonn", "timestamp": "2021-11", "value": 7.919939658181234e-05, "incidence": 176.37666666666667, "pValue": 0.3689901358889114, "interpretation": "26.1% decrease, not statistically significant (p = 0.369), small effect size (d=-0.46)"}, {"cityName": "K\u00f6ln", "timestamp": "2021-11", "value": 0.00011238414380285476, "incidence": 256.1933333333333, "pValue": 0.5952426098610096, "interpretation": "14.3% decrease, not statistically significant (p = 0.595), small effect size (d=-0.26)"}, {"cityName": "Leverkusen", "timestamp": "2021-11", "value": 0.00012010790912124018, "incidence": 271.7166666666667, "pValue": 0.3845841295626464, "interpretation": "16.9% decrease, not statistically significant (p = 0.385), small effect size (d=-0.44)"}, {"cityName": "Aachen", "timestamp": "2021-11", "value": 8.851378867081527e-05, "incidence": 218.14666666666665, "pValue": 0.7615708937708684, "interpretation": "11.0% decrease, not statistically significant (p = 0.762), negligible effect size (d=-0.14)"}, {"cityName": "Bergisch Gladbach", "timestamp": "2021-11", "value": 0.00010175521518769009, "incidence": 190.81, "pValue": 0.48844544525614164, "interpretation": "22.7% increase, not statistically significant (p = 0.488), small effect size (d=0.40)"}, {"cityName": "Bottrop", "timestamp": "2021-11", "value": 0.00010849724468939444, "incidence": 162.27333333333337, "pValue": 0.07495566800771718, "interpretation": "38.3% decrease, not statistically significant (p = 0.075), large effect size (d=-0.90)"}, {"cityName": "Gelsenkirchen", "timestamp": "2021-11", "value": 0.00013484208680251066, "incidence": 202.28000000000003, "pValue": 0.14238965175224105, "interpretation": "33.4% decrease, not statistically significant (p = 0.142), medium effect size (d=-0.73)"}, {"cityName": "M\u00fcnster", "timestamp": "2021-11", "value": 9.347132423467803e-05, "incidence": 133.99999999999997, "pValue": 0.5246040216503589, "interpretation": "15.3% decrease, not statistically significant (p = 0.525), small effect size (d=-0.28)"}, {"cityName": "Recklinghausen", "timestamp": "2021-11", "value": 0.00014004779334824818, "incidence": 157.62333333333333, "pValue": 0.14539115446109488, "interpretation": "34.5% decrease, not statistically significant (p = 0.145), large effect size (d=-0.82)"}, {"cityName": "Bielefeld", "timestamp": "2021-11", "value": 8.733648185928662e-05, "incidence": 255.66666666666663, "pValue": 0.755848672190227, "interpretation": "7.5% decrease, not statistically significant (p = 0.756), negligible effect size (d=-0.16)"}, {"cityName": "G\u00fctersloh", "timestamp": "2021-11", "value": 9.032295783981681e-05, "incidence": 281.79666666666674, "pValue": 0.5692526509217164, "interpretation": "16.8% decrease, not statistically significant (p = 0.569), small effect size (d=-0.33)"}, {"cityName": "Paderborn", "timestamp": "2021-11", "value": 6.745045914524986e-05, "incidence": 214.77, "pValue": 0.37986680923034766, "interpretation": "28.9% increase, not statistically significant (p = 0.380), small effect size (d=0.49)"}, {"cityName": "Bochum", "timestamp": "2021-11", "value": 0.00011741596002442141, "incidence": 188.89, "pValue": 0.16956198860258204, "interpretation": "29.5% decrease, not statistically significant (p = 0.170), large effect size (d=-0.82)"}, {"cityName": "Dortmund", "timestamp": "2021-11", "value": 0.00011643896098522579, "incidence": 190.25, "pValue": 0.09340734903968224, "interpretation": "30.9% decrease, not statistically significant (p = 0.093), large effect size (d=-0.86)"}, {"cityName": "Hagen", "timestamp": "2021-11", "value": 0.00010852559855015113, "incidence": 212.24333333333334, "pValue": 0.8291343550480106, "interpretation": "5.0% increase, not statistically significant (p = 0.829), negligible effect size (d=0.11)"}, {"cityName": "Hamm", "timestamp": "2021-11", "value": 9.679084732418968e-05, "incidence": 186.32333333333335, "pValue": 0.7047160130640533, "interpretation": "7.8% decrease, not statistically significant (p = 0.705), negligible effect size (d=-0.19)"}, {"cityName": "Herne", "timestamp": "2021-11", "value": 0.0001388493925333023, "incidence": 191.46, "pValue": 0.19232289204257327, "interpretation": "27.8% decrease, not statistically significant (p = 0.192), medium effect size (d=-0.79)"}, {"cityName": "Siegen", "timestamp": "2021-11", "value": 6.990174297243357e-05, "incidence": 167.36999999999998, "pValue": 0.8173402556545463, "interpretation": "7.7% increase, not statistically significant (p = 0.817), negligible effect size (d=0.14)"}, {"cityName": "Darmstadt", "timestamp": "2021-11", "value": 0.00010240012356503443, "incidence": 190.51999999999998, "pValue": 0.6065916305010144, "interpretation": "19.1% decrease, not statistically significant (p = 0.607), small effect size (d=-0.35)"}, {"cityName": "Frankfurt am Main", "timestamp": "2021-11", "value": 0.00015803258231079036, "incidence": 274.2066666666667, "pValue": 0.24346428435941428, "interpretation": "49.0% increase, not statistically significant (p = 0.243), medium effect size (d=0.73)"}, {"cityName": "Offenbach am Main", "timestamp": "2021-11", "value": 0.00014071186623451385, "incidence": 305.84333333333336, "pValue": 0.3115043395324616, "interpretation": "55.8% increase, not statistically significant (p = 0.312), medium effect size (d=0.78)"}, {"cityName": "Wiesbaden", "timestamp": "2021-11", "value": 0.00010668902218134867, "incidence": 167.16666666666666, "pValue": 0.6366434539609072, "interpretation": "21.4% increase, not statistically significant (p = 0.637), small effect size (d=0.29)"}, {"cityName": "Hanau", "timestamp": "2021-11", "value": 0.00010397751779796985, "incidence": 241.97, "pValue": 0.34095518268331854, "interpretation": "30.1% increase, not statistically significant (p = 0.341), medium effect size (d=0.76)"}, {"cityName": "Kassel", "timestamp": "2021-11", "value": 5.849991511139605e-05, "incidence": 157.26666666666668, "pValue": 0.8477641770280305, "interpretation": "6.9% decrease, not statistically significant (p = 0.848), negligible effect size (d=-0.13)"}, {"cityName": "Koblenz", "timestamp": "2021-11", "value": 5.4147789746315946e-05, "incidence": 133.87, "pValue": 0.056396642798074964, "interpretation": "50.8% decrease, not statistically significant (p = 0.056), large effect size (d=-1.19)"}, {"cityName": "Trier", "timestamp": "2021-11", "value": 0.00010305531322956085, "incidence": 107.43333333333332, "pValue": 0.748208333103431, "interpretation": "27.9% increase, not statistically significant (p = 0.748), small effect size (d=0.22)"}, {"cityName": "Kaiserslautern", "timestamp": "2021-11", "value": 8.774070570675227e-05, "incidence": 165.46333333333334, "pValue": 0.40938750406719626, "interpretation": "31.0% increase, not statistically significant (p = 0.409), small effect size (d=0.46)"}, {"cityName": "Ludwigshafen am Rhein", "timestamp": "2021-11", "value": 0.0001731129790035387, "incidence": 302.37333333333333, "pValue": 0.0, "interpretation": "Insufficient data for this month for a statistical test."}, {"cityName": "Mainz", "timestamp": "2021-11", "value": 9.339235839433968e-05, "incidence": 169.38, "pValue": 0.7706454054530985, "interpretation": "11.7% increase, not statistically significant (p = 0.771), negligible effect size (d=0.19)"}, {"cityName": "Stuttgart", "timestamp": "2021-11", "value": 0.0001289729132420487, "incidence": 309.9166666666667, "pValue": 0.004383026035399523, "interpretation": "135.0% increase, very significant (p < 0.01), large effect size (d=1.63)"}, {"cityName": "Heilbronn", "timestamp": "2021-11", "value": 9.43623470245964e-05, "incidence": 488.5966666666666, "pValue": 0.8511631950618902, "interpretation": "5.5% increase, not statistically significant (p = 0.851), negligible effect size (d=0.14)"}, {"cityName": "Karlsruhe", "timestamp": "2021-11", "value": 0.00011069124254087607, "incidence": 301.25, "pValue": 0.735247347816788, "interpretation": "10.7% increase, not statistically significant (p = 0.735), negligible effect size (d=0.19)"}, {"cityName": "Heidelberg", "timestamp": "2021-11", "value": 0.00011980178226765834, "incidence": 180.98999999999995, "pValue": 0.14810767052684465, "interpretation": "94.2% increase, not statistically significant (p = 0.148), large effect size (d=1.21)"}, {"cityName": "Mannheim", "timestamp": "2021-11", "value": 0.00016035117208957673, "incidence": 368.3833333333333, "pValue": 0.12111392061145572, "interpretation": "97.2% increase, not statistically significant (p = 0.121), large effect size (d=1.18)"}, {"cityName": "Pforzheim", "timestamp": "2021-11", "value": 0.00012052381255974372, "incidence": 520.1733333333334, "pValue": 0.2265766263435116, "interpretation": "80.8% increase, not statistically significant (p = 0.227), large effect size (d=0.83)"}, {"cityName": "Freiburg im Breisgau", "timestamp": "2021-11", "value": 7.412956889580798e-05, "incidence": 281.76666666666665, "pValue": 0.25752879659617306, "interpretation": "42.0% increase, not statistically significant (p = 0.258), medium effect size (d=0.57)"}, {"cityName": "Reutlingen", "timestamp": "2021-11", "value": 0.0001129709417000413, "incidence": 428.28666666666663, "pValue": 0.07350510714352622, "interpretation": "77.0% increase, not statistically significant (p = 0.074), large effect size (d=0.97)"}, {"cityName": "Ulm", "timestamp": "2021-11", "value": 0.00011813079350088771, "incidence": 393.8366666666667, "pValue": 0.2449640404034617, "interpretation": "128.2% increase, not statistically significant (p = 0.245), large effect size (d=1.01)"}, {"cityName": "Ingolstadt", "timestamp": "2021-11", "value": 6.68791860031585e-05, "incidence": 452.9833333333333, "pValue": 0.760328058392454, "interpretation": "8.7% decrease, not statistically significant (p = 0.760), small effect size (d=-0.23)"}, {"cityName": "M\u00fcnchen", "timestamp": "2021-11", "value": 0.00011455386769599639, "incidence": 424.38666666666666, "pValue": 0.07048161418140729, "interpretation": "105.9% increase, not statistically significant (p = 0.070), large effect size (d=1.19)"}, {"cityName": "Regensburg", "timestamp": "2021-11", "value": 6.157815999661883e-05, "incidence": 459.19, "pValue": 0.6208088893401807, "interpretation": "12.1% decrease, not statistically significant (p = 0.621), small effect size (d=-0.34)"}, {"cityName": "Erlangen", "timestamp": "2021-11", "value": 7.861091788592083e-05, "incidence": 251.23000000000002, "pValue": 0.5258437536086783, "interpretation": "15.7% increase, not statistically significant (p = 0.526), small effect size (d=0.45)"}, {"cityName": "F\u00fcrth", "timestamp": "2021-11", "value": 8.394250762648881e-05, "incidence": 445.59666666666664, "pValue": 0.9304672760531711, "interpretation": "2.7% decrease, not statistically significant (p = 0.930), negligible effect size (d=-0.06)"}, {"cityName": "N\u00fcrnberg", "timestamp": "2021-11", "value": 0.00010344700069364274, "incidence": 432.34999999999997, "pValue": 0.43358268490788454, "interpretation": "21.8% increase, not statistically significant (p = 0.434), medium effect size (d=0.52)"}, {"cityName": "W\u00fcrzburg", "timestamp": "2021-11", "value": 8.617324056103826e-05, "incidence": 293.53999999999996, "pValue": 0.02510456034877953, "interpretation": "79.9% increase, significant (p = 0.025), large effect size (d=1.77)"}, {"cityName": "Augsburg", "timestamp": "2021-11", "value": 0.00010131221586981646, "incidence": 468.08333333333326, "pValue": 0.17929071755455334, "interpretation": "84.0% increase, not statistically significant (p = 0.179), large effect size (d=0.83)"}, {"cityName": "Saarbr\u00fccken", "timestamp": "2021-11", "value": 8.250294874111812e-05, "incidence": 238.42333333333332, "pValue": 0.33752656847842344, "interpretation": "38.5% increase, not statistically significant (p = 0.338), medium effect size (d=0.56)"}, {"cityName": "Berlin", "timestamp": "2021-11", "value": 6.637523495932905e-05, "incidence": 0.0, "pValue": 0.15848580876664364, "interpretation": "28.8% decrease, not statistically significant (p = 0.158), medium effect size (d=-0.77)"}, {"cityName": "Cottbus", "timestamp": "2021-11", "value": 0.00012155934774245207, "incidence": 443.1466666666666, "pValue": 0.3674300081036618, "interpretation": "23.7% increase, not statistically significant (p = 0.367), medium effect size (d=0.62)"}, {"cityName": "Potsdam", "timestamp": "2021-11", "value": 5.573948146775365e-05, "incidence": 306.26666666666665, "pValue": 0.25517778731004886, "interpretation": "23.7% decrease, not statistically significant (p = 0.255), medium effect size (d=-0.60)"}, {"cityName": "Rostock", "timestamp": "2021-11", "value": 3.4103360535068944e-05, "incidence": 224.42, "pValue": 0.22183590099389625, "interpretation": "34.9% decrease, not statistically significant (p = 0.222), large effect size (d=-0.84)"}, {"cityName": "Chemnitz", "timestamp": "2021-11", "value": 0.00010246485926029158, "incidence": 692.5166666666667, "pValue": 0.11536054200937723, "interpretation": "49.0% increase, not statistically significant (p = 0.115), large effect size (d=1.09)"}, {"cityName": "Dresden", "timestamp": "2021-11", "value": 0.00010241056707772342, "incidence": 997.3833333333333, "pValue": 0.8158428201977526, "interpretation": "7.3% increase, not statistically significant (p = 0.816), negligible effect size (d=0.12)"}, {"cityName": "Leipzig", "timestamp": "2021-11", "value": 7.354199667187298e-05, "incidence": 476.7433333333334, "pValue": 0.3797353429345204, "interpretation": "30.6% decrease, not statistically significant (p = 0.380), small effect size (d=-0.46)"}, {"cityName": "Halle (Saale)", "timestamp": "2021-11", "value": 6.347430947547157e-05, "incidence": 356.89, "pValue": 0.3429621258699732, "interpretation": "30.0% decrease, not statistically significant (p = 0.343), small effect size (d=-0.48)"}, {"cityName": "Magdeburg", "timestamp": "2021-11", "value": 4.253239910069265e-05, "incidence": 320.7366666666667, "pValue": 0.06741610445164173, "interpretation": "32.0% decrease, not statistically significant (p = 0.067), large effect size (d=-1.00)"}, {"cityName": "Erfurt", "timestamp": "2021-11", "value": 6.343828553849079e-05, "incidence": 533.7166666666666, "pValue": 0.9643514383414857, "interpretation": "1.9% increase, not statistically significant (p = 0.964), negligible effect size (d=0.03)"}, {"cityName": "Jena", "timestamp": "2021-11", "value": 9.247827498863141e-05, "incidence": 412.58333333333326, "pValue": 0.08456202639368439, "interpretation": "59.8% increase, not statistically significant (p = 0.085), large effect size (d=1.14)"}]