[{"cityName": "Kiel", "timestamp": "2021-08", "value": 3.154798676925046e-05, "incidence": 74.37741935483871, "pValue": 0.5677297590282427, "interpretation": "10.0% decrease, not statistically significant (p = 0.568), small effect size (d=-0.28)"}, {"cityName": "L\u00fcbeck", "timestamp": "2021-08", "value": 2.6986381271854043e-05, "incidence": 52.074193548387086, "pValue": 0.057920869034215575, "interpretation": "30.8% decrease, not statistically significant (p = 0.058), large effect size (d=-1.09)"}, {"cityName": "Hamburg", "timestamp": "2021-08", "value": 4.42259289600231e-05, "incidence": 72.71935483870968, "pValue": 0.1921322744289082, "interpretation": "17.2% decrease, not statistically significant (p = 0.192), medium effect size (d=-0.65)"}, {"cityName": "Braunschweig", "timestamp": "2021-08", "value": 3.5227146273588436e-05, "incidence": 34.78064516129032, "pValue": 0.18704361749314422, "interpretation": "17.5% decrease, not statistically significant (p = 0.187), medium effect size (d=-0.65)"}, {"cityName": "Salzgitter", "timestamp": "2021-08", "value": 3.683625836856663e-05, "incidence": 57.64516129032258, "pValue": 0.19747332233363282, "interpretation": "15.4% decrease, not statistically significant (p = 0.197), medium effect size (d=-0.59)"}, {"cityName": "Wolfsburg", "timestamp": "2021-08", "value": 3.0061132029483194e-05, "incidence": 63.745161290322585, "pValue": 0.05349662509837934, "interpretation": "31.2% decrease, not statistically significant (p = 0.053), large effect size (d=-0.94)"}, {"cityName": "G\u00f6ttingen", "timestamp": "2021-08", "value": 2.7777627110481262e-05, "incidence": 19.335483870967742, "pValue": 0.3469799929863231, "interpretation": "14.2% decrease, not statistically significant (p = 0.347), medium effect size (d=-0.57)"}, {"cityName": "Hannover", "timestamp": "2021-08", "value": 3.6934801181288144e-05, "incidence": 44.41290322580646, "pValue": 0.01695979989366756, "interpretation": "34.8% decrease, significant (p = 0.017), large effect size (d=-1.18)"}, {"cityName": "Hildesheim", "timestamp": "2021-08", "value": 3.3512211623875535e-05, "incidence": 29.196774193548382, "pValue": 0.2531170680194537, "interpretation": "15.2% decrease, not statistically significant (p = 0.253), medium effect size (d=-0.59)"}, {"cityName": "Oldenburg (Oldb)", "timestamp": "2021-08", "value": 2.9160542180761694e-05, "incidence": 41.20322580645161, "pValue": 0.0017804977613215009, "interpretation": "44.9% decrease, very significant (p < 0.01), large effect size (d=-1.76)"}, {"cityName": "Osnabr\u00fcck", "timestamp": "2021-08", "value": 4.147698266685686e-05, "incidence": 47.78387096774193, "pValue": 0.028644013119088197, "interpretation": "32.6% decrease, significant (p = 0.029), large effect size (d=-1.00)"}, {"cityName": "Bremen", "timestamp": "2021-08", "value": 3.205398173972231e-05, "incidence": 43.9, "pValue": 0.00019859557231378448, "interpretation": "36.0% decrease, highly significant (p < 0.001), large effect size (d=-1.71)"}, {"cityName": "Bremerhaven", "timestamp": "2021-08", "value": 3.056400289226856e-05, "incidence": 57.383870967741935, "pValue": 0.1490551410845422, "interpretation": "19.3% decrease, not statistically significant (p = 0.149), medium effect size (d=-0.67)"}, {"cityName": "D\u00fcsseldorf", "timestamp": "2021-08", "value": 8.11126878167071e-05, "incidence": 91.9225806451613, "pValue": 0.031008838249658267, "interpretation": "43.5% decrease, significant (p = 0.031), large effect size (d=-0.94)"}, {"cityName": "Duisburg", "timestamp": "2021-08", "value": 6.573225777500715e-05, "incidence": 84.79032258064515, "pValue": 0.00231067132557121, "interpretation": "58.4% decrease, very significant (p < 0.01), large effect size (d=-1.58)"}, {"cityName": "Essen", "timestamp": "2021-08", "value": 6.151196952813711e-05, "incidence": 72.21612903225807, "pValue": 0.0018405290809476362, "interpretation": "47.0% decrease, very significant (p < 0.01), large effect size (d=-1.44)"}, {"cityName": "Krefeld", "timestamp": "2021-08", "value": 5.672107755134885e-05, "incidence": 92.88387096774194, "pValue": 0.01594468559050063, "interpretation": "61.9% decrease, significant (p = 0.016), large effect size (d=-1.19)"}, {"cityName": "M\u00f6nchengladbach", "timestamp": "2021-08", "value": 5.646552970825598e-05, "incidence": 101.72258064516129, "pValue": 0.07611482290924154, "interpretation": "47.6% decrease, not statistically significant (p = 0.076), medium effect size (d=-0.77)"}, {"cityName": "M\u00fclheim an der Ruhr", "timestamp": "2021-08", "value": 6.552695089744197e-05, "incidence": 64.38387096774193, "pValue": 0.016206208462812233, "interpretation": "44.9% decrease, significant (p = 0.016), large effect size (d=-1.24)"}, {"cityName": "Oberhausen", "timestamp": "2021-08", "value": 5.725544626609637e-05, "incidence": 60.68387096774193, "pValue": 0.00017000480844482537, "interpretation": "64.9% decrease, highly significant (p < 0.001), large effect size (d=-2.16)"}, {"cityName": "Remscheid", "timestamp": "2021-08", "value": 5.8738406126697856e-05, "incidence": 76.59677419354837, "pValue": 0.3999768557462584, "interpretation": "22.4% decrease, not statistically significant (p = 0.400), medium effect size (d=-0.51)"}, {"cityName": "Solingen", "timestamp": "2021-08", "value": 6.707115971948951e-05, "incidence": 106.68709677419352, "pValue": 0.10003174527719674, "interpretation": "39.1% decrease, not statistically significant (p = 0.100), large effect size (d=-0.87)"}, {"cityName": "Wuppertal", "timestamp": "2021-08", "value": 5.973803086413277e-05, "incidence": 113.83870967741935, "pValue": 0.1056841934365865, "interpretation": "45.1% decrease, not statistically significant (p = 0.106), large effect size (d=-0.93)"}, {"cityName": "Neuss", "timestamp": "2021-08", "value": 8.199772128136829e-05, "incidence": 69.87741935483871, "pValue": 0.09817260009090935, "interpretation": "36.9% decrease, not statistically significant (p = 0.098), medium effect size (d=-0.68)"}, {"cityName": "Moers", "timestamp": "2021-08", "value": 4.5891452048506055e-05, "incidence": 48.719354838709684, "pValue": 0.015710717893653043, "interpretation": "67.3% decrease, significant (p = 0.016), large effect size (d=-1.23)"}, {"cityName": "Bonn", "timestamp": "2021-08", "value": 7.02515138651837e-05, "incidence": 87.6258064516129, "pValue": 0.602728273353015, "interpretation": "15.9% increase, not statistically significant (p = 0.603), small effect size (d=0.28)"}, {"cityName": "K\u00f6ln", "timestamp": "2021-08", "value": 8.45475329293145e-05, "incidence": 97.00322580645161, "pValue": 0.4633013865406762, "interpretation": "13.4% decrease, not statistically significant (p = 0.463), small effect size (d=-0.29)"}, {"cityName": "Leverkusen", "timestamp": "2021-08", "value": 6.817725079599768e-05, "incidence": 115.50645161290323, "pValue": 0.08862073426333825, "interpretation": "36.3% decrease, not statistically significant (p = 0.089), large effect size (d=-0.86)"}, {"cityName": "Aachen", "timestamp": "2021-08", "value": 6.939067730102046e-05, "incidence": 68.01612903225806, "pValue": 0.5482474881266056, "interpretation": "24.4% increase, not statistically significant (p = 0.548), small effect size (d=0.30)"}, {"cityName": "Bergisch Gladbach", "timestamp": "2021-08", "value": 5.701470737611609e-05, "incidence": 62.24838709677419, "pValue": 0.181309716538417, "interpretation": "33.4% decrease, not statistically significant (p = 0.181), medium effect size (d=-0.70)"}, {"cityName": "Bottrop", "timestamp": "2021-08", "value": 4.885949345086427e-05, "incidence": 72.6741935483871, "pValue": 3.1665392263687816e-05, "interpretation": "68.7% decrease, highly significant (p < 0.001), large effect size (d=-2.43)"}, {"cityName": "Gelsenkirchen", "timestamp": "2021-08", "value": 6.35846791898503e-05, "incidence": 81.11290322580645, "pValue": 0.0010905721578762053, "interpretation": "56.7% decrease, very significant (p < 0.01), large effect size (d=-1.56)"}, {"cityName": "M\u00fcnster", "timestamp": "2021-08", "value": 4.725105929792973e-05, "incidence": 45.4967741935484, "pValue": 0.018777671608188537, "interpretation": "35.8% decrease, significant (p = 0.019), large effect size (d=-0.93)"}, {"cityName": "Recklinghausen", "timestamp": "2021-08", "value": 6.249016867234156e-05, "incidence": 57.06774193548387, "pValue": 0.16839364001443496, "interpretation": "40.1% decrease, not statistically significant (p = 0.168), large effect size (d=-0.83)"}, {"cityName": "Bielefeld", "timestamp": "2021-08", "value": 4.731845789744208e-05, "incidence": 100.61935483870965, "pValue": 0.2358282398387625, "interpretation": "22.0% decrease, not statistically significant (p = 0.236), medium effect size (d=-0.53)"}, {"cityName": "G\u00fctersloh", "timestamp": "2021-08", "value": 5.095113883726299e-05, "incidence": 87.88709677419355, "pValue": 0.4673192306966192, "interpretation": "16.4% decrease, not statistically significant (p = 0.467), small effect size (d=-0.34)"}, {"cityName": "Paderborn", "timestamp": "2021-08", "value": 4.5961696624515515e-05, "incidence": 61.14193548387097, "pValue": 0.28367035834480175, "interpretation": "17.4% decrease, not statistically significant (p = 0.284), medium effect size (d=-0.53)"}, {"cityName": "Bochum", "timestamp": "2021-08", "value": 5.361505706484119e-05, "incidence": 89.3516129032258, "pValue": 0.005083522531768341, "interpretation": "48.2% decrease, very significant (p < 0.01), large effect size (d=-1.34)"}, {"cityName": "Dortmund", "timestamp": "2021-08", "value": 5.128104057089955e-05, "incidence": 84.56774193548387, "pValue": 0.0018482853046092405, "interpretation": "55.4% decrease, very significant (p < 0.01), large effect size (d=-1.42)"}, {"cityName": "Hagen", "timestamp": "2021-08", "value": 6.032819410079512e-05, "incidence": 89.16129032258064, "pValue": 0.5339080639538457, "interpretation": "19.3% decrease, not statistically significant (p = 0.534), small effect size (d=-0.36)"}, {"cityName": "Hamm", "timestamp": "2021-08", "value": 4.841473751834461e-05, "incidence": 92.84193548387098, "pValue": 0.01710915030617535, "interpretation": "47.6% decrease, significant (p = 0.017), large effect size (d=-1.07)"}, {"cityName": "Herne", "timestamp": "2021-08", "value": 5.8920425362884996e-05, "incidence": 78.7290322580645, "pValue": 0.013861549904498774, "interpretation": "47.5% decrease, significant (p = 0.014), large effect size (d=-1.28)"}, {"cityName": "Siegen", "timestamp": "2021-08", "value": 3.111439873464406e-05, "incidence": 75.7741935483871, "pValue": 0.549744134990962, "interpretation": "9.0% decrease, not statistically significant (p = 0.550), small effect size (d=-0.29)"}, {"cityName": "Darmstadt", "timestamp": "2021-08", "value": 3.706163261085749e-05, "incidence": 46.509677419354844, "pValue": 0.006051714676907179, "interpretation": "33.2% decrease, very significant (p < 0.01), large effect size (d=-1.40)"}, {"cityName": "Frankfurt am Main", "timestamp": "2021-08", "value": 5.9661730615930125e-05, "incidence": 59.15483870967742, "pValue": 0.007577949188525648, "interpretation": "27.8% decrease, very significant (p < 0.01), large effect size (d=-1.47)"}, {"cityName": "Offenbach am Main", "timestamp": "2021-08", "value": 5.4813942617990754e-05, "incidence": 73.10967741935484, "pValue": 0.09246778227632345, "interpretation": "25.1% decrease, not statistically significant (p = 0.092), large effect size (d=-0.87)"}, {"cityName": "Wiesbaden", "timestamp": "2021-08", "value": 3.404776604535679e-05, "incidence": 52.18709677419355, "pValue": 0.00813947923856637, "interpretation": "52.7% decrease, very significant (p < 0.01), large effect size (d=-1.59)"}, {"cityName": "Hanau", "timestamp": "2021-08", "value": 4.7372994371331653e-05, "incidence": 43.13870967741936, "pValue": 0.28662255371430323, "interpretation": "12.1% decrease, not statistically significant (p = 0.287), medium effect size (d=-0.52)"}, {"cityName": "Kassel", "timestamp": "2021-08", "value": 3.331025234527058e-05, "incidence": 46.63548387096774, "pValue": 0.0, "interpretation": "Insufficient data for this month for a statistical test."}, {"cityName": "Koblenz", "timestamp": "2021-08", "value": 3.770729138826331e-05, "incidence": 65.11935483870967, "pValue": 0.21130264580323121, "interpretation": "22.8% decrease, not statistically significant (p = 0.211), medium effect size (d=-0.61)"}, {"cityName": "Trier", "timestamp": "2021-08", "value": 3.44364729244262e-05, "incidence": 39.78387096774193, "pValue": 0.32139390226256015, "interpretation": "11.1% decrease, not statistically significant (p = 0.321), small effect size (d=-0.49)"}, {"cityName": "Kaiserslautern", "timestamp": "2021-08", "value": 3.245911256481822e-05, "incidence": 48.87419354838709, "pValue": 0.16480073752800958, "interpretation": "21.6% decrease, not statistically significant (p = 0.165), large effect size (d=-0.83)"}, {"cityName": "Ludwigshafen am Rhein", "timestamp": "2021-08", "value": 5.361849131683508e-05, "incidence": 70.21290322580644, "pValue": 0.11566698756813007, "interpretation": "33.6% decrease, not statistically significant (p = 0.116), large effect size (d=-0.80)"}, {"cityName": "Mainz", "timestamp": "2021-08", "value": 3.7778700061608106e-05, "incidence": 45.096774193548384, "pValue": 0.09595662195554527, "interpretation": "37.4% decrease, not statistically significant (p = 0.096), large effect size (d=-1.00)"}, {"cityName": "Stuttgart", "timestamp": "2021-08", "value": 3.3093816859440674e-05, "incidence": 48.064516129032256, "pValue": 0.3213431123701725, "interpretation": "22.4% decrease, not statistically significant (p = 0.321), medium effect size (d=-0.52)"}, {"cityName": "Heilbronn", "timestamp": "2021-08", "value": 3.480364749622014e-05, "incidence": 62.841935483870955, "pValue": 0.3827445004004265, "interpretation": "15.6% decrease, not statistically significant (p = 0.383), small effect size (d=-0.43)"}, {"cityName": "Karlsruhe", "timestamp": "2021-08", "value": 3.7298859873165686e-05, "incidence": 34.80322580645161, "pValue": 0.6851022253958614, "interpretation": "6.5% decrease, not statistically significant (p = 0.685), negligible effect size (d=-0.16)"}, {"cityName": "Heidelberg", "timestamp": "2021-08", "value": 4.149534996893061e-05, "incidence": 34.40645161290323, "pValue": 0.6920726556646477, "interpretation": "7.1% decrease, not statistically significant (p = 0.692), negligible effect size (d=-0.20)"}, {"cityName": "Mannheim", "timestamp": "2021-08", "value": 6.286470219492913e-05, "incidence": 54.01935483870968, "pValue": 0.06326149347697309, "interpretation": "31.3% decrease, not statistically significant (p = 0.063), large effect size (d=-0.90)"}, {"cityName": "Pforzheim", "timestamp": "2021-08", "value": 3.177093458361924e-05, "incidence": 57.41935483870967, "pValue": 0.27868593167564465, "interpretation": "11.9% decrease, not statistically significant (p = 0.279), small effect size (d=-0.42)"}, {"cityName": "Freiburg im Breisgau", "timestamp": "2021-08", "value": 2.929837986206015e-05, "incidence": 35.31612903225806, "pValue": 0.9244285672448064, "interpretation": "0.8% increase, not statistically significant (p = 0.924), negligible effect size (d=0.03)"}, {"cityName": "Reutlingen", "timestamp": "2021-08", "value": 2.7577319997362792e-05, "incidence": 33.95483870967742, "pValue": 0.6361695546029856, "interpretation": "6.9% decrease, not statistically significant (p = 0.636), small effect size (d=-0.22)"}, {"cityName": "Ulm", "timestamp": "2021-08", "value": 3.1672454880256405e-05, "incidence": 35.232258064516124, "pValue": 0.22333095718827617, "interpretation": "14.8% decrease, not statistically significant (p = 0.223), medium effect size (d=-0.68)"}, {"cityName": "Ingolstadt", "timestamp": "2021-08", "value": 3.119916558110466e-05, "incidence": 50.983870967741936, "pValue": 0.249226376844163, "interpretation": "9.5% decrease, not statistically significant (p = 0.249), medium effect size (d=-0.51)"}, {"cityName": "M\u00fcnchen", "timestamp": "2021-08", "value": 3.9829335247094816e-05, "incidence": 48.0258064516129, "pValue": 0.14763948660280493, "interpretation": "14.3% decrease, not statistically significant (p = 0.148), medium effect size (d=-0.64)"}, {"cityName": "Regensburg", "timestamp": "2021-08", "value": 3.389816265553236e-05, "incidence": 49.11612903225806, "pValue": 0.5976146910778688, "interpretation": "5.2% decrease, not statistically significant (p = 0.598), small effect size (d=-0.27)"}, {"cityName": "Erlangen", "timestamp": "2021-08", "value": 2.6594105293042958e-05, "incidence": 23.516129032258064, "pValue": 0.0952085844918167, "interpretation": "26.9% decrease, not statistically significant (p = 0.095), large effect size (d=-0.99)"}, {"cityName": "F\u00fcrth", "timestamp": "2021-08", "value": 2.547931217122823e-05, "incidence": 35.303225806451614, "pValue": 0.050784173948006564, "interpretation": "34.4% decrease, not statistically significant (p = 0.051), large effect size (d=-1.21)"}, {"cityName": "N\u00fcrnberg", "timestamp": "2021-08", "value": 3.0033424440206904e-05, "incidence": 37.954838709677425, "pValue": 0.05379187179801173, "interpretation": "27.5% decrease, not statistically significant (p = 0.054), large effect size (d=-0.99)"}, {"cityName": "W\u00fcrzburg", "timestamp": "2021-08", "value": 3.0151717510307208e-05, "incidence": 43.84516129032259, "pValue": 0.047381501805992744, "interpretation": "18.8% decrease, significant (p = 0.047), large effect size (d=-1.04)"}, {"cityName": "Augsburg", "timestamp": "2021-08", "value": 3.183660849642295e-05, "incidence": 58.84838709677419, "pValue": 0.2130847657933626, "interpretation": "16.1% decrease, not statistically significant (p = 0.213), medium effect size (d=-0.59)"}, {"cityName": "Saarbr\u00fccken", "timestamp": "2021-08", "value": 2.987480644757549e-05, "incidence": 61.72580645161291, "pValue": 0.6670903023363886, "interpretation": "5.7% decrease, not statistically significant (p = 0.667), negligible effect size (d=-0.18)"}, {"cityName": "Berlin", "timestamp": "2021-08", "value": 3.640444540395969e-05, "incidence": 0.0, "pValue": 0.038658880071206686, "interpretation": "28.3% decrease, significant (p = 0.039), large effect size (d=-0.91)"}, {"cityName": "Cottbus", "timestamp": "2021-08", "value": 3.0554685508832335e-05, "incidence": 35.664516129032265, "pValue": 0.10744736029541041, "interpretation": "40.9% decrease, not statistically significant (p = 0.107), large effect size (d=-1.05)"}, {"cityName": "Potsdam", "timestamp": "2021-08", "value": 2.8753625776837853e-05, "incidence": 25.616129032258065, "pValue": 0.22543822347744075, "interpretation": "27.3% decrease, not statistically significant (p = 0.225), medium effect size (d=-0.71)"}, {"cityName": "Rostock", "timestamp": "2021-08", "value": 3.192755817012353e-05, "incidence": 42.84838709677419, "pValue": 0.30781537383054913, "interpretation": "13.8% decrease, not statistically significant (p = 0.308), small effect size (d=-0.45)"}, {"cityName": "Chemnitz", "timestamp": "2021-08", "value": 3.167931217609382e-05, "incidence": 14.996774193548388, "pValue": 0.22295803736613742, "interpretation": "17.4% decrease, not statistically significant (p = 0.223), medium effect size (d=-0.63)"}, {"cityName": "Dresden", "timestamp": "2021-08", "value": 3.3030961640179156e-05, "incidence": 22.770967741935486, "pValue": 0.21078267482237698, "interpretation": "18.5% decrease, not statistically significant (p = 0.211), medium effect size (d=-0.60)"}, {"cityName": "Leipzig", "timestamp": "2021-08", "value": 3.7659329416997294e-05, "incidence": 18.500000000000004, "pValue": 0.6280950069466684, "interpretation": "6.6% decrease, not statistically significant (p = 0.628), small effect size (d=-0.21)"}, {"cityName": "Halle (Saale)", "timestamp": "2021-08", "value": 3.6114268975021936e-05, "incidence": 17.461290322580645, "pValue": 0.7124921395022086, "interpretation": "8.5% increase, not statistically significant (p = 0.712), small effect size (d=0.22)"}, {"cityName": "Magdeburg", "timestamp": "2021-08", "value": 3.756085521002349e-05, "incidence": 12.403225806451617, "pValue": 0.8164283107500607, "interpretation": "3.0% decrease, not statistically significant (p = 0.816), negligible effect size (d=-0.11)"}, {"cityName": "Erfurt", "timestamp": "2021-08", "value": 2.6061120343969223e-05, "incidence": 14.841935483870968, "pValue": 0.11389833535042704, "interpretation": "19.4% decrease, not statistically significant (p = 0.114), medium effect size (d=-0.79)"}, {"cityName": "Jena", "timestamp": "2021-08", "value": 2.4904480798997814e-05, "incidence": 11.17741935483871, "pValue": 0.08780417221827246, "interpretation": "32.1% decrease, not statistically significant (p = 0.088), large effect size (d=-0.97)"}]