[{"cityName": "Kiel", "timestamp": "2022-12", "value": 8.039340554248719e-05, "incidence": 265.13870967741934, "pValue": 0.5756849729268145, "interpretation": "26.8% increase, not statistically significant (p = 0.576), small effect size (d=0.30)"}, {"cityName": "L\u00fcbeck", "timestamp": "2022-12", "value": 6.119072592506807e-05, "incidence": 259.38709677419354, "pValue": 0.5203901665169031, "interpretation": "20.3% decrease, not statistically significant (p = 0.520), small effect size (d=-0.36)"}, {"cityName": "Hamburg", "timestamp": "2022-12", "value": 0.00013223066926002503, "incidence": 226.95161290322582, "pValue": 0.11322225465413994, "interpretation": "62.1% increase, not statistically significant (p = 0.113), medium effect size (d=0.71)"}, {"cityName": "Braunschweig", "timestamp": "2022-12", "value": 0.00011905026622116566, "incidence": 416.3967741935484, "pValue": 0.024127538707986184, "interpretation": "68.7% increase, significant (p = 0.024), large effect size (d=1.11)"}, {"cityName": "Salzgitter", "timestamp": "2022-12", "value": 9.545137290842832e-05, "incidence": 446.53225806451616, "pValue": 0.09754095104275226, "interpretation": "58.0% increase, not statistically significant (p = 0.098), large effect size (d=0.81)"}, {"cityName": "Wolfsburg", "timestamp": "2022-12", "value": 0.00010274810177323066, "incidence": 412.10967741935485, "pValue": 0.07315747460605038, "interpretation": "71.9% increase, not statistically significant (p = 0.073), large effect size (d=1.04)"}, {"cityName": "G\u00f6ttingen", "timestamp": "2022-12", "value": 0.00012273980038506643, "incidence": 381.5354838709677, "pValue": 0.038339626965558864, "interpretation": "82.2% increase, significant (p = 0.038), large effect size (d=1.26)"}, {"cityName": "Hannover", "timestamp": "2022-12", "value": 0.0001146120852545688, "incidence": 417.84193548387094, "pValue": 0.3638084990302868, "interpretation": "26.5% increase, not statistically significant (p = 0.364), small effect size (d=0.41)"}, {"cityName": "Hildesheim", "timestamp": "2022-12", "value": 8.519475950914271e-05, "incidence": 519.2967741935485, "pValue": 0.032370244255703444, "interpretation": "58.8% increase, significant (p = 0.032), large effect size (d=1.06)"}, {"cityName": "Oldenburg (Oldb)", "timestamp": "2022-12", "value": 6.65625324472785e-05, "incidence": 430.37096774193543, "pValue": 0.5705056480017896, "interpretation": "22.8% decrease, not statistically significant (p = 0.571), small effect size (d=-0.28)"}, {"cityName": "Osnabr\u00fcck", "timestamp": "2022-12", "value": 0.00011407531035894698, "incidence": 463.9225806451613, "pValue": 0.49127093958579693, "interpretation": "21.7% increase, not statistically significant (p = 0.491), small effect size (d=0.32)"}, {"cityName": "Bremen", "timestamp": "2022-12", "value": 0.00013250150702527312, "incidence": 382.86451612903227, "pValue": 0.2680192197343762, "interpretation": "48.5% increase, not statistically significant (p = 0.268), small effect size (d=0.47)"}, {"cityName": "Bremerhaven", "timestamp": "2022-12", "value": 8.629170978175742e-05, "incidence": 370.0709677419356, "pValue": 0.6328278307205433, "interpretation": "15.8% increase, not statistically significant (p = 0.633), small effect size (d=0.23)"}, {"cityName": "D\u00fcsseldorf", "timestamp": "2022-12", "value": 0.00022016944954308067, "incidence": 267.31612903225806, "pValue": 0.07420092147427437, "interpretation": "96.0% increase, not statistically significant (p = 0.074), large effect size (d=0.85)"}, {"cityName": "Duisburg", "timestamp": "2022-12", "value": 0.00018585393300805337, "incidence": 189.70967741935488, "pValue": 0.34868060192371875, "interpretation": "26.0% increase, not statistically significant (p = 0.349), small effect size (d=0.45)"}, {"cityName": "Essen", "timestamp": "2022-12", "value": 0.0002625979339847198, "incidence": 271.9967741935484, "pValue": 0.14857799877394848, "interpretation": "63.0% increase, not statistically significant (p = 0.149), medium effect size (d=0.68)"}, {"cityName": "Krefeld", "timestamp": "2022-12", "value": 0.00014866237492802052, "incidence": 296.6225806451614, "pValue": 0.3129795233969705, "interpretation": "34.0% increase, not statistically significant (p = 0.313), medium effect size (d=0.54)"}, {"cityName": "M\u00f6nchengladbach", "timestamp": "2022-12", "value": 0.00013923680345559944, "incidence": 356.7161290322581, "pValue": 0.6240500479074722, "interpretation": "17.6% increase, not statistically significant (p = 0.624), small effect size (d=0.24)"}, {"cityName": "M\u00fclheim an der Ruhr", "timestamp": "2022-12", "value": 0.00022140807575649687, "incidence": 279.8064516129033, "pValue": 0.07717035959210837, "interpretation": "73.2% increase, not statistically significant (p = 0.077), large effect size (d=0.94)"}, {"cityName": "Oberhausen", "timestamp": "2022-12", "value": 0.00021339207887649536, "incidence": 256.93548387096774, "pValue": 0.1251440809840192, "interpretation": "60.6% increase, not statistically significant (p = 0.125), large effect size (d=0.84)"}, {"cityName": "Remscheid", "timestamp": "2022-12", "value": 0.00015416848473250865, "incidence": 431.1322580645161, "pValue": 0.9446625837460595, "interpretation": "3.0% increase, not statistically significant (p = 0.945), negligible effect size (d=0.04)"}, {"cityName": "Solingen", "timestamp": "2022-12", "value": 0.00018908051424659789, "incidence": 408.8032258064516, "pValue": 0.3232956935211808, "interpretation": "37.6% increase, not statistically significant (p = 0.323), medium effect size (d=0.53)"}, {"cityName": "Wuppertal", "timestamp": "2022-12", "value": 0.00017175292251286683, "incidence": 389.06129032258065, "pValue": 0.32586116994575687, "interpretation": "34.8% increase, not statistically significant (p = 0.326), medium effect size (d=0.51)"}, {"cityName": "Neuss", "timestamp": "2022-12", "value": 0.00013997711357660592, "incidence": 277.5096774193549, "pValue": 0.8553177512609684, "interpretation": "6.1% decrease, not statistically significant (p = 0.855), negligible effect size (d=-0.09)"}, {"cityName": "Moers", "timestamp": "2022-12", "value": 0.00015163025818765163, "incidence": 342.55806451612904, "pValue": 0.7007792720795383, "interpretation": "14.7% increase, not statistically significant (p = 0.701), small effect size (d=0.20)"}, {"cityName": "Bonn", "timestamp": "2022-12", "value": 0.00011749499985440211, "incidence": 200.03225806451616, "pValue": 0.14185874704907864, "interpretation": "64.9% increase, not statistically significant (p = 0.142), large effect size (d=0.91)"}, {"cityName": "K\u00f6ln", "timestamp": "2022-12", "value": 0.0001934256482248505, "incidence": 285.5387096774194, "pValue": 0.25338127936708954, "interpretation": "40.2% increase, not statistically significant (p = 0.253), medium effect size (d=0.54)"}, {"cityName": "Leverkusen", "timestamp": "2022-12", "value": 0.00019367811425278583, "incidence": 314.6967741935484, "pValue": 0.11170047377322323, "interpretation": "58.5% increase, not statistically significant (p = 0.112), large effect size (d=0.88)"}, {"cityName": "Aachen", "timestamp": "2022-12", "value": 7.430933704920884e-05, "incidence": 389.98709677419356, "pValue": 0.17325154515274066, "interpretation": "62.5% increase, not statistically significant (p = 0.173), medium effect size (d=0.60)"}, {"cityName": "Bergisch Gladbach", "timestamp": "2022-12", "value": 0.00016511777149779455, "incidence": 344.7193548387096, "pValue": 0.0407278689578326, "interpretation": "74.1% increase, significant (p = 0.041), large effect size (d=1.18)"}, {"cityName": "Bottrop", "timestamp": "2022-12", "value": 0.00020723135265357355, "incidence": 270.18709677419355, "pValue": 0.7309393223638538, "interpretation": "11.3% increase, not statistically significant (p = 0.731), negligible effect size (d=0.16)"}, {"cityName": "Gelsenkirchen", "timestamp": "2022-12", "value": 0.0002755321945775958, "incidence": 301.0, "pValue": 0.1335433797391701, "interpretation": "67.0% increase, not statistically significant (p = 0.134), medium effect size (d=0.72)"}, {"cityName": "M\u00fcnster", "timestamp": "2022-12", "value": 0.00012745123291224764, "incidence": 301.3709677419355, "pValue": 0.24013617798818318, "interpretation": "60.4% increase, not statistically significant (p = 0.240), medium effect size (d=0.53)"}, {"cityName": "Recklinghausen", "timestamp": "2022-12", "value": 0.00027254829183220863, "incidence": 279.6322580645161, "pValue": 0.08572417539967692, "interpretation": "114.9% increase, not statistically significant (p = 0.086), large effect size (d=0.89)"}, {"cityName": "Bielefeld", "timestamp": "2022-12", "value": 0.0001403399413296332, "incidence": 383.6677419354838, "pValue": 0.050721608938210615, "interpretation": "53.1% increase, not statistically significant (p = 0.051), large effect size (d=1.08)"}, {"cityName": "G\u00fctersloh", "timestamp": "2022-12", "value": 0.0001177353085950017, "incidence": 295.4483870967742, "pValue": 0.2868114167075062, "interpretation": "34.6% increase, not statistically significant (p = 0.287), medium effect size (d=0.60)"}, {"cityName": "Paderborn", "timestamp": "2022-12", "value": 0.00012180997028706535, "incidence": 225.93870967741933, "pValue": 0.1557555696146701, "interpretation": "48.5% increase, not statistically significant (p = 0.156), medium effect size (d=0.76)"}, {"cityName": "Bochum", "timestamp": "2022-12", "value": 0.00024859659606590867, "incidence": 327.1, "pValue": 0.10174151674987192, "interpretation": "73.0% increase, not statistically significant (p = 0.102), large effect size (d=0.82)"}, {"cityName": "Dortmund", "timestamp": "2022-12", "value": 0.00021383944241439595, "incidence": 291.4903225806451, "pValue": 0.09186656684308332, "interpretation": "65.9% increase, not statistically significant (p = 0.092), large effect size (d=0.83)"}, {"cityName": "Hagen", "timestamp": "2022-12", "value": 0.00012893680129842511, "incidence": 354.7451612903226, "pValue": 0.48637195304492664, "interpretation": "20.5% increase, not statistically significant (p = 0.486), small effect size (d=0.35)"}, {"cityName": "Hamm", "timestamp": "2022-12", "value": 0.00012007273644918488, "incidence": 317.4806451612903, "pValue": 0.6056146883314384, "interpretation": "15.4% increase, not statistically significant (p = 0.606), small effect size (d=0.22)"}, {"cityName": "Herne", "timestamp": "2022-12", "value": 0.00025971829891204836, "incidence": 333.69677419354844, "pValue": 0.3068112955666263, "interpretation": "46.0% increase, not statistically significant (p = 0.307), medium effect size (d=0.51)"}, {"cityName": "Siegen", "timestamp": "2022-12", "value": 8.475043578073382e-05, "incidence": 289.24838709677414, "pValue": 0.4185963092987187, "interpretation": "30.7% increase, not statistically significant (p = 0.419), small effect size (d=0.45)"}, {"cityName": "Darmstadt", "timestamp": "2022-12", "value": 0.00011997612785886635, "incidence": 241.20645161290318, "pValue": 0.6774774485574322, "interpretation": "11.2% increase, not statistically significant (p = 0.677), negligible effect size (d=0.19)"}, {"cityName": "Frankfurt am Main", "timestamp": "2022-12", "value": 0.00012090882625092159, "incidence": 147.62580645161296, "pValue": 0.8818487662869495, "interpretation": "4.3% decrease, not statistically significant (p = 0.882), negligible effect size (d=-0.08)"}, {"cityName": "Offenbach am Main", "timestamp": "2022-12", "value": 0.0001083454963835803, "incidence": 136.3483870967742, "pValue": 0.8137172588677479, "interpretation": "6.7% increase, not statistically significant (p = 0.814), negligible effect size (d=0.11)"}, {"cityName": "Wiesbaden", "timestamp": "2022-12", "value": 9.927064982346362e-05, "incidence": 203.64193548387095, "pValue": 0.24813719722230074, "interpretation": "59.7% increase, not statistically significant (p = 0.248), medium effect size (d=0.57)"}, {"cityName": "Hanau", "timestamp": "2022-12", "value": 0.00010708455318728319, "incidence": 229.84516129032258, "pValue": 0.30472852592066463, "interpretation": "28.3% increase, not statistically significant (p = 0.305), small effect size (d=0.47)"}, {"cityName": "Kassel", "timestamp": "2022-12", "value": 8.00604013622635e-05, "incidence": 172.58064516129036, "pValue": 0.5464153028731773, "interpretation": "20.8% increase, not statistically significant (p = 0.546), small effect size (d=0.33)"}, {"cityName": "Koblenz", "timestamp": "2022-12", "value": 6.848011010636886e-05, "incidence": 228.49677419354836, "pValue": 0.6408343901942517, "interpretation": "14.2% decrease, not statistically significant (p = 0.641), small effect size (d=-0.27)"}, {"cityName": "Trier", "timestamp": "2022-12", "value": 7.698677363805473e-05, "incidence": 193.1516129032258, "pValue": 0.5220142693445902, "interpretation": "12.7% decrease, not statistically significant (p = 0.522), small effect size (d=-0.31)"}, {"cityName": "Kaiserslautern", "timestamp": "2022-12", "value": 8.744282576327141e-05, "incidence": 186.45161290322582, "pValue": 0.8275087132938801, "interpretation": "5.4% increase, not statistically significant (p = 0.828), negligible effect size (d=0.10)"}, {"cityName": "Ludwigshafen am Rhein", "timestamp": "2022-12", "value": 0.00011604746881251533, "incidence": 138.11612903225804, "pValue": 0.8476875975303091, "interpretation": "8.3% decrease, not statistically significant (p = 0.848), negligible effect size (d=-0.10)"}, {"cityName": "Mainz", "timestamp": "2022-12", "value": 0.00010531993029871956, "incidence": 178.06451612903223, "pValue": 0.8777217162644427, "interpretation": "7.1% increase, not statistically significant (p = 0.878), negligible effect size (d=0.08)"}, {"cityName": "Stuttgart", "timestamp": "2022-12", "value": 7.813375365609924e-05, "incidence": 112.58064516129032, "pValue": 0.11627388279523786, "interpretation": "41.6% decrease, not statistically significant (p = 0.116), large effect size (d=-0.85)"}, {"cityName": "Heilbronn", "timestamp": "2022-12", "value": 4.808885730906493e-05, "incidence": 113.50645161290323, "pValue": 0.03946891758095833, "interpretation": "52.0% decrease, significant (p = 0.039), large effect size (d=-1.08)"}, {"cityName": "Karlsruhe", "timestamp": "2022-12", "value": 5.837624194100499e-05, "incidence": 161.23225806451615, "pValue": 0.04926828046664729, "interpretation": "41.8% decrease, significant (p = 0.049), large effect size (d=-0.89)"}, {"cityName": "Heidelberg", "timestamp": "2022-12", "value": 7.501404462872367e-05, "incidence": 182.13225806451615, "pValue": 0.44323892205921633, "interpretation": "25.8% decrease, not statistically significant (p = 0.443), small effect size (d=-0.43)"}, {"cityName": "Mannheim", "timestamp": "2022-12", "value": 0.00013446416705846785, "incidence": 154.89354838709679, "pValue": 0.80442198300752, "interpretation": "10.2% decrease, not statistically significant (p = 0.804), negligible effect size (d=-0.13)"}, {"cityName": "Pforzheim", "timestamp": "2022-12", "value": 4.072275219692124e-05, "incidence": 171.2967741935484, "pValue": 0.2166747046028516, "interpretation": "39.5% decrease, not statistically significant (p = 0.217), medium effect size (d=-0.65)"}, {"cityName": "Freiburg im Breisgau", "timestamp": "2022-12", "value": 3.922979899302677e-05, "incidence": 208.1741935483871, "pValue": 0.12505477627568123, "interpretation": "51.3% decrease, not statistically significant (p = 0.125), medium effect size (d=-0.79)"}, {"cityName": "Reutlingen", "timestamp": "2022-12", "value": 2.844789378286805e-05, "incidence": 142.78387096774196, "pValue": 0.01118725372991165, "interpretation": "58.0% decrease, significant (p = 0.011), large effect size (d=-1.48)"}, {"cityName": "Ulm", "timestamp": "2022-12", "value": 2.737009689505947e-05, "incidence": 165.24193548387098, "pValue": 0.08484295433061052, "interpretation": "63.4% decrease, not statistically significant (p = 0.085), large effect size (d=-0.92)"}, {"cityName": "Ingolstadt", "timestamp": "2022-12", "value": 3.548056944661463e-05, "incidence": 125.23225806451612, "pValue": 0.01034849647660582, "interpretation": "60.4% decrease, significant (p = 0.010), large effect size (d=-1.49)"}, {"cityName": "M\u00fcnchen", "timestamp": "2022-12", "value": 3.957484239855638e-05, "incidence": 119.73548387096774, "pValue": 0.10012371961320146, "interpretation": "49.6% decrease, not statistically significant (p = 0.100), medium effect size (d=-0.78)"}, {"cityName": "Regensburg", "timestamp": "2022-12", "value": 5.1979379107554755e-05, "incidence": 117.84516129032257, "pValue": 0.14678619114291414, "interpretation": "36.0% decrease, not statistically significant (p = 0.147), large effect size (d=-0.81)"}, {"cityName": "Erlangen", "timestamp": "2022-12", "value": 6.891381677373179e-05, "incidence": 149.10645161290321, "pValue": 0.804608760892441, "interpretation": "11.1% increase, not statistically significant (p = 0.805), negligible effect size (d=0.14)"}, {"cityName": "F\u00fcrth", "timestamp": "2022-12", "value": 5.9607048751786354e-05, "incidence": 146.9, "pValue": 0.9230505693035889, "interpretation": "5.0% increase, not statistically significant (p = 0.923), negligible effect size (d=0.05)"}, {"cityName": "N\u00fcrnberg", "timestamp": "2022-12", "value": 5.563523154705763e-05, "incidence": 135.5225806451613, "pValue": 0.24573932525175124, "interpretation": "30.5% decrease, not statistically significant (p = 0.246), medium effect size (d=-0.61)"}, {"cityName": "W\u00fcrzburg", "timestamp": "2022-12", "value": 6.096552897361107e-05, "incidence": 186.66774193548386, "pValue": 0.4265813694089303, "interpretation": "26.0% decrease, not statistically significant (p = 0.427), small effect size (d=-0.37)"}, {"cityName": "Augsburg", "timestamp": "2022-12", "value": 3.5817251325799866e-05, "incidence": 122.31612903225806, "pValue": 0.3139830251505861, "interpretation": "32.5% decrease, not statistically significant (p = 0.314), small effect size (d=-0.49)"}, {"cityName": "Saarbr\u00fccken", "timestamp": "2022-12", "value": 7.775660293797652e-05, "incidence": 201.84193548387094, "pValue": 0.6881829630897693, "interpretation": "12.0% decrease, not statistically significant (p = 0.688), negligible effect size (d=-0.20)"}, {"cityName": "Berlin", "timestamp": "2022-12", "value": 7.54763803830961e-05, "incidence": 0.0, "pValue": 0.9218949762136786, "interpretation": "3.6% decrease, not statistically significant (p = 0.922), negligible effect size (d=-0.05)"}, {"cityName": "Cottbus", "timestamp": "2022-12", "value": 3.490650739807349e-05, "incidence": 405.7354838709677, "pValue": 0.4076669636832625, "interpretation": "34.6% decrease, not statistically significant (p = 0.408), small effect size (d=-0.48)"}, {"cityName": "Potsdam", "timestamp": "2022-12", "value": 7.468664005179616e-05, "incidence": 306.6483870967742, "pValue": 0.6470794210139519, "interpretation": "21.0% increase, not statistically significant (p = 0.647), small effect size (d=0.24)"}, {"cityName": "Rostock", "timestamp": "2022-12", "value": 4.531855158733599e-05, "incidence": 350.1935483870968, "pValue": 0.47249247914792647, "interpretation": "22.5% decrease, not statistically significant (p = 0.472), small effect size (d=-0.36)"}, {"cityName": "Chemnitz", "timestamp": "2022-12", "value": 2.6358172252047353e-05, "incidence": 169.52580645161288, "pValue": 0.4125829529987243, "interpretation": "29.8% decrease, not statistically significant (p = 0.413), small effect size (d=-0.49)"}, {"cityName": "Dresden", "timestamp": "2022-12", "value": 4.274369302121076e-05, "incidence": 212.37419354838704, "pValue": 0.46668224604921027, "interpretation": "22.8% decrease, not statistically significant (p = 0.467), small effect size (d=-0.44)"}, {"cityName": "Leipzig", "timestamp": "2022-12", "value": 4.2723838751222574e-05, "incidence": 225.49354838709675, "pValue": 0.07349744439922472, "interpretation": "39.2% decrease, not statistically significant (p = 0.073), large effect size (d=-1.06)"}, {"cityName": "Halle (Saale)", "timestamp": "2022-12", "value": 4.2523626082887254e-05, "incidence": 237.4032258064516, "pValue": 0.8517822680249696, "interpretation": "5.3% decrease, not statistically significant (p = 0.852), negligible effect size (d=-0.11)"}, {"cityName": "Magdeburg", "timestamp": "2022-12", "value": 8.733419848507957e-05, "incidence": 152.41612903225808, "pValue": 0.05128747308093954, "interpretation": "94.5% increase, not statistically significant (p = 0.051), large effect size (d=1.05)"}, {"cityName": "Erfurt", "timestamp": "2022-12", "value": 5.049537371923315e-05, "incidence": 130.81612903225803, "pValue": 0.9629974673110766, "interpretation": "1.4% decrease, not statistically significant (p = 0.963), negligible effect size (d=-0.03)"}, {"cityName": "Jena", "timestamp": "2022-12", "value": 3.2114802807983426e-05, "incidence": 160.46451612903223, "pValue": 0.42129840808861807, "interpretation": "29.6% decrease, not statistically significant (p = 0.421), medium effect size (d=-0.57)"}]