[{"cityName": "Kiel", "timestamp": "2021-09", "value": 3.873010809045463e-05, "incidence": 65.94666666666667, "pValue": 0.39537279964029026, "interpretation": "15.6% increase, not statistically significant (p = 0.395), small effect size (d=0.41)"}, {"cityName": "L\u00fcbeck", "timestamp": "2021-09", "value": 3.4322800476931865e-05, "incidence": 46.230000000000004, "pValue": 0.20139024524908467, "interpretation": "21.6% decrease, not statistically significant (p = 0.201), medium effect size (d=-0.76)"}, {"cityName": "Hamburg", "timestamp": "2021-09", "value": 5.94899610236839e-05, "incidence": 75.99666666666668, "pValue": 0.7610452491020356, "interpretation": "5.7% increase, not statistically significant (p = 0.761), negligible effect size (d=0.13)"}, {"cityName": "Braunschweig", "timestamp": "2021-09", "value": 4.6840550460140494e-05, "incidence": 57.31000000000001, "pValue": 0.15435487524576305, "interpretation": "16.9% decrease, not statistically significant (p = 0.154), medium effect size (d=-0.62)"}, {"cityName": "Salzgitter", "timestamp": "2021-09", "value": 4.747129860334098e-05, "incidence": 154.0266666666667, "pValue": 0.17727794950569384, "interpretation": "11.4% decrease, not statistically significant (p = 0.177), medium effect size (d=-0.55)"}, {"cityName": "Wolfsburg", "timestamp": "2021-09", "value": 4.622771245378413e-05, "incidence": 88.4366666666667, "pValue": 0.06273872241590123, "interpretation": "28.0% decrease, not statistically significant (p = 0.063), large effect size (d=-0.94)"}, {"cityName": "G\u00f6ttingen", "timestamp": "2021-09", "value": 3.8428719909418197e-05, "incidence": 44.629999999999995, "pValue": 0.08853665142398759, "interpretation": "22.8% decrease, not statistically significant (p = 0.089), medium effect size (d=-0.78)"}, {"cityName": "Hannover", "timestamp": "2021-09", "value": 5.399295447492286e-05, "incidence": 91.18333333333337, "pValue": 0.07901283364161342, "interpretation": "22.6% decrease, not statistically significant (p = 0.079), large effect size (d=-0.80)"}, {"cityName": "Hildesheim", "timestamp": "2021-09", "value": 4.690242862767156e-05, "incidence": 89.91333333333333, "pValue": 0.747197493709849, "interpretation": "4.8% decrease, not statistically significant (p = 0.747), negligible effect size (d=-0.14)"}, {"cityName": "Oldenburg (Oldb)", "timestamp": "2021-09", "value": 4.1257363045588134e-05, "incidence": 67.55333333333334, "pValue": 0.7258163330789844, "interpretation": "5.4% decrease, not statistically significant (p = 0.726), negligible effect size (d=-0.16)"}, {"cityName": "Osnabr\u00fcck", "timestamp": "2021-09", "value": 5.683103914965283e-05, "incidence": 73.81333333333333, "pValue": 0.6349227911669966, "interpretation": "7.8% decrease, not statistically significant (p = 0.635), negligible effect size (d=-0.19)"}, {"cityName": "Bremen", "timestamp": "2021-09", "value": 5.7934829201854645e-05, "incidence": 91.83333333333334, "pValue": 0.3643229961196285, "interpretation": "19.8% increase, not statistically significant (p = 0.364), small effect size (d=0.39)"}, {"cityName": "Bremerhaven", "timestamp": "2021-09", "value": 4.856617306359112e-05, "incidence": 214.55, "pValue": 0.09362329240259527, "interpretation": "46.9% increase, not statistically significant (p = 0.094), large effect size (d=0.90)"}, {"cityName": "D\u00fcsseldorf", "timestamp": "2021-09", "value": 0.0001232608380477603, "incidence": 115.13333333333331, "pValue": 0.45093517180113274, "interpretation": "12.4% increase, not statistically significant (p = 0.451), small effect size (d=0.29)"}, {"cityName": "Duisburg", "timestamp": "2021-09", "value": 0.00013969136545291313, "incidence": 108.61333333333333, "pValue": 0.5381801387130065, "interpretation": "9.4% increase, not statistically significant (p = 0.538), small effect size (d=0.24)"}, {"cityName": "Essen", "timestamp": "2021-09", "value": 0.00011512549976125742, "incidence": 108.25666666666666, "pValue": 0.9588971954759098, "interpretation": "0.7% decrease, not statistically significant (p = 0.959), negligible effect size (d=-0.02)"}, {"cityName": "Krefeld", "timestamp": "2021-09", "value": 0.00014405629525964076, "incidence": 95.86, "pValue": 0.5566351370376139, "interpretation": "12.2% increase, not statistically significant (p = 0.557), small effect size (d=0.24)"}, {"cityName": "M\u00f6nchengladbach", "timestamp": "2021-09", "value": 0.00013728243909005462, "incidence": 102.68666666666667, "pValue": 0.11814908975619323, "interpretation": "29.6% increase, not statistically significant (p = 0.118), medium effect size (d=0.60)"}, {"cityName": "M\u00fclheim an der Ruhr", "timestamp": "2021-09", "value": 0.0001147883271591531, "incidence": 96.57000000000001, "pValue": 0.7651058005078804, "interpretation": "4.4% decrease, not statistically significant (p = 0.765), negligible effect size (d=-0.14)"}, {"cityName": "Oberhausen", "timestamp": "2021-09", "value": 0.00013278653988471397, "incidence": 107.61, "pValue": 0.5314893804600449, "interpretation": "9.6% decrease, not statistically significant (p = 0.531), small effect size (d=-0.28)"}, {"cityName": "Remscheid", "timestamp": "2021-09", "value": 7.291149037579696e-05, "incidence": 87.49333333333335, "pValue": 0.9723840156364437, "interpretation": "0.8% increase, not statistically significant (p = 0.972), negligible effect size (d=0.02)"}, {"cityName": "Solingen", "timestamp": "2021-09", "value": 8.454345515929163e-05, "incidence": 84.08333333333336, "pValue": 0.7868872169641592, "interpretation": "7.1% increase, not statistically significant (p = 0.787), negligible effect size (d=0.12)"}, {"cityName": "Wuppertal", "timestamp": "2021-09", "value": 8.165029187997182e-05, "incidence": 167.86666666666667, "pValue": 0.6148855463709917, "interpretation": "9.0% decrease, not statistically significant (p = 0.615), small effect size (d=-0.22)"}, {"cityName": "Neuss", "timestamp": "2021-09", "value": 0.00014887010911479592, "incidence": 91.43333333333335, "pValue": 0.23074970726516078, "interpretation": "28.4% increase, not statistically significant (p = 0.231), medium effect size (d=0.53)"}, {"cityName": "Moers", "timestamp": "2021-09", "value": 0.000162373945516135, "incidence": 52.599999999999994, "pValue": 0.2929305817931241, "interpretation": "25.5% increase, not statistically significant (p = 0.293), small effect size (d=0.45)"}, {"cityName": "Bonn", "timestamp": "2021-09", "value": 6.333788306537e-05, "incidence": 109.84333333333333, "pValue": 0.021130881686626215, "interpretation": "32.0% decrease, significant (p = 0.021), large effect size (d=-1.04)"}, {"cityName": "K\u00f6ln", "timestamp": "2021-09", "value": 0.00011178400988380115, "incidence": 100.04333333333334, "pValue": 0.7761625052090004, "interpretation": "7.7% increase, not statistically significant (p = 0.776), negligible effect size (d=0.11)"}, {"cityName": "Leverkusen", "timestamp": "2021-09", "value": 0.00011748044441143672, "incidence": 157.60333333333332, "pValue": 0.8689706344133683, "interpretation": "5.4% increase, not statistically significant (p = 0.869), negligible effect size (d=0.07)"}, {"cityName": "Aachen", "timestamp": "2021-09", "value": 7.829777414685693e-05, "incidence": 70.18, "pValue": 0.12018362629656522, "interpretation": "33.9% increase, not statistically significant (p = 0.120), medium effect size (d=0.61)"}, {"cityName": "Bergisch Gladbach", "timestamp": "2021-09", "value": 8.23998125270009e-05, "incidence": 57.28666666666666, "pValue": 0.6120272565541447, "interpretation": "18.6% decrease, not statistically significant (p = 0.612), small effect size (d=-0.23)"}, {"cityName": "Bottrop", "timestamp": "2021-09", "value": 0.00011827369384905872, "incidence": 88.08333333333333, "pValue": 0.5259676786045822, "interpretation": "10.1% decrease, not statistically significant (p = 0.526), small effect size (d=-0.26)"}, {"cityName": "Gelsenkirchen", "timestamp": "2021-09", "value": 0.00012303921667968526, "incidence": 122.47999999999999, "pValue": 0.7698785982753424, "interpretation": "4.7% decrease, not statistically significant (p = 0.770), negligible effect size (d=-0.12)"}, {"cityName": "M\u00fcnster", "timestamp": "2021-09", "value": 5.44125295914056e-05, "incidence": 58.30999999999999, "pValue": 0.2174202680489229, "interpretation": "20.3% decrease, not statistically significant (p = 0.217), small effect size (d=-0.49)"}, {"cityName": "Recklinghausen", "timestamp": "2021-09", "value": 0.00010105374699028638, "incidence": 83.1, "pValue": 0.35061878114693656, "interpretation": "22.9% decrease, not statistically significant (p = 0.351), small effect size (d=-0.41)"}, {"cityName": "Bielefeld", "timestamp": "2021-09", "value": 5.361118140475204e-05, "incidence": 115.82333333333334, "pValue": 0.15337558680079796, "interpretation": "24.7% decrease, not statistically significant (p = 0.153), medium effect size (d=-0.58)"}, {"cityName": "G\u00fctersloh", "timestamp": "2021-09", "value": 5.148093914613128e-05, "incidence": 91.27666666666669, "pValue": 0.08029340755501968, "interpretation": "28.1% decrease, not statistically significant (p = 0.080), medium effect size (d=-0.75)"}, {"cityName": "Paderborn", "timestamp": "2021-09", "value": 4.221549287678734e-05, "incidence": 82.85333333333332, "pValue": 0.057996300161153674, "interpretation": "28.5% decrease, not statistically significant (p = 0.058), large effect size (d=-0.82)"}, {"cityName": "Bochum", "timestamp": "2021-09", "value": 0.00010099811091398199, "incidence": 91.33666666666667, "pValue": 0.5145477927035335, "interpretation": "12.4% decrease, not statistically significant (p = 0.515), small effect size (d=-0.32)"}, {"cityName": "Dortmund", "timestamp": "2021-09", "value": 8.14715327293265e-05, "incidence": 99.30333333333333, "pValue": 0.285614859610188, "interpretation": "17.3% decrease, not statistically significant (p = 0.286), small effect size (d=-0.48)"}, {"cityName": "Hagen", "timestamp": "2021-09", "value": 6.821841515343764e-05, "incidence": 131.10666666666665, "pValue": 0.16202741879555704, "interpretation": "22.2% decrease, not statistically significant (p = 0.162), medium effect size (d=-0.64)"}, {"cityName": "Hamm", "timestamp": "2021-09", "value": 5.864254975070556e-05, "incidence": 115.77, "pValue": 0.01896628150178332, "interpretation": "38.4% decrease, significant (p = 0.019), large effect size (d=-0.99)"}, {"cityName": "Herne", "timestamp": "2021-09", "value": 0.00011658525327220559, "incidence": 98.32666666666665, "pValue": 0.5279032106639177, "interpretation": "10.8% increase, not statistically significant (p = 0.528), small effect size (d=0.29)"}, {"cityName": "Siegen", "timestamp": "2021-09", "value": 4.406180523801595e-05, "incidence": 105.15333333333336, "pValue": 0.2277471019771731, "interpretation": "15.2% decrease, not statistically significant (p = 0.228), medium effect size (d=-0.58)"}, {"cityName": "Darmstadt", "timestamp": "2021-09", "value": 5.655737847767093e-05, "incidence": 95.61999999999999, "pValue": 0.0003140732323949767, "interpretation": "31.3% decrease, highly significant (p < 0.001), large effect size (d=-1.51)"}, {"cityName": "Frankfurt am Main", "timestamp": "2021-09", "value": 8.587267207489772e-05, "incidence": 123.6133333333333, "pValue": 0.07375004873903965, "interpretation": "21.4% decrease, not statistically significant (p = 0.074), medium effect size (d=-0.67)"}, {"cityName": "Offenbach am Main", "timestamp": "2021-09", "value": 7.27390552955595e-05, "incidence": 200.17333333333332, "pValue": 0.025382140004505525, "interpretation": "24.6% decrease, significant (p = 0.025), large effect size (d=-0.91)"}, {"cityName": "Wiesbaden", "timestamp": "2021-09", "value": 6.598609939424528e-05, "incidence": 104.96999999999998, "pValue": 0.10666680682384892, "interpretation": "19.2% decrease, not statistically significant (p = 0.107), medium effect size (d=-0.63)"}, {"cityName": "Hanau", "timestamp": "2021-09", "value": 6.189726543827698e-05, "incidence": 103.56999999999998, "pValue": 0.04449287035101335, "interpretation": "23.3% decrease, significant (p = 0.044), large effect size (d=-0.82)"}, {"cityName": "Kassel", "timestamp": "2021-09", "value": 4.425611243479782e-05, "incidence": 109.85333333333331, "pValue": 0.04428404925810794, "interpretation": "27.7% decrease, significant (p = 0.044), large effect size (d=-0.94)"}, {"cityName": "Koblenz", "timestamp": "2021-09", "value": 5.342901891304387e-05, "incidence": 79.57333333333331, "pValue": 0.02320771942935895, "interpretation": "21.6% decrease, significant (p = 0.023), large effect size (d=-0.97)"}, {"cityName": "Trier", "timestamp": "2021-09", "value": 4.704267776105553e-05, "incidence": 57.519999999999996, "pValue": 0.20200174842048257, "interpretation": "8.9% decrease, not statistically significant (p = 0.202), medium effect size (d=-0.53)"}, {"cityName": "Kaiserslautern", "timestamp": "2021-09", "value": 4.873087164014578e-05, "incidence": 86.72999999999999, "pValue": 0.19005829222707815, "interpretation": "13.4% decrease, not statistically significant (p = 0.190), medium effect size (d=-0.55)"}, {"cityName": "Ludwigshafen am Rhein", "timestamp": "2021-09", "value": 8.424365660175681e-05, "incidence": 164.54, "pValue": 0.6631088295676381, "interpretation": "6.0% decrease, not statistically significant (p = 0.663), negligible effect size (d=-0.16)"}, {"cityName": "Mainz", "timestamp": "2021-09", "value": 6.322364788502455e-05, "incidence": 97.50666666666666, "pValue": 0.07713459665101637, "interpretation": "19.5% decrease, not statistically significant (p = 0.077), medium effect size (d=-0.65)"}, {"cityName": "Stuttgart", "timestamp": "2021-09", "value": 5.255704875000649e-05, "incidence": 109.24999999999999, "pValue": 0.005780677380738386, "interpretation": "24.8% decrease, very significant (p < 0.01), large effect size (d=-1.19)"}, {"cityName": "Heilbronn", "timestamp": "2021-09", "value": 4.8421682246650256e-05, "incidence": 136.22333333333333, "pValue": 0.09195599766247409, "interpretation": "18.5% decrease, not statistically significant (p = 0.092), medium effect size (d=-0.71)"}, {"cityName": "Karlsruhe", "timestamp": "2021-09", "value": 5.754516071950396e-05, "incidence": 71.00666666666669, "pValue": 0.05903497358690716, "interpretation": "20.0% decrease, not statistically significant (p = 0.059), medium effect size (d=-0.73)"}, {"cityName": "Heidelberg", "timestamp": "2021-09", "value": 5.429131469052089e-05, "incidence": 60.55333333333333, "pValue": 0.5891223494677897, "interpretation": "7.4% decrease, not statistically significant (p = 0.589), small effect size (d=-0.21)"}, {"cityName": "Mannheim", "timestamp": "2021-09", "value": 7.852267473936081e-05, "incidence": 125.48, "pValue": 0.18396627329887538, "interpretation": "16.5% decrease, not statistically significant (p = 0.184), medium effect size (d=-0.51)"}, {"cityName": "Pforzheim", "timestamp": "2021-09", "value": 4.593300400301814e-05, "incidence": 154.99999999999997, "pValue": 0.04051716861752911, "interpretation": "23.7% decrease, significant (p = 0.041), large effect size (d=-0.83)"}, {"cityName": "Freiburg im Breisgau", "timestamp": "2021-09", "value": 3.674269343415896e-05, "incidence": 81.31333333333333, "pValue": 0.07757777754844276, "interpretation": "19.5% decrease, not statistically significant (p = 0.078), medium effect size (d=-0.68)"}, {"cityName": "Reutlingen", "timestamp": "2021-09", "value": 3.8815647712908685e-05, "incidence": 98.00999999999999, "pValue": 0.045728785891982995, "interpretation": "17.7% decrease, significant (p = 0.046), large effect size (d=-0.83)"}, {"cityName": "Ulm", "timestamp": "2021-09", "value": 4.340862965603408e-05, "incidence": 90.1366666666667, "pValue": 0.0935752081475709, "interpretation": "18.9% decrease, not statistically significant (p = 0.094), medium effect size (d=-0.64)"}, {"cityName": "Ingolstadt", "timestamp": "2021-09", "value": 4.330758626262347e-05, "incidence": 145.62666666666667, "pValue": 0.19935301350420265, "interpretation": "12.3% decrease, not statistically significant (p = 0.199), medium effect size (d=-0.51)"}, {"cityName": "M\u00fcnchen", "timestamp": "2021-09", "value": 4.781511737606846e-05, "incidence": 118.95999999999998, "pValue": 0.06386995157902109, "interpretation": "20.5% decrease, not statistically significant (p = 0.064), medium effect size (d=-0.77)"}, {"cityName": "Regensburg", "timestamp": "2021-09", "value": 4.6396969507137936e-05, "incidence": 93.51333333333336, "pValue": 0.9537047569511627, "interpretation": "0.8% decrease, not statistically significant (p = 0.954), negligible effect size (d=-0.03)"}, {"cityName": "Erlangen", "timestamp": "2021-09", "value": 4.303010895715228e-05, "incidence": 65.60333333333332, "pValue": 0.9132098783845484, "interpretation": "1.4% decrease, not statistically significant (p = 0.913), negligible effect size (d=-0.05)"}, {"cityName": "F\u00fcrth", "timestamp": "2021-09", "value": 4.337886930443347e-05, "incidence": 95.66666666666666, "pValue": 0.44747472606390926, "interpretation": "7.0% decrease, not statistically significant (p = 0.447), small effect size (d=-0.33)"}, {"cityName": "N\u00fcrnberg", "timestamp": "2021-09", "value": 4.2894802225584335e-05, "incidence": 109.94, "pValue": 0.031519218345337455, "interpretation": "23.6% decrease, significant (p = 0.032), large effect size (d=-0.99)"}, {"cityName": "W\u00fcrzburg", "timestamp": "2021-09", "value": 4.0588060073787346e-05, "incidence": 94.17666666666668, "pValue": 0.011076330081674912, "interpretation": "22.3% decrease, significant (p = 0.011), large effect size (d=-1.06)"}, {"cityName": "Augsburg", "timestamp": "2021-09", "value": 3.9526677797906675e-05, "incidence": 138.14333333333335, "pValue": 0.01819009256492378, "interpretation": "31.0% decrease, significant (p = 0.018), large effect size (d=-1.04)"}, {"cityName": "Saarbr\u00fccken", "timestamp": "2021-09", "value": 3.967550195132693e-05, "incidence": 86.73, "pValue": 0.03000558276997468, "interpretation": "22.4% decrease, significant (p = 0.030), large effect size (d=-0.87)"}, {"cityName": "Berlin", "timestamp": "2021-09", "value": 4.8927389221583926e-05, "incidence": 0.0, "pValue": 0.998333946686625, "interpretation": "0.0% increase, not statistically significant (p = 0.998), negligible effect size (d=0.00)"}, {"cityName": "Cottbus", "timestamp": "2021-09", "value": 4.3781169761831945e-05, "incidence": 74.76333333333335, "pValue": 0.19222055356682696, "interpretation": "12.9% decrease, not statistically significant (p = 0.192), medium effect size (d=-0.64)"}, {"cityName": "Potsdam", "timestamp": "2021-09", "value": 4.123055430896142e-05, "incidence": 50.95666666666666, "pValue": 0.8078903006994578, "interpretation": "2.7% decrease, not statistically significant (p = 0.808), negligible effect size (d=-0.13)"}, {"cityName": "Rostock", "timestamp": "2021-09", "value": 3.9975663336614765e-05, "incidence": 43.263333333333335, "pValue": 0.43075114658391145, "interpretation": "15.2% increase, not statistically significant (p = 0.431), small effect size (d=0.46)"}, {"cityName": "Chemnitz", "timestamp": "2021-09", "value": 4.157641470977446e-05, "incidence": 29.280000000000005, "pValue": 0.12887164750805286, "interpretation": "16.0% decrease, not statistically significant (p = 0.129), medium effect size (d=-0.68)"}, {"cityName": "Dresden", "timestamp": "2021-09", "value": 4.29979186843742e-05, "incidence": 54.15333333333333, "pValue": 0.06947202590303722, "interpretation": "21.7% decrease, not statistically significant (p = 0.069), large effect size (d=-0.83)"}, {"cityName": "Leipzig", "timestamp": "2021-09", "value": 4.984393679336006e-05, "incidence": 39.603333333333325, "pValue": 0.1414245384640322, "interpretation": "14.9% decrease, not statistically significant (p = 0.141), medium effect size (d=-0.67)"}, {"cityName": "Halle (Saale)", "timestamp": "2021-09", "value": 4.528618107239405e-05, "incidence": 42.07333333333333, "pValue": 0.6877851627804913, "interpretation": "5.2% decrease, not statistically significant (p = 0.688), negligible effect size (d=-0.18)"}, {"cityName": "Magdeburg", "timestamp": "2021-09", "value": 3.7940485574501126e-05, "incidence": 29.79333333333334, "pValue": 0.05567552481994596, "interpretation": "20.7% decrease, not statistically significant (p = 0.056), large effect size (d=-0.85)"}, {"cityName": "Erfurt", "timestamp": "2021-09", "value": 3.348014495791273e-05, "incidence": 60.39333333333333, "pValue": 0.11399036068511048, "interpretation": "15.3% decrease, not statistically significant (p = 0.114), medium effect size (d=-0.68)"}, {"cityName": "Jena", "timestamp": "2021-09", "value": 3.528148388593561e-05, "incidence": 53.48000000000001, "pValue": 0.29666018693902957, "interpretation": "10.3% decrease, not statistically significant (p = 0.297), small effect size (d=-0.47)"}]