[{"cityName": "Kiel", "timestamp": "2023-09", "value": 3.968045625480867e-05, "incidence": 7.326666666666668, "pValue": 0.18594460420345474, "interpretation": "17.4% increase, not statistically significant (p = 0.186), medium effect size (d=0.51)"}, {"cityName": "L\u00fcbeck", "timestamp": "2023-09", "value": 3.9362384187471536e-05, "incidence": 10.963333333333335, "pValue": 0.678602407634783, "interpretation": "4.8% decrease, not statistically significant (p = 0.679), negligible effect size (d=-0.19)"}, {"cityName": "Hamburg", "timestamp": "2023-09", "value": 5.562799396338286e-05, "incidence": 12.569999999999999, "pValue": 0.6483408656060881, "interpretation": "5.8% decrease, not statistically significant (p = 0.648), negligible effect size (d=-0.16)"}, {"cityName": "Braunschweig", "timestamp": "2023-09", "value": 4.472248667084119e-05, "incidence": 7.323333333333334, "pValue": 0.007788191699141498, "interpretation": "22.0% decrease, very significant (p < 0.01), large effect size (d=-1.11)"}, {"cityName": "Salzgitter", "timestamp": "2023-09", "value": 4.457110189832747e-05, "incidence": 7.823333333333333, "pValue": 0.02978355117793678, "interpretation": "14.9% decrease, significant (p = 0.030), large effect size (d=-0.80)"}, {"cityName": "Wolfsburg", "timestamp": "2023-09", "value": 4.120039949683767e-05, "incidence": 7.683333333333334, "pValue": 0.0001077994680321057, "interpretation": "34.3% decrease, highly significant (p < 0.001), large effect size (d=-1.84)"}, {"cityName": "G\u00f6ttingen", "timestamp": "2023-09", "value": 3.933944251565706e-05, "incidence": 7.563333333333333, "pValue": 0.008998090456517484, "interpretation": "21.0% decrease, very significant (p < 0.01), large effect size (d=-1.03)"}, {"cityName": "Hannover", "timestamp": "2023-09", "value": 4.7908259531188955e-05, "incidence": 11.506666666666666, "pValue": 0.00032079858893550655, "interpretation": "30.4% decrease, highly significant (p < 0.001), large effect size (d=-1.60)"}, {"cityName": "Hildesheim", "timestamp": "2023-09", "value": 3.969010910676683e-05, "incidence": 5.85, "pValue": 0.003870505981380346, "interpretation": "23.9% decrease, very significant (p < 0.01), large effect size (d=-1.16)"}, {"cityName": "Oldenburg (Oldb)", "timestamp": "2023-09", "value": 5.102088907733559e-05, "incidence": 8.78, "pValue": 0.4745952794387308, "interpretation": "10.0% increase, not statistically significant (p = 0.475), small effect size (d=0.30)"}, {"cityName": "Osnabr\u00fcck", "timestamp": "2023-09", "value": 5.355382084169171e-05, "incidence": 7.920000000000001, "pValue": 0.05218984700430205, "interpretation": "20.8% decrease, not statistically significant (p = 0.052), medium effect size (d=-0.73)"}, {"cityName": "Bremen", "timestamp": "2023-09", "value": 5.3289277692798705e-05, "incidence": 10.306666666666667, "pValue": 0.3648158376052403, "interpretation": "11.6% increase, not statistically significant (p = 0.365), small effect size (d=0.32)"}, {"cityName": "Bremerhaven", "timestamp": "2023-09", "value": 4.562193394771644e-05, "incidence": 6.236666666666667, "pValue": 0.021515834110121937, "interpretation": "41.2% increase, significant (p = 0.022), large effect size (d=1.06)"}, {"cityName": "D\u00fcsseldorf", "timestamp": "2023-09", "value": 8.703194127031943e-05, "incidence": 8.356666666666667, "pValue": 0.022756172978130346, "interpretation": "25.2% decrease, significant (p = 0.023), medium effect size (d=-0.78)"}, {"cityName": "Duisburg", "timestamp": "2023-09", "value": 0.0001105030473226156, "incidence": 6.866666666666665, "pValue": 0.313205111798225, "interpretation": "14.5% decrease, not statistically significant (p = 0.313), small effect size (d=-0.36)"}, {"cityName": "Essen", "timestamp": "2023-09", "value": 7.926907318715866e-05, "incidence": 11.846666666666668, "pValue": 0.006884061772326611, "interpretation": "31.9% decrease, very significant (p < 0.01), large effect size (d=-1.08)"}, {"cityName": "Krefeld", "timestamp": "2023-09", "value": 8.022462805876366e-05, "incidence": 8.213333333333335, "pValue": 0.0248396922725262, "interpretation": "32.9% decrease, significant (p = 0.025), large effect size (d=-0.87)"}, {"cityName": "M\u00f6nchengladbach", "timestamp": "2023-09", "value": 6.927875801920891e-05, "incidence": 5.316666666666666, "pValue": 0.010906440808381044, "interpretation": "31.0% decrease, significant (p = 0.011), large effect size (d=-0.94)"}, {"cityName": "M\u00fclheim an der Ruhr", "timestamp": "2023-09", "value": 8.210713147289223e-05, "incidence": 16.723333333333336, "pValue": 0.02851482728150142, "interpretation": "27.5% decrease, significant (p = 0.029), large effect size (d=-0.89)"}, {"cityName": "Oberhausen", "timestamp": "2023-09", "value": 0.0001096545557419841, "incidence": 7.146666666666664, "pValue": 0.03987474153046839, "interpretation": "27.5% decrease, significant (p = 0.040), large effect size (d=-0.85)"}, {"cityName": "Remscheid", "timestamp": "2023-09", "value": 5.26855350472033e-05, "incidence": 2.69, "pValue": 0.028217834102012396, "interpretation": "29.5% decrease, significant (p = 0.028), large effect size (d=-0.95)"}, {"cityName": "Solingen", "timestamp": "2023-09", "value": 6.150860281195492e-05, "incidence": 7.540000000000001, "pValue": 0.007685258428808549, "interpretation": "32.5% decrease, very significant (p < 0.01), large effect size (d=-1.13)"}, {"cityName": "Wuppertal", "timestamp": "2023-09", "value": 5.845015402883291e-05, "incidence": 7.423333333333333, "pValue": 0.006223265782830925, "interpretation": "34.1% decrease, very significant (p < 0.01), large effect size (d=-1.08)"}, {"cityName": "Neuss", "timestamp": "2023-09", "value": 8.559350681025535e-05, "incidence": 8.373333333333333, "pValue": 0.06071383429763301, "interpretation": "25.5% decrease, not statistically significant (p = 0.061), medium effect size (d=-0.69)"}, {"cityName": "Moers", "timestamp": "2023-09", "value": 9.175273589789867e-05, "incidence": 6.903333333333332, "pValue": 0.07537007049091002, "interpretation": "31.6% decrease, not statistically significant (p = 0.075), medium effect size (d=-0.70)"}, {"cityName": "Bonn", "timestamp": "2023-09", "value": 5.913071800023317e-05, "incidence": 7.566666666666668, "pValue": 0.00084058001618424, "interpretation": "38.2% decrease, highly significant (p < 0.001), large effect size (d=-1.31)"}, {"cityName": "K\u00f6ln", "timestamp": "2023-09", "value": 8.12535872682929e-05, "incidence": 8.636666666666667, "pValue": 0.03139193921114176, "interpretation": "31.5% decrease, significant (p = 0.031), medium effect size (d=-0.75)"}, {"cityName": "Leverkusen", "timestamp": "2023-09", "value": 7.079221541061997e-05, "incidence": 14.76, "pValue": 0.008076115127590246, "interpretation": "35.5% decrease, very significant (p < 0.01), large effect size (d=-1.01)"}, {"cityName": "Aachen", "timestamp": "2023-09", "value": 4.723938663714918e-05, "incidence": 8.69, "pValue": 0.15839794630067422, "interpretation": "16.0% decrease, not statistically significant (p = 0.158), medium effect size (d=-0.50)"}, {"cityName": "Bergisch Gladbach", "timestamp": "2023-09", "value": 6.573270573945982e-05, "incidence": 6.126666666666668, "pValue": 0.006114638329400955, "interpretation": "45.6% decrease, very significant (p < 0.01), large effect size (d=-1.24)"}, {"cityName": "Bottrop", "timestamp": "2023-09", "value": 0.00010362144230919726, "incidence": 16.57, "pValue": 0.16067832623143205, "interpretation": "19.2% decrease, not statistically significant (p = 0.161), medium effect size (d=-0.54)"}, {"cityName": "Gelsenkirchen", "timestamp": "2023-09", "value": 9.881716002436245e-05, "incidence": 10.536666666666667, "pValue": 0.05308168286214471, "interpretation": "27.6% decrease, not statistically significant (p = 0.053), medium effect size (d=-0.76)"}, {"cityName": "M\u00fcnster", "timestamp": "2023-09", "value": 5.7428282799950815e-05, "incidence": 7.323333333333333, "pValue": 0.2787329567678812, "interpretation": "13.3% decrease, not statistically significant (p = 0.279), small effect size (d=-0.38)"}, {"cityName": "Recklinghausen", "timestamp": "2023-09", "value": 8.265308749217253e-05, "incidence": 9.566666666666666, "pValue": 0.03495479767279519, "interpretation": "38.6% decrease, significant (p = 0.035), large effect size (d=-0.81)"}, {"cityName": "Bielefeld", "timestamp": "2023-09", "value": 4.947709385305643e-05, "incidence": 9.483333333333333, "pValue": 0.00553281724334743, "interpretation": "29.8% decrease, very significant (p < 0.01), large effect size (d=-0.99)"}, {"cityName": "G\u00fctersloh", "timestamp": "2023-09", "value": 4.921021172776818e-05, "incidence": 6.16, "pValue": 0.005794776823509283, "interpretation": "30.3% decrease, very significant (p < 0.01), large effect size (d=-1.01)"}, {"cityName": "Paderborn", "timestamp": "2023-09", "value": 4.32726040843033e-05, "incidence": 7.463333333333334, "pValue": 0.0002805976612364974, "interpretation": "31.2% decrease, highly significant (p < 0.001), large effect size (d=-1.43)"}, {"cityName": "Bochum", "timestamp": "2023-09", "value": 7.380380702670664e-05, "incidence": 11.756666666666666, "pValue": 0.001109231935106787, "interpretation": "40.8% decrease, very significant (p < 0.01), large effect size (d=-1.39)"}, {"cityName": "Dortmund", "timestamp": "2023-09", "value": 6.466233810665561e-05, "incidence": 8.860000000000001, "pValue": 0.00388012999656635, "interpretation": "35.7% decrease, very significant (p < 0.01), large effect size (d=-1.22)"}, {"cityName": "Hagen", "timestamp": "2023-09", "value": 5.623232573270798e-05, "incidence": 10.373333333333335, "pValue": 0.0014027092315560157, "interpretation": "33.7% decrease, very significant (p < 0.01), large effect size (d=-1.43)"}, {"cityName": "Hamm", "timestamp": "2023-09", "value": 5.645575999681439e-05, "incidence": 6.883333333333332, "pValue": 0.0006096668330945531, "interpretation": "42.9% decrease, highly significant (p < 0.001), large effect size (d=-1.34)"}, {"cityName": "Herne", "timestamp": "2023-09", "value": 8.581971051171421e-05, "incidence": 8.613333333333333, "pValue": 0.024205196594734645, "interpretation": "26.9% decrease, significant (p = 0.024), large effect size (d=-0.91)"}, {"cityName": "Siegen", "timestamp": "2023-09", "value": 4.4010276906192305e-05, "incidence": 10.773333333333332, "pValue": 0.29223098292515365, "interpretation": "9.8% decrease, not statistically significant (p = 0.292), small effect size (d=-0.45)"}, {"cityName": "Darmstadt", "timestamp": "2023-09", "value": 5.935678068040447e-05, "incidence": 6.953333333333332, "pValue": 0.0008911360776307317, "interpretation": "30.3% decrease, highly significant (p < 0.001), large effect size (d=-1.24)"}, {"cityName": "Frankfurt am Main", "timestamp": "2023-09", "value": 8.547157895835963e-05, "incidence": 10.243333333333334, "pValue": 0.03586282644892134, "interpretation": "24.5% decrease, significant (p = 0.036), medium effect size (d=-0.73)"}, {"cityName": "Offenbach am Main", "timestamp": "2023-09", "value": 6.321920293637298e-05, "incidence": 13.916666666666666, "pValue": 0.00010704478385756208, "interpretation": "36.2% decrease, highly significant (p < 0.001), large effect size (d=-1.57)"}, {"cityName": "Wiesbaden", "timestamp": "2023-09", "value": 7.521099824872281e-05, "incidence": 7.3166666666666655, "pValue": 0.24656098475490798, "interpretation": "13.1% decrease, not statistically significant (p = 0.247), small effect size (d=-0.40)"}, {"cityName": "Hanau", "timestamp": "2023-09", "value": 5.320109462795349e-05, "incidence": 12.223333333333331, "pValue": 0.0002482470361708393, "interpretation": "35.7% decrease, highly significant (p < 0.001), large effect size (d=-1.46)"}, {"cityName": "Kassel", "timestamp": "2023-09", "value": 4.554412832173208e-05, "incidence": 12.680000000000005, "pValue": 0.0027694005766152057, "interpretation": "25.2% decrease, very significant (p < 0.01), large effect size (d=-1.23)"}, {"cityName": "Koblenz", "timestamp": "2023-09", "value": 5.060008778754208e-05, "incidence": 11.996666666666666, "pValue": 0.011250727932074161, "interpretation": "25.8% decrease, significant (p = 0.011), large effect size (d=-0.93)"}, {"cityName": "Trier", "timestamp": "2023-09", "value": 4.333005053922534e-05, "incidence": 15.026666666666666, "pValue": 0.010865113870196988, "interpretation": "19.2% decrease, significant (p = 0.011), large effect size (d=-0.92)"}, {"cityName": "Kaiserslautern", "timestamp": "2023-09", "value": 4.1393254203005476e-05, "incidence": 5.213333333333335, "pValue": 0.008427728493326703, "interpretation": "23.7% decrease, very significant (p < 0.01), large effect size (d=-1.06)"}, {"cityName": "Ludwigshafen am Rhein", "timestamp": "2023-09", "value": 7.126573958278944e-05, "incidence": 5.080000000000001, "pValue": 0.044062080555854234, "interpretation": "20.4% decrease, significant (p = 0.044), medium effect size (d=-0.73)"}, {"cityName": "Mainz", "timestamp": "2023-09", "value": 6.572100392077118e-05, "incidence": 12.886666666666667, "pValue": 0.11137306739461646, "interpretation": "15.6% decrease, not statistically significant (p = 0.111), medium effect size (d=-0.54)"}, {"cityName": "Stuttgart", "timestamp": "2023-09", "value": 5.3057835126916565e-05, "incidence": 8.363333333333333, "pValue": 0.007411660958584512, "interpretation": "24.4% decrease, very significant (p < 0.01), large effect size (d=-1.03)"}, {"cityName": "Heilbronn", "timestamp": "2023-09", "value": 5.0307335590736737e-05, "incidence": 10.15, "pValue": 0.191308392646625, "interpretation": "13.0% decrease, not statistically significant (p = 0.191), medium effect size (d=-0.51)"}, {"cityName": "Karlsruhe", "timestamp": "2023-09", "value": 5.888068505252401e-05, "incidence": 5.13, "pValue": 0.09079163926837198, "interpretation": "20.0% decrease, not statistically significant (p = 0.091), medium effect size (d=-0.58)"}, {"cityName": "Heidelberg", "timestamp": "2023-09", "value": 5.004202371071044e-05, "incidence": 7.543333333333333, "pValue": 0.022985201556139076, "interpretation": "17.6% decrease, significant (p = 0.023), large effect size (d=-0.86)"}, {"cityName": "Mannheim", "timestamp": "2023-09", "value": 6.6993348300457e-05, "incidence": 7.266666666666667, "pValue": 0.002232443200131039, "interpretation": "29.8% decrease, very significant (p < 0.01), large effect size (d=-1.18)"}, {"cityName": "Pforzheim", "timestamp": "2023-09", "value": 4.671967407274577e-05, "incidence": 1.5166666666666666, "pValue": 0.050069031913895515, "interpretation": "20.9% decrease, not statistically significant (p = 0.050), medium effect size (d=-0.70)"}, {"cityName": "Freiburg im Breisgau", "timestamp": "2023-09", "value": 4.0137614295990376e-05, "incidence": 8.306666666666667, "pValue": 0.06285568187223328, "interpretation": "16.6% decrease, not statistically significant (p = 0.063), medium effect size (d=-0.60)"}, {"cityName": "Reutlingen", "timestamp": "2023-09", "value": 4.44048891949933e-05, "incidence": 6.476666666666666, "pValue": 0.5110480694589639, "interpretation": "6.5% decrease, not statistically significant (p = 0.511), small effect size (d=-0.24)"}, {"cityName": "Ulm", "timestamp": "2023-09", "value": 4.5789816220732114e-05, "incidence": 11.533333333333333, "pValue": 0.20449307793325985, "interpretation": "14.2% decrease, not statistically significant (p = 0.204), small effect size (d=-0.46)"}, {"cityName": "Ingolstadt", "timestamp": "2023-09", "value": 4.7875704088558756e-05, "incidence": 6.74, "pValue": 0.7760838838496202, "interpretation": "2.8% decrease, not statistically significant (p = 0.776), negligible effect size (d=-0.10)"}, {"cityName": "M\u00fcnchen", "timestamp": "2023-09", "value": 5.1737789852687944e-05, "incidence": 12.966666666666665, "pValue": 0.06705458676175587, "interpretation": "18.8% decrease, not statistically significant (p = 0.067), medium effect size (d=-0.69)"}, {"cityName": "Regensburg", "timestamp": "2023-09", "value": 4.317762407784661e-05, "incidence": 16.40666666666667, "pValue": 0.4105520378267984, "interpretation": "9.0% decrease, not statistically significant (p = 0.411), small effect size (d=-0.34)"}, {"cityName": "Erlangen", "timestamp": "2023-09", "value": 4.557837798659291e-05, "incidence": 9.31, "pValue": 0.8191287127208802, "interpretation": "2.2% decrease, not statistically significant (p = 0.819), negligible effect size (d=-0.09)"}, {"cityName": "F\u00fcrth", "timestamp": "2023-09", "value": 4.794058913830668e-05, "incidence": 8.936666666666667, "pValue": 0.8593984545215048, "interpretation": "2.1% increase, not statistically significant (p = 0.859), negligible effect size (d=0.07)"}, {"cityName": "N\u00fcrnberg", "timestamp": "2023-09", "value": 4.6315151407863155e-05, "incidence": 9.663333333333332, "pValue": 0.0868763637927219, "interpretation": "15.3% decrease, not statistically significant (p = 0.087), medium effect size (d=-0.65)"}, {"cityName": "W\u00fcrzburg", "timestamp": "2023-09", "value": 4.639459803001955e-05, "incidence": 9.676666666666668, "pValue": 0.3423691849589675, "interpretation": "7.9% decrease, not statistically significant (p = 0.342), small effect size (d=-0.33)"}, {"cityName": "Augsburg", "timestamp": "2023-09", "value": 4.9338613350230917e-05, "incidence": 9.633333333333335, "pValue": 0.3483629898165084, "interpretation": "12.7% decrease, not statistically significant (p = 0.348), small effect size (d=-0.34)"}, {"cityName": "Saarbr\u00fccken", "timestamp": "2023-09", "value": 4.09205366546909e-05, "incidence": 8.12, "pValue": 0.06935536096090686, "interpretation": "16.1% decrease, not statistically significant (p = 0.069), medium effect size (d=-0.65)"}, {"cityName": "Berlin", "timestamp": "2023-09", "value": 5.2396543096841836e-05, "incidence": 0.0, "pValue": 0.7447049387407816, "interpretation": "3.0% increase, not statistically significant (p = 0.745), negligible effect size (d=0.11)"}, {"cityName": "Cottbus", "timestamp": "2023-09", "value": 5.055788922338532e-05, "incidence": 14.706666666666672, "pValue": 0.8861858343279336, "interpretation": "1.9% increase, not statistically significant (p = 0.886), negligible effect size (d=0.06)"}, {"cityName": "Potsdam", "timestamp": "2023-09", "value": 4.177585052435889e-05, "incidence": 9.323333333333332, "pValue": 0.8817438596707234, "interpretation": "1.2% decrease, not statistically significant (p = 0.882), negligible effect size (d=-0.06)"}, {"cityName": "Rostock", "timestamp": "2023-09", "value": 3.7829476323994726e-05, "incidence": 10.473333333333333, "pValue": 0.4099810778706232, "interpretation": "10.7% increase, not statistically significant (p = 0.410), small effect size (d=0.37)"}, {"cityName": "Chemnitz", "timestamp": "2023-09", "value": 4.5636001542755745e-05, "incidence": 9.593333333333334, "pValue": 0.38037586532110546, "interpretation": "8.5% decrease, not statistically significant (p = 0.380), small effect size (d=-0.35)"}, {"cityName": "Dresden", "timestamp": "2023-09", "value": 4.695614122531631e-05, "incidence": 9.99, "pValue": 0.005357510176712507, "interpretation": "24.1% decrease, very significant (p < 0.01), large effect size (d=-1.05)"}, {"cityName": "Leipzig", "timestamp": "2023-09", "value": 5.036933968464533e-05, "incidence": 17.956666666666663, "pValue": 0.12221005725010464, "interpretation": "15.0% decrease, not statistically significant (p = 0.122), medium effect size (d=-0.58)"}, {"cityName": "Halle (Saale)", "timestamp": "2023-09", "value": 5.1269521160672106e-05, "incidence": 11.933333333333335, "pValue": 0.803638991320995, "interpretation": "3.5% increase, not statistically significant (p = 0.804), negligible effect size (d=0.09)"}, {"cityName": "Magdeburg", "timestamp": "2023-09", "value": 4.5265938081827605e-05, "incidence": 10.56, "pValue": 0.7124975346078926, "interpretation": "2.9% decrease, not statistically significant (p = 0.712), negligible effect size (d=-0.14)"}, {"cityName": "Erfurt", "timestamp": "2023-09", "value": 3.871621138000108e-05, "incidence": 7.71, "pValue": 0.24385224071404005, "interpretation": "8.8% decrease, not statistically significant (p = 0.244), small effect size (d=-0.45)"}, {"cityName": "Jena", "timestamp": "2023-09", "value": 4.094960685405466e-05, "incidence": 12.24, "pValue": 0.719173887687822, "interpretation": "3.0% increase, not statistically significant (p = 0.719), negligible effect size (d=0.14)"}]