[{"cityName": "Kiel", "timestamp": "2020-11", "value": 5.367472546086425e-05, "incidence": 55.00000000000001, "pValue": 0.6806466430753848, "interpretation": "11.0% decrease, not statistically significant (p = 0.681), negligible effect size (d=-0.20)"}, {"cityName": "L\u00fcbeck", "timestamp": "2020-11", "value": 6.760035951932271e-05, "incidence": 70.12333333333332, "pValue": 0.31228480904467365, "interpretation": "16.4% increase, not statistically significant (p = 0.312), small effect size (d=0.49)"}, {"cityName": "Hamburg", "timestamp": "2020-11", "value": 6.857498514431494e-05, "incidence": 139.01666666666668, "pValue": 0.774981073167872, "interpretation": "4.8% decrease, not statistically significant (p = 0.775), negligible effect size (d=-0.12)"}, {"cityName": "Braunschweig", "timestamp": "2020-11", "value": 6.731255801723284e-05, "incidence": 65.31, "pValue": 0.3516007078086647, "interpretation": "13.7% decrease, not statistically significant (p = 0.352), small effect size (d=-0.43)"}, {"cityName": "Salzgitter", "timestamp": "2020-11", "value": 5.603610770776868e-05, "incidence": 186.57999999999998, "pValue": 0.25545570567060655, "interpretation": "17.3% decrease, not statistically significant (p = 0.255), small effect size (d=-0.47)"}, {"cityName": "Wolfsburg", "timestamp": "2020-11", "value": 6.555352286484681e-05, "incidence": 73.52, "pValue": 0.688469709943448, "interpretation": "7.1% decrease, not statistically significant (p = 0.688), negligible effect size (d=-0.19)"}, {"cityName": "G\u00f6ttingen", "timestamp": "2020-11", "value": 6.412846657137077e-05, "incidence": 56.48333333333333, "pValue": 0.9631098556156088, "interpretation": "1.1% decrease, not statistically significant (p = 0.963), negligible effect size (d=-0.02)"}, {"cityName": "Hannover", "timestamp": "2020-11", "value": 6.392554036880795e-05, "incidence": 114.42666666666668, "pValue": 0.7298687635886139, "interpretation": "6.2% decrease, not statistically significant (p = 0.730), negligible effect size (d=-0.16)"}, {"cityName": "Hildesheim", "timestamp": "2020-11", "value": 6.056048304719083e-05, "incidence": 106.49666666666667, "pValue": 0.5833288413935016, "interpretation": "14.2% increase, not statistically significant (p = 0.583), small effect size (d=0.29)"}, {"cityName": "Oldenburg (Oldb)", "timestamp": "2020-11", "value": 6.442738231271505e-05, "incidence": 80.50666666666666, "pValue": 0.7529705615013709, "interpretation": "10.0% decrease, not statistically significant (p = 0.753), negligible effect size (d=-0.18)"}, {"cityName": "Osnabr\u00fcck", "timestamp": "2020-11", "value": 0.00010122916534204374, "incidence": 130.1833333333333, "pValue": 0.4708080064042164, "interpretation": "19.2% increase, not statistically significant (p = 0.471), small effect size (d=0.31)"}, {"cityName": "Bremen", "timestamp": "2020-11", "value": 7.322923753593789e-05, "incidence": 184.78333333333333, "pValue": 0.6398918120195054, "interpretation": "10.1% decrease, not statistically significant (p = 0.640), small effect size (d=-0.22)"}, {"cityName": "Bremerhaven", "timestamp": "2020-11", "value": 7.130912438567196e-05, "incidence": 91.60333333333332, "pValue": 0.8928196482989037, "interpretation": "4.4% decrease, not statistically significant (p = 0.893), negligible effect size (d=-0.07)"}, {"cityName": "D\u00fcsseldorf", "timestamp": "2020-11", "value": 0.0001653953818831502, "incidence": 166.56333333333333, "pValue": 0.6960510474168742, "interpretation": "8.0% decrease, not statistically significant (p = 0.696), negligible effect size (d=-0.16)"}, {"cityName": "Duisburg", "timestamp": "2020-11", "value": 0.0001768763774098494, "incidence": 255.9633333333334, "pValue": 0.8448676688590226, "interpretation": "5.1% increase, not statistically significant (p = 0.845), negligible effect size (d=0.08)"}, {"cityName": "Essen", "timestamp": "2020-11", "value": 0.0001742777844461111, "incidence": 169.62000000000003, "pValue": 0.7899195181214944, "interpretation": "6.7% increase, not statistically significant (p = 0.790), negligible effect size (d=0.13)"}, {"cityName": "Krefeld", "timestamp": "2020-11", "value": 0.00013654999649868562, "incidence": 198.38999999999996, "pValue": 0.6105763223219538, "interpretation": "9.5% decrease, not statistically significant (p = 0.611), small effect size (d=-0.21)"}, {"cityName": "M\u00f6nchengladbach", "timestamp": "2020-11", "value": 0.0001200030573868546, "incidence": 163.30333333333334, "pValue": 0.9280233282585185, "interpretation": "1.8% increase, not statistically significant (p = 0.928), negligible effect size (d=0.04)"}, {"cityName": "M\u00fclheim an der Ruhr", "timestamp": "2020-11", "value": 0.00016243563085380528, "incidence": 211.67666666666668, "pValue": 0.7678786914908347, "interpretation": "7.2% increase, not statistically significant (p = 0.768), negligible effect size (d=0.13)"}, {"cityName": "Oberhausen", "timestamp": "2020-11", "value": 0.0001938539521338848, "incidence": 197.32000000000002, "pValue": 0.7529850889866505, "interpretation": "9.0% increase, not statistically significant (p = 0.753), negligible effect size (d=0.15)"}, {"cityName": "Remscheid", "timestamp": "2020-11", "value": 0.00011119200692822536, "incidence": 203.04666666666665, "pValue": 0.7886398099151539, "interpretation": "8.2% increase, not statistically significant (p = 0.789), negligible effect size (d=0.13)"}, {"cityName": "Solingen", "timestamp": "2020-11", "value": 0.0001322123862337321, "incidence": 230.0966666666666, "pValue": 0.24652070983890617, "interpretation": "31.3% increase, not statistically significant (p = 0.247), medium effect size (d=0.52)"}, {"cityName": "Wuppertal", "timestamp": "2020-11", "value": 0.0001297712291556376, "incidence": 191.3433333333333, "pValue": 0.5722860144343129, "interpretation": "15.2% increase, not statistically significant (p = 0.572), small effect size (d=0.23)"}, {"cityName": "Neuss", "timestamp": "2020-11", "value": 0.0001466061221435666, "incidence": 137.26666666666668, "pValue": 0.1544939244261987, "interpretation": "24.6% decrease, not statistically significant (p = 0.154), medium effect size (d=-0.64)"}, {"cityName": "Moers", "timestamp": "2020-11", "value": 0.00016861638453389917, "incidence": 137.71999999999997, "pValue": 0.9144471579997829, "interpretation": "3.4% decrease, not statistically significant (p = 0.914), negligible effect size (d=-0.04)"}, {"cityName": "Bonn", "timestamp": "2020-11", "value": 9.240510619499467e-05, "incidence": 138.68666666666667, "pValue": 0.6704541945370436, "interpretation": "10.1% decrease, not statistically significant (p = 0.670), negligible effect size (d=-0.19)"}, {"cityName": "K\u00f6ln", "timestamp": "2020-11", "value": 0.00013607461005449295, "incidence": 185.42000000000002, "pValue": 0.9031957927024558, "interpretation": "2.5% decrease, not statistically significant (p = 0.903), negligible effect size (d=-0.05)"}, {"cityName": "Leverkusen", "timestamp": "2020-11", "value": 0.00014217124165346226, "incidence": 162.61666666666667, "pValue": 0.9467609977268268, "interpretation": "1.4% increase, not statistically significant (p = 0.947), negligible effect size (d=0.03)"}, {"cityName": "Aachen", "timestamp": "2020-11", "value": 8.642732904388986e-05, "incidence": 198.50333333333336, "pValue": 0.8042694610830813, "interpretation": "7.6% decrease, not statistically significant (p = 0.804), negligible effect size (d=-0.10)"}, {"cityName": "Bergisch Gladbach", "timestamp": "2020-11", "value": 0.00011017556036157268, "incidence": 144.2, "pValue": 0.34115668566517177, "interpretation": "29.2% increase, not statistically significant (p = 0.341), small effect size (d=0.45)"}, {"cityName": "Bottrop", "timestamp": "2020-11", "value": 0.00018582857378265436, "incidence": 199.34666666666666, "pValue": 0.8626538844013382, "interpretation": "3.8% increase, not statistically significant (p = 0.863), negligible effect size (d=0.07)"}, {"cityName": "Gelsenkirchen", "timestamp": "2020-11", "value": 0.00020814267918467522, "incidence": 226.89, "pValue": 0.8041063643633444, "interpretation": "6.4% increase, not statistically significant (p = 0.804), negligible effect size (d=0.11)"}, {"cityName": "M\u00fcnster", "timestamp": "2020-11", "value": 0.0001149827924867471, "incidence": 86.46666666666667, "pValue": 0.5153242224766146, "interpretation": "15.4% increase, not statistically significant (p = 0.515), small effect size (d=0.27)"}, {"cityName": "Recklinghausen", "timestamp": "2020-11", "value": 0.00019006955867203383, "incidence": 201.4966666666667, "pValue": 0.5867159089440164, "interpretation": "12.9% decrease, not statistically significant (p = 0.587), small effect size (d=-0.27)"}, {"cityName": "Bielefeld", "timestamp": "2020-11", "value": 9.43088768205295e-05, "incidence": 173.08666666666667, "pValue": 0.7331683730033416, "interpretation": "6.7% increase, not statistically significant (p = 0.733), negligible effect size (d=0.15)"}, {"cityName": "G\u00fctersloh", "timestamp": "2020-11", "value": 9.091118117794394e-05, "incidence": 187.43666666666664, "pValue": 0.8095070110027507, "interpretation": "5.6% decrease, not statistically significant (p = 0.810), negligible effect size (d=-0.12)"}, {"cityName": "Paderborn", "timestamp": "2020-11", "value": 7.604893236871689e-05, "incidence": 114.87333333333335, "pValue": 0.0876164427040022, "interpretation": "42.8% increase, not statistically significant (p = 0.088), medium effect size (d=0.77)"}, {"cityName": "Bochum", "timestamp": "2020-11", "value": 0.0001762637596887847, "incidence": 159.5866666666667, "pValue": 0.6852567359395088, "interpretation": "10.2% increase, not statistically significant (p = 0.685), small effect size (d=0.21)"}, {"cityName": "Dortmund", "timestamp": "2020-11", "value": 0.00015843002235188205, "incidence": 193.46, "pValue": 0.8253783533554524, "interpretation": "4.9% increase, not statistically significant (p = 0.825), negligible effect size (d=0.10)"}, {"cityName": "Hagen", "timestamp": "2020-11", "value": 0.00012129282675169665, "incidence": 245.93333333333334, "pValue": 0.5071505392488951, "interpretation": "16.6% increase, not statistically significant (p = 0.507), small effect size (d=0.31)"}, {"cityName": "Hamm", "timestamp": "2020-11", "value": 0.000128823554232007, "incidence": 215.47, "pValue": 0.3181164378955554, "interpretation": "24.3% increase, not statistically significant (p = 0.318), small effect size (d=0.43)"}, {"cityName": "Herne", "timestamp": "2020-11", "value": 0.0002174030989408493, "incidence": 270.89000000000004, "pValue": 0.7003259251184513, "interpretation": "9.6% increase, not statistically significant (p = 0.700), small effect size (d=0.20)"}, {"cityName": "Siegen", "timestamp": "2020-11", "value": 8.382366504520178e-05, "incidence": 138.22, "pValue": 0.263852073996943, "interpretation": "27.1% increase, not statistically significant (p = 0.264), medium effect size (d=0.60)"}, {"cityName": "Darmstadt", "timestamp": "2020-11", "value": 0.0001033004161647775, "incidence": 151.52333333333337, "pValue": 0.7675004613078705, "interpretation": "7.7% decrease, not statistically significant (p = 0.768), negligible effect size (d=-0.17)"}, {"cityName": "Frankfurt am Main", "timestamp": "2020-11", "value": 0.00012308632192963904, "incidence": 242.88333333333333, "pValue": 0.30848168823965455, "interpretation": "24.2% increase, not statistically significant (p = 0.308), small effect size (d=0.47)"}, {"cityName": "Offenbach am Main", "timestamp": "2020-11", "value": 0.00011283713816241784, "incidence": 290.40000000000003, "pValue": 0.5174230088622893, "interpretation": "15.7% increase, not statistically significant (p = 0.517), small effect size (d=0.37)"}, {"cityName": "Wiesbaden", "timestamp": "2020-11", "value": 0.00010326572616274159, "incidence": 238.86999999999998, "pValue": 0.29178334319120186, "interpretation": "26.7% increase, not statistically significant (p = 0.292), small effect size (d=0.46)"}, {"cityName": "Hanau", "timestamp": "2020-11", "value": 0.00010386370838834689, "incidence": 202.05666666666667, "pValue": 0.2320643951958655, "interpretation": "27.2% increase, not statistically significant (p = 0.232), medium effect size (d=0.64)"}, {"cityName": "Kassel", "timestamp": "2020-11", "value": 6.063256619705094e-05, "incidence": 130.86333333333334, "pValue": 0.6110998609446237, "interpretation": "8.9% decrease, not statistically significant (p = 0.611), small effect size (d=-0.29)"}, {"cityName": "Koblenz", "timestamp": "2020-11", "value": 8.422868429786629e-05, "incidence": 151.82666666666668, "pValue": 0.31449033495800893, "interpretation": "21.2% decrease, not statistically significant (p = 0.314), small effect size (d=-0.49)"}, {"cityName": "Trier", "timestamp": "2020-11", "value": 6.861869478598237e-05, "incidence": 90.69666666666667, "pValue": 0.6720181699866139, "interpretation": "11.2% decrease, not statistically significant (p = 0.672), small effect size (d=-0.27)"}, {"cityName": "Kaiserslautern", "timestamp": "2020-11", "value": 6.810413637699989e-05, "incidence": 139.65, "pValue": 0.9712910715702484, "interpretation": "0.9% increase, not statistically significant (p = 0.971), negligible effect size (d=0.02)"}, {"cityName": "Ludwigshafen am Rhein", "timestamp": "2020-11", "value": 0.00011365217505954206, "incidence": 188.06333333333333, "pValue": 0.0, "interpretation": "Insufficient data for this month for a statistical test."}, {"cityName": "Mainz", "timestamp": "2020-11", "value": 0.00011196875129826367, "incidence": 209.56666666666666, "pValue": 0.30033104377572534, "interpretation": "27.2% increase, not statistically significant (p = 0.300), medium effect size (d=0.53)"}, {"cityName": "Stuttgart", "timestamp": "2020-11", "value": 8.529908437695768e-05, "incidence": 179.96999999999997, "pValue": 0.08515513279838305, "interpretation": "46.1% increase, not statistically significant (p = 0.085), medium effect size (d=0.75)"}, {"cityName": "Heilbronn", "timestamp": "2020-11", "value": 8.90412548970845e-05, "incidence": 221.24333333333337, "pValue": 0.5841130401141731, "interpretation": "12.0% decrease, not statistically significant (p = 0.584), small effect size (d=-0.31)"}, {"cityName": "Karlsruhe", "timestamp": "2020-11", "value": 0.00010550559187928835, "incidence": 129.06, "pValue": 0.5579645632091563, "interpretation": "13.2% increase, not statistically significant (p = 0.558), small effect size (d=0.27)"}, {"cityName": "Heidelberg", "timestamp": "2020-11", "value": 9.167411879293228e-05, "incidence": 135.10999999999999, "pValue": 0.40036259767698024, "interpretation": "28.2% increase, not statistically significant (p = 0.400), medium effect size (d=0.54)"}, {"cityName": "Mannheim", "timestamp": "2020-11", "value": 0.00011924808844923973, "incidence": 192.39666666666668, "pValue": 0.27482933877620613, "interpretation": "58.9% increase, not statistically significant (p = 0.275), medium effect size (d=0.64)"}, {"cityName": "Pforzheim", "timestamp": "2020-11", "value": 7.52242954654826e-05, "incidence": 214.16333333333336, "pValue": 0.6225355655939693, "interpretation": "11.0% increase, not statistically significant (p = 0.623), small effect size (d=0.26)"}, {"cityName": "Freiburg im Breisgau", "timestamp": "2020-11", "value": 7.043031251264943e-05, "incidence": 94.65, "pValue": 0.18083221428452392, "interpretation": "30.5% increase, not statistically significant (p = 0.181), medium effect size (d=0.59)"}, {"cityName": "Reutlingen", "timestamp": "2020-11", "value": 6.521241448353976e-05, "incidence": 137.22333333333333, "pValue": 0.6473394635534482, "interpretation": "7.8% increase, not statistically significant (p = 0.647), small effect size (d=0.20)"}, {"cityName": "Ulm", "timestamp": "2020-11", "value": 5.7204436559818294e-05, "incidence": 157.01333333333335, "pValue": 0.6235300389037597, "interpretation": "10.2% increase, not statistically significant (p = 0.624), small effect size (d=0.30)"}, {"cityName": "Ingolstadt", "timestamp": "2020-11", "value": 7.811503989311556e-05, "incidence": 167.14999999999995, "pValue": 0.3428853259003402, "interpretation": "23.0% increase, not statistically significant (p = 0.343), medium effect size (d=0.61)"}, {"cityName": "M\u00fcnchen", "timestamp": "2020-11", "value": 9.849398898390624e-05, "incidence": 193.8066666666667, "pValue": 0.02923464873482163, "interpretation": "81.4% increase, significant (p = 0.029), large effect size (d=1.22)"}, {"cityName": "Regensburg", "timestamp": "2020-11", "value": 5.5993371643126014e-05, "incidence": 197.08333333333331, "pValue": 0.11691945207875191, "interpretation": "29.6% decrease, not statistically significant (p = 0.117), large effect size (d=-0.94)"}, {"cityName": "Erlangen", "timestamp": "2020-11", "value": 8.823257771187596e-05, "incidence": 138.29666666666665, "pValue": 0.36833073152091755, "interpretation": "17.7% increase, not statistically significant (p = 0.368), medium effect size (d=0.52)"}, {"cityName": "F\u00fcrth", "timestamp": "2020-11", "value": 9.083773475140333e-05, "incidence": 219.52333333333337, "pValue": 0.525679219193353, "interpretation": "13.7% increase, not statistically significant (p = 0.526), small effect size (d=0.39)"}, {"cityName": "N\u00fcrnberg", "timestamp": "2020-11", "value": 7.201217566475724e-05, "incidence": 227.17000000000004, "pValue": 0.3540004172079828, "interpretation": "14.1% decrease, not statistically significant (p = 0.354), medium effect size (d=-0.50)"}, {"cityName": "W\u00fcrzburg", "timestamp": "2020-11", "value": 7.338338036788628e-05, "incidence": 109.89666666666669, "pValue": 0.061059851610857176, "interpretation": "44.3% increase, not statistically significant (p = 0.061), large effect size (d=0.97)"}, {"cityName": "Augsburg", "timestamp": "2020-11", "value": 6.728532921093014e-05, "incidence": 308.18999999999994, "pValue": 0.25388868153180394, "interpretation": "30.6% increase, not statistically significant (p = 0.254), medium effect size (d=0.74)"}, {"cityName": "Saarbr\u00fccken", "timestamp": "2020-11", "value": 7.221638225018978e-05, "incidence": 163.32333333333332, "pValue": 0.18452577972730555, "interpretation": "34.9% increase, not statistically significant (p = 0.185), medium effect size (d=0.57)"}, {"cityName": "Berlin", "timestamp": "2020-11", "value": 7.73546081490633e-05, "incidence": 0.0, "pValue": 0.5487243717822384, "interpretation": "15.1% decrease, not statistically significant (p = 0.549), small effect size (d=-0.27)"}, {"cityName": "Cottbus", "timestamp": "2020-11", "value": 5.901877123575944e-05, "incidence": 113.95666666666666, "pValue": 0.020322040110108523, "interpretation": "37.5% decrease, significant (p = 0.020), large effect size (d=-1.44)"}, {"cityName": "Potsdam", "timestamp": "2020-11", "value": 7.194030673845726e-05, "incidence": 89.52333333333334, "pValue": 0.9007058749146901, "interpretation": "3.1% increase, not statistically significant (p = 0.901), negligible effect size (d=0.06)"}, {"cityName": "Rostock", "timestamp": "2020-11", "value": 5.493042849455819e-05, "incidence": 33.11666666666667, "pValue": 0.8597182091852295, "interpretation": "3.9% increase, not statistically significant (p = 0.860), negligible effect size (d=0.10)"}, {"cityName": "Chemnitz", "timestamp": "2020-11", "value": 7.221158934620822e-05, "incidence": 196.67333333333335, "pValue": 0.7425193116292861, "interpretation": "7.4% increase, not statistically significant (p = 0.743), negligible effect size (d=0.16)"}, {"cityName": "Dresden", "timestamp": "2020-11", "value": 8.06184316223318e-05, "incidence": 172.48, "pValue": 0.7736984518003057, "interpretation": "5.1% increase, not statistically significant (p = 0.774), negligible effect size (d=0.12)"}, {"cityName": "Leipzig", "timestamp": "2020-11", "value": 6.74546440588493e-05, "incidence": 83.30333333333334, "pValue": 0.14384210025514857, "interpretation": "34.0% decrease, not statistically significant (p = 0.144), medium effect size (d=-0.65)"}, {"cityName": "Halle (Saale)", "timestamp": "2020-11", "value": 6.483341955269377e-05, "incidence": 73.13000000000001, "pValue": 0.30034169571168323, "interpretation": "26.5% decrease, not statistically significant (p = 0.300), small effect size (d=-0.46)"}, {"cityName": "Magdeburg", "timestamp": "2020-11", "value": 5.174699656077122e-05, "incidence": 80.50999999999999, "pValue": 0.09334004885277307, "interpretation": "23.0% decrease, not statistically significant (p = 0.093), large effect size (d=-0.85)"}, {"cityName": "Erfurt", "timestamp": "2020-11", "value": 5.8301481755172955e-05, "incidence": 95.98666666666668, "pValue": 0.7491547256016173, "interpretation": "7.1% increase, not statistically significant (p = 0.749), negligible effect size (d=0.13)"}, {"cityName": "Jena", "timestamp": "2020-11", "value": 5.7396550093674e-05, "incidence": 80.13000000000001, "pValue": 0.8041381626821297, "interpretation": "4.1% increase, not statistically significant (p = 0.804), negligible effect size (d=0.10)"}]