[{"cityName": "Kiel", "timestamp": "2023-06", "value": 3.116529080129805e-05, "incidence": 4.8966666666666665, "pValue": 0.061059257000536625, "interpretation": "17.7% decrease, not statistically significant (p = 0.061), medium effect size (d=-0.72)"}, {"cityName": "L\u00fcbeck", "timestamp": "2023-06", "value": 3.028448878063096e-05, "incidence": 5.046666666666668, "pValue": 0.27090893053994436, "interpretation": "9.5% decrease, not statistically significant (p = 0.271), small effect size (d=-0.40)"}, {"cityName": "Hamburg", "timestamp": "2023-06", "value": 4.653587109512753e-05, "incidence": 3.96, "pValue": 0.3418766988408668, "interpretation": "7.7% decrease, not statistically significant (p = 0.342), small effect size (d=-0.32)"}, {"cityName": "Braunschweig", "timestamp": "2023-06", "value": 3.371468868435306e-05, "incidence": 2.9966666666666666, "pValue": 0.28464755597807456, "interpretation": "8.1% decrease, not statistically significant (p = 0.285), small effect size (d=-0.37)"}, {"cityName": "Salzgitter", "timestamp": "2023-06", "value": 3.803310100920498e-05, "incidence": 3.1399999999999997, "pValue": 0.6176672866682265, "interpretation": "4.3% increase, not statistically significant (p = 0.618), negligible effect size (d=0.18)"}, {"cityName": "Wolfsburg", "timestamp": "2023-06", "value": 3.0330241363691657e-05, "incidence": 2.5866666666666664, "pValue": 0.05203382414963902, "interpretation": "15.1% decrease, not statistically significant (p = 0.052), medium effect size (d=-0.69)"}, {"cityName": "G\u00f6ttingen", "timestamp": "2023-06", "value": 2.7135186385185945e-05, "incidence": 3.9666666666666672, "pValue": 0.06986101489106251, "interpretation": "14.8% decrease, not statistically significant (p = 0.070), medium effect size (d=-0.72)"}, {"cityName": "Hannover", "timestamp": "2023-06", "value": 3.876308542921355e-05, "incidence": 3.45, "pValue": 0.19234746179548318, "interpretation": "10.0% decrease, not statistically significant (p = 0.192), small effect size (d=-0.49)"}, {"cityName": "Hildesheim", "timestamp": "2023-06", "value": 3.101524677785004e-05, "incidence": 2.0766666666666667, "pValue": 0.10905685347015479, "interpretation": "15.7% decrease, not statistically significant (p = 0.109), medium effect size (d=-0.63)"}, {"cityName": "Oldenburg (Oldb)", "timestamp": "2023-06", "value": 3.428264753893018e-05, "incidence": 3.6099999999999994, "pValue": 0.027317365980900534, "interpretation": "21.3% decrease, significant (p = 0.027), large effect size (d=-0.90)"}, {"cityName": "Osnabr\u00fcck", "timestamp": "2023-06", "value": 3.885965402746065e-05, "incidence": 2.9000000000000004, "pValue": 0.16737108352740027, "interpretation": "12.0% decrease, not statistically significant (p = 0.167), medium effect size (d=-0.52)"}, {"cityName": "Bremen", "timestamp": "2023-06", "value": 3.961216444607641e-05, "incidence": 1.6266666666666665, "pValue": 0.012629875726506774, "interpretation": "16.6% decrease, significant (p = 0.013), large effect size (d=-0.85)"}, {"cityName": "Bremerhaven", "timestamp": "2023-06", "value": 3.492889559960791e-05, "incidence": 1.9333333333333333, "pValue": 0.028685760463409003, "interpretation": "17.9% decrease, significant (p = 0.029), large effect size (d=-0.83)"}, {"cityName": "D\u00fcsseldorf", "timestamp": "2023-06", "value": 7.191463941481056e-05, "incidence": 1.9333333333333331, "pValue": 0.06600858981162837, "interpretation": "22.8% decrease, not statistically significant (p = 0.066), medium effect size (d=-0.61)"}, {"cityName": "Duisburg", "timestamp": "2023-06", "value": 7.902371147886301e-05, "incidence": 1.6600000000000004, "pValue": 0.23890243454524332, "interpretation": "13.2% decrease, not statistically significant (p = 0.239), small effect size (d=-0.38)"}, {"cityName": "Essen", "timestamp": "2023-06", "value": 6.651732091529247e-05, "incidence": 3.4866666666666677, "pValue": 0.24599536651743348, "interpretation": "14.0% decrease, not statistically significant (p = 0.246), small effect size (d=-0.40)"}, {"cityName": "Krefeld", "timestamp": "2023-06", "value": 6.911827054304573e-05, "incidence": 2.13, "pValue": 0.36049187515496917, "interpretation": "14.0% decrease, not statistically significant (p = 0.360), small effect size (d=-0.30)"}, {"cityName": "M\u00f6nchengladbach", "timestamp": "2023-06", "value": 6.256258147286957e-05, "incidence": 1.2800000000000002, "pValue": 0.2418278551846644, "interpretation": "15.0% decrease, not statistically significant (p = 0.242), small effect size (d=-0.38)"}, {"cityName": "M\u00fclheim an der Ruhr", "timestamp": "2023-06", "value": 6.924072901407878e-05, "incidence": 6.5600000000000005, "pValue": 0.270205792378346, "interpretation": "13.9% decrease, not statistically significant (p = 0.270), small effect size (d=-0.37)"}, {"cityName": "Oberhausen", "timestamp": "2023-06", "value": 7.786521186622289e-05, "incidence": 4.786666666666667, "pValue": 0.11621029731789544, "interpretation": "20.1% decrease, not statistically significant (p = 0.116), medium effect size (d=-0.58)"}, {"cityName": "Remscheid", "timestamp": "2023-06", "value": 5.058952374383807e-05, "incidence": 0.8400000000000001, "pValue": 0.16036814860438578, "interpretation": "16.9% decrease, not statistically significant (p = 0.160), medium effect size (d=-0.50)"}, {"cityName": "Solingen", "timestamp": "2023-06", "value": 5.8832149079535156e-05, "incidence": 1.9533333333333336, "pValue": 0.16078144512587944, "interpretation": "21.3% decrease, not statistically significant (p = 0.161), small effect size (d=-0.49)"}, {"cityName": "Wuppertal", "timestamp": "2023-06", "value": 5.422371301662039e-05, "incidence": 3.206666666666666, "pValue": 0.06696969251618563, "interpretation": "23.0% decrease, not statistically significant (p = 0.067), medium effect size (d=-0.63)"}, {"cityName": "Neuss", "timestamp": "2023-06", "value": 7.300780271179974e-05, "incidence": 2.48, "pValue": 0.15620916777824523, "interpretation": "21.6% decrease, not statistically significant (p = 0.156), small effect size (d=-0.49)"}, {"cityName": "Moers", "timestamp": "2023-06", "value": 7.3816128341215e-05, "incidence": 0.8266666666666665, "pValue": 0.6755872120149078, "interpretation": "6.2% decrease, not statistically significant (p = 0.676), negligible effect size (d=-0.14)"}, {"cityName": "Bonn", "timestamp": "2023-06", "value": 5.832033507017927e-05, "incidence": 1.71, "pValue": 0.26681797258749185, "interpretation": "19.1% decrease, not statistically significant (p = 0.267), small effect size (d=-0.38)"}, {"cityName": "K\u00f6ln", "timestamp": "2023-06", "value": 6.80919361507727e-05, "incidence": 2.3366666666666664, "pValue": 0.09335520975039063, "interpretation": "20.2% decrease, not statistically significant (p = 0.093), medium effect size (d=-0.55)"}, {"cityName": "Leverkusen", "timestamp": "2023-06", "value": 6.725682275524984e-05, "incidence": 3.9899999999999993, "pValue": 0.1615945215220254, "interpretation": "20.4% decrease, not statistically significant (p = 0.162), medium effect size (d=-0.52)"}, {"cityName": "Aachen", "timestamp": "2023-06", "value": 5.885129312759844e-05, "incidence": 1.7733333333333337, "pValue": 0.4494131163939714, "interpretation": "13.5% increase, not statistically significant (p = 0.449), small effect size (d=0.24)"}, {"cityName": "Bergisch Gladbach", "timestamp": "2023-06", "value": 5.2646197478419966e-05, "incidence": 1.5666666666666667, "pValue": 0.20975472098726955, "interpretation": "19.6% decrease, not statistically significant (p = 0.210), small effect size (d=-0.46)"}, {"cityName": "Bottrop", "timestamp": "2023-06", "value": 6.568110000122996e-05, "incidence": 2.9766666666666666, "pValue": 0.03838423344288445, "interpretation": "27.3% decrease, significant (p = 0.038), medium effect size (d=-0.75)"}, {"cityName": "Gelsenkirchen", "timestamp": "2023-06", "value": 6.484779227963266e-05, "incidence": 3.236666666666666, "pValue": 0.08787167348377911, "interpretation": "27.3% decrease, not statistically significant (p = 0.088), medium effect size (d=-0.62)"}, {"cityName": "M\u00fcnster", "timestamp": "2023-06", "value": 3.945240914298777e-05, "incidence": 2.7700000000000005, "pValue": 0.022363057322873, "interpretation": "22.4% decrease, significant (p = 0.022), medium effect size (d=-0.76)"}, {"cityName": "Recklinghausen", "timestamp": "2023-06", "value": 5.030245161973513e-05, "incidence": 2.0266666666666664, "pValue": 0.02009955196048953, "interpretation": "39.3% decrease, significant (p = 0.020), large effect size (d=-0.90)"}, {"cityName": "Bielefeld", "timestamp": "2023-06", "value": 3.582368177982668e-05, "incidence": 2.6999999999999997, "pValue": 0.008583450966528747, "interpretation": "19.2% decrease, very significant (p < 0.01), large effect size (d=-0.99)"}, {"cityName": "G\u00fctersloh", "timestamp": "2023-06", "value": 3.7820544093847275e-05, "incidence": 1.5366666666666662, "pValue": 0.010248940641383129, "interpretation": "20.3% decrease, significant (p = 0.010), large effect size (d=-1.01)"}, {"cityName": "Paderborn", "timestamp": "2023-06", "value": 3.086448827337834e-05, "incidence": 1.6700000000000004, "pValue": 0.011110009492915681, "interpretation": "23.5% decrease, significant (p = 0.011), large effect size (d=-0.94)"}, {"cityName": "Bochum", "timestamp": "2023-06", "value": 5.739912739954889e-05, "incidence": 2.693333333333334, "pValue": 0.11308778599278932, "interpretation": "19.1% decrease, not statistically significant (p = 0.113), medium effect size (d=-0.57)"}, {"cityName": "Dortmund", "timestamp": "2023-06", "value": 4.690720279719315e-05, "incidence": 2.8466666666666667, "pValue": 0.004608507582296045, "interpretation": "31.9% decrease, very significant (p < 0.01), large effect size (d=-1.00)"}, {"cityName": "Hagen", "timestamp": "2023-06", "value": 4.706892650574446e-05, "incidence": 5.616666666666666, "pValue": 0.045216900259988646, "interpretation": "22.8% decrease, significant (p = 0.045), medium effect size (d=-0.70)"}, {"cityName": "Hamm", "timestamp": "2023-06", "value": 4.084289650477114e-05, "incidence": 1.156666666666667, "pValue": 0.05288247625524192, "interpretation": "22.8% decrease, not statistically significant (p = 0.053), medium effect size (d=-0.63)"}, {"cityName": "Herne", "timestamp": "2023-06", "value": 5.9787044301629065e-05, "incidence": 2.6166666666666667, "pValue": 0.09611921164421824, "interpretation": "24.2% decrease, not statistically significant (p = 0.096), medium effect size (d=-0.62)"}, {"cityName": "Siegen", "timestamp": "2023-06", "value": 3.516397555358708e-05, "incidence": 2.313333333333333, "pValue": 0.011603130419098868, "interpretation": "22.3% decrease, significant (p = 0.012), large effect size (d=-1.00)"}, {"cityName": "Darmstadt", "timestamp": "2023-06", "value": 4.525626586242156e-05, "incidence": 1.916666666666667, "pValue": 0.298075641788154, "interpretation": "9.1% decrease, not statistically significant (p = 0.298), small effect size (d=-0.37)"}, {"cityName": "Frankfurt am Main", "timestamp": "2023-06", "value": 5.9086464303122327e-05, "incidence": 2.17, "pValue": 0.04822347613047242, "interpretation": "20.4% decrease, significant (p = 0.048), medium effect size (d=-0.68)"}, {"cityName": "Offenbach am Main", "timestamp": "2023-06", "value": 5.2205551500347525e-05, "incidence": 3.6233333333333335, "pValue": 0.06476464018033799, "interpretation": "19.5% decrease, not statistically significant (p = 0.065), medium effect size (d=-0.78)"}, {"cityName": "Wiesbaden", "timestamp": "2023-06", "value": 5.2283534185133045e-05, "incidence": 1.6400000000000003, "pValue": 0.8081072350798275, "interpretation": "1.8% decrease, not statistically significant (p = 0.808), negligible effect size (d=-0.08)"}, {"cityName": "Hanau", "timestamp": "2023-06", "value": 4.3283503216046556e-05, "incidence": 2.78, "pValue": 0.0006067540394122772, "interpretation": "23.7% decrease, highly significant (p < 0.001), large effect size (d=-1.41)"}, {"cityName": "Kassel", "timestamp": "2023-06", "value": 3.2185984309762716e-05, "incidence": 2.3733333333333335, "pValue": 0.06098749399409878, "interpretation": "14.5% decrease, not statistically significant (p = 0.061), medium effect size (d=-0.68)"}, {"cityName": "Koblenz", "timestamp": "2023-06", "value": 4.6275187438974776e-05, "incidence": 2.74, "pValue": 0.6546373941275943, "interpretation": "5.7% decrease, not statistically significant (p = 0.655), negligible effect size (d=-0.16)"}, {"cityName": "Trier", "timestamp": "2023-06", "value": 3.748922026716173e-05, "incidence": 2.296666666666667, "pValue": 0.8616340644069266, "interpretation": "1.6% increase, not statistically significant (p = 0.862), negligible effect size (d=0.06)"}, {"cityName": "Kaiserslautern", "timestamp": "2023-06", "value": 3.642455423967196e-05, "incidence": 1.9966666666666666, "pValue": 0.8302079375573439, "interpretation": "2.0% increase, not statistically significant (p = 0.830), negligible effect size (d=0.07)"}, {"cityName": "Ludwigshafen am Rhein", "timestamp": "2023-06", "value": 5.584623431786895e-05, "incidence": 0.9533333333333336, "pValue": 0.14534337078344017, "interpretation": "16.1% decrease, not statistically significant (p = 0.145), medium effect size (d=-0.51)"}, {"cityName": "Mainz", "timestamp": "2023-06", "value": 5.616556518361904e-05, "incidence": 1.883333333333333, "pValue": 0.9132775138324591, "interpretation": "1.0% increase, not statistically significant (p = 0.913), negligible effect size (d=0.04)"}, {"cityName": "Stuttgart", "timestamp": "2023-06", "value": 3.7867407728400496e-05, "incidence": 1.3299999999999994, "pValue": 0.017662697032495647, "interpretation": "16.4% decrease, significant (p = 0.018), large effect size (d=-0.89)"}, {"cityName": "Heilbronn", "timestamp": "2023-06", "value": 3.87534124052359e-05, "incidence": 2.01, "pValue": 0.8769785614983854, "interpretation": "1.2% decrease, not statistically significant (p = 0.877), negligible effect size (d=-0.05)"}, {"cityName": "Karlsruhe", "timestamp": "2023-06", "value": 4.485183550665776e-05, "incidence": 1.493333333333333, "pValue": 0.34053231719855237, "interpretation": "7.0% decrease, not statistically significant (p = 0.341), small effect size (d=-0.31)"}, {"cityName": "Heidelberg", "timestamp": "2023-06", "value": 3.9914635157114584e-05, "incidence": 2.853333333333333, "pValue": 0.9584966335568617, "interpretation": "0.5% increase, not statistically significant (p = 0.958), negligible effect size (d=0.02)"}, {"cityName": "Mannheim", "timestamp": "2023-06", "value": 5.359021946787834e-05, "incidence": 2.6833333333333327, "pValue": 0.13863976228477987, "interpretation": "14.3% decrease, not statistically significant (p = 0.139), small effect size (d=-0.48)"}, {"cityName": "Pforzheim", "timestamp": "2023-06", "value": 3.6077379869918026e-05, "incidence": 1.0466666666666666, "pValue": 0.42924677435742886, "interpretation": "5.2% decrease, not statistically significant (p = 0.429), small effect size (d=-0.26)"}, {"cityName": "Freiburg im Breisgau", "timestamp": "2023-06", "value": 3.6424996020893254e-05, "incidence": 1.9233333333333331, "pValue": 0.7896158197812203, "interpretation": "2.4% decrease, not statistically significant (p = 0.790), negligible effect size (d=-0.09)"}, {"cityName": "Reutlingen", "timestamp": "2023-06", "value": 2.962821235996671e-05, "incidence": 2.1033333333333335, "pValue": 0.06278357173409048, "interpretation": "15.5% decrease, not statistically significant (p = 0.063), medium effect size (d=-0.71)"}, {"cityName": "Ulm", "timestamp": "2023-06", "value": 3.331459409214164e-05, "incidence": 3.016666666666667, "pValue": 0.06519062989473907, "interpretation": "17.0% decrease, not statistically significant (p = 0.065), medium effect size (d=-0.74)"}, {"cityName": "Ingolstadt", "timestamp": "2023-06", "value": 3.551704139681533e-05, "incidence": 1.7033333333333336, "pValue": 0.267991656876588, "interpretation": "9.4% decrease, not statistically significant (p = 0.268), small effect size (d=-0.43)"}, {"cityName": "M\u00fcnchen", "timestamp": "2023-06", "value": 3.952749718267184e-05, "incidence": 3.6300000000000003, "pValue": 0.012114595865045024, "interpretation": "18.1% decrease, significant (p = 0.012), large effect size (d=-0.94)"}, {"cityName": "Regensburg", "timestamp": "2023-06", "value": 3.3860440210749707e-05, "incidence": 1.2699999999999996, "pValue": 0.7203512127219087, "interpretation": "3.8% decrease, not statistically significant (p = 0.720), negligible effect size (d=-0.13)"}, {"cityName": "Erlangen", "timestamp": "2023-06", "value": 3.303225301871342e-05, "incidence": 2.2, "pValue": 0.012463920818084452, "interpretation": "20.4% decrease, significant (p = 0.012), large effect size (d=-1.14)"}, {"cityName": "F\u00fcrth", "timestamp": "2023-06", "value": 3.5549583844840524e-05, "incidence": 3.0999999999999996, "pValue": 0.026039934026525505, "interpretation": "18.3% decrease, significant (p = 0.026), large effect size (d=-1.02)"}, {"cityName": "N\u00fcrnberg", "timestamp": "2023-06", "value": 3.5340911849881664e-05, "incidence": 2.21, "pValue": 0.002397848470247471, "interpretation": "21.4% decrease, very significant (p < 0.01), large effect size (d=-1.31)"}, {"cityName": "W\u00fcrzburg", "timestamp": "2023-06", "value": 3.802313221967779e-05, "incidence": 1.2999999999999996, "pValue": 0.8101674120715248, "interpretation": "1.6% decrease, not statistically significant (p = 0.810), negligible effect size (d=-0.09)"}, {"cityName": "Augsburg", "timestamp": "2023-06", "value": 3.522139069480965e-05, "incidence": 1.8066666666666669, "pValue": 0.02147327840213857, "interpretation": "16.3% decrease, significant (p = 0.021), large effect size (d=-0.85)"}, {"cityName": "Saarbr\u00fccken", "timestamp": "2023-06", "value": 3.504057725270589e-05, "incidence": 3.559999999999999, "pValue": 0.9022801835663086, "interpretation": "1.2% decrease, not statistically significant (p = 0.902), negligible effect size (d=-0.04)"}, {"cityName": "Berlin", "timestamp": "2023-06", "value": 3.613928821301315e-05, "incidence": 0.0, "pValue": 0.02643277756447342, "interpretation": "17.0% decrease, significant (p = 0.026), medium effect size (d=-0.78)"}, {"cityName": "Cottbus", "timestamp": "2023-06", "value": 3.2003818957421645e-05, "incidence": 1.8, "pValue": 0.055549735974640524, "interpretation": "21.5% decrease, not statistically significant (p = 0.056), large effect size (d=-0.81)"}, {"cityName": "Potsdam", "timestamp": "2023-06", "value": 3.384184845558861e-05, "incidence": 5.986666666666667, "pValue": 0.34210551448831694, "interpretation": "7.6% decrease, not statistically significant (p = 0.342), small effect size (d=-0.36)"}, {"cityName": "Rostock", "timestamp": "2023-06", "value": 3.1223220778911404e-05, "incidence": 5.303333333333333, "pValue": 0.5994122045114902, "interpretation": "4.6% decrease, not statistically significant (p = 0.599), negligible effect size (d=-0.18)"}, {"cityName": "Chemnitz", "timestamp": "2023-06", "value": 3.446982719185876e-05, "incidence": 2.893333333333333, "pValue": 0.09663963258161083, "interpretation": "16.9% decrease, not statistically significant (p = 0.097), medium effect size (d=-0.62)"}, {"cityName": "Dresden", "timestamp": "2023-06", "value": 3.372080285440792e-05, "incidence": 1.8733333333333337, "pValue": 0.3152174635753612, "interpretation": "10.3% decrease, not statistically significant (p = 0.315), small effect size (d=-0.36)"}, {"cityName": "Leipzig", "timestamp": "2023-06", "value": 3.817724748788511e-05, "incidence": 2.9033333333333338, "pValue": 0.44378587300126526, "interpretation": "7.4% decrease, not statistically significant (p = 0.444), small effect size (d=-0.27)"}, {"cityName": "Halle (Saale)", "timestamp": "2023-06", "value": 3.2350248754179724e-05, "incidence": 3.7633333333333336, "pValue": 0.05608245763243215, "interpretation": "15.0% decrease, not statistically significant (p = 0.056), medium effect size (d=-0.75)"}, {"cityName": "Magdeburg", "timestamp": "2023-06", "value": 3.2762451538521995e-05, "incidence": 4.113333333333333, "pValue": 0.14647044744080132, "interpretation": "11.8% decrease, not statistically significant (p = 0.146), small effect size (d=-0.48)"}, {"cityName": "Erfurt", "timestamp": "2023-06", "value": 3.0459652833165007e-05, "incidence": 2.7433333333333327, "pValue": 0.42601016467881636, "interpretation": "6.1% decrease, not statistically significant (p = 0.426), small effect size (d=-0.30)"}, {"cityName": "Jena", "timestamp": "2023-06", "value": 3.1310725413883724e-05, "incidence": 4.470000000000001, "pValue": 0.11243792540175566, "interpretation": "13.5% decrease, not statistically significant (p = 0.112), medium effect size (d=-0.64)"}]