[{"cityName": "Kiel", "timestamp": "2024-12", "value": 7.508874737790652e-05, "incidence": 7.84516129032258, "pValue": 0.9405520444335949, "interpretation": "4.4% decrease, not statistically significant (p = 0.941), negligible effect size (d=-0.05)"}, {"cityName": "L\u00fcbeck", "timestamp": "2024-12", "value": 6.416222701470058e-05, "incidence": 4.612903225806451, "pValue": 0.7408677439021856, "interpretation": "14.0% increase, not statistically significant (p = 0.741), small effect size (d=0.21)"}, {"cityName": "Hamburg", "timestamp": "2024-12", "value": 7.700695207825414e-05, "incidence": 5.387096774193547, "pValue": 0.2764471882236083, "interpretation": "49.5% decrease, not statistically significant (p = 0.276), medium effect size (d=-0.65)"}, {"cityName": "Braunschweig", "timestamp": "2024-12", "value": 6.0670940643724276e-05, "incidence": 6.909677419354838, "pValue": 0.7004618605200993, "interpretation": "8.5% decrease, not statistically significant (p = 0.700), negligible effect size (d=-0.18)"}, {"cityName": "Salzgitter", "timestamp": "2024-12", "value": 5.1520648412406445e-05, "incidence": 5.30967741935484, "pValue": 0.4587916436055052, "interpretation": "14.7% decrease, not statistically significant (p = 0.459), small effect size (d=-0.36)"}, {"cityName": "Wolfsburg", "timestamp": "2024-12", "value": 5.190962263824124e-05, "incidence": 2.1161290322580637, "pValue": 0.33262554829422286, "interpretation": "24.6% decrease, not statistically significant (p = 0.333), small effect size (d=-0.48)"}, {"cityName": "G\u00f6ttingen", "timestamp": "2024-12", "value": 6.0463728871019116e-05, "incidence": 7.3193548387096765, "pValue": 0.8816570118706251, "interpretation": "3.4% increase, not statistically significant (p = 0.882), negligible effect size (d=0.08)"}, {"cityName": "Hannover", "timestamp": "2024-12", "value": 6.994627122032015e-05, "incidence": 6.541935483870967, "pValue": 0.45381179016160933, "interpretation": "26.1% decrease, not statistically significant (p = 0.454), small effect size (d=-0.42)"}, {"cityName": "Hildesheim", "timestamp": "2024-12", "value": 7.512349197093179e-05, "incidence": 5.109677419354837, "pValue": 0.2929454999919414, "interpretation": "27.3% increase, not statistically significant (p = 0.293), small effect size (d=0.49)"}, {"cityName": "Oldenburg (Oldb)", "timestamp": "2024-12", "value": 0.0001013172441162169, "incidence": 4.748387096774192, "pValue": 0.5584189987029602, "interpretation": "33.5% increase, not statistically significant (p = 0.558), small effect size (d=0.35)"}, {"cityName": "Osnabr\u00fcck", "timestamp": "2024-12", "value": 8.242115886373954e-05, "incidence": 3.406451612903226, "pValue": 0.8307776873247591, "interpretation": "8.8% decrease, not statistically significant (p = 0.831), negligible effect size (d=-0.14)"}, {"cityName": "Bremen", "timestamp": "2024-12", "value": 7.722087845694824e-05, "incidence": 4.019354838709678, "pValue": 0.8539807513368372, "interpretation": "8.7% increase, not statistically significant (p = 0.854), negligible effect size (d=0.10)"}, {"cityName": "Bremerhaven", "timestamp": "2024-12", "value": 7.436768750527076e-05, "incidence": 0.6548387096774194, "pValue": 0.8901492605514013, "interpretation": "7.1% decrease, not statistically significant (p = 0.890), negligible effect size (d=-0.09)"}, {"cityName": "D\u00fcsseldorf", "timestamp": "2024-12", "value": 0.0001230218288738553, "incidence": 4.780645161290324, "pValue": 0.469642877027584, "interpretation": "21.5% decrease, not statistically significant (p = 0.470), small effect size (d=-0.38)"}, {"cityName": "Duisburg", "timestamp": "2024-12", "value": 0.00014094478235794947, "incidence": 5.974193548387096, "pValue": 0.5695453089102454, "interpretation": "16.3% decrease, not statistically significant (p = 0.570), small effect size (d=-0.29)"}, {"cityName": "Essen", "timestamp": "2024-12", "value": 9.884308569897444e-05, "incidence": 6.1967741935483875, "pValue": 0.1445910350017341, "interpretation": "36.9% decrease, not statistically significant (p = 0.145), medium effect size (d=-0.74)"}, {"cityName": "Krefeld", "timestamp": "2024-12", "value": 0.00011776108294725418, "incidence": 6.793548387096774, "pValue": 0.9219804221199684, "interpretation": "3.2% decrease, not statistically significant (p = 0.922), negligible effect size (d=-0.05)"}, {"cityName": "M\u00f6nchengladbach", "timestamp": "2024-12", "value": 0.00010984251275658607, "incidence": 2.487096774193548, "pValue": 0.6698723691469718, "interpretation": "14.2% decrease, not statistically significant (p = 0.670), small effect size (d=-0.21)"}, {"cityName": "M\u00fclheim an der Ruhr", "timestamp": "2024-12", "value": 0.00012323349559058747, "incidence": 6.493548387096775, "pValue": 0.633427203620048, "interpretation": "14.3% decrease, not statistically significant (p = 0.633), small effect size (d=-0.24)"}, {"cityName": "Oberhausen", "timestamp": "2024-12", "value": 0.0001356717234907242, "incidence": 6.6806451612903235, "pValue": 0.9176697834834253, "interpretation": "4.6% increase, not statistically significant (p = 0.918), negligible effect size (d=0.06)"}, {"cityName": "Remscheid", "timestamp": "2024-12", "value": 8.802948674807946e-05, "incidence": 6.629032258064516, "pValue": 0.4307711988680849, "interpretation": "36.7% decrease, not statistically significant (p = 0.431), small effect size (d=-0.47)"}, {"cityName": "Solingen", "timestamp": "2024-12", "value": 9.544225031277165e-05, "incidence": 7.106451612903226, "pValue": 0.37810524718638483, "interpretation": "31.7% decrease, not statistically significant (p = 0.378), medium effect size (d=-0.52)"}, {"cityName": "Wuppertal", "timestamp": "2024-12", "value": 9.148072934261075e-05, "incidence": 7.1, "pValue": 0.6151210972915687, "interpretation": "18.3% decrease, not statistically significant (p = 0.615), small effect size (d=-0.29)"}, {"cityName": "Neuss", "timestamp": "2024-12", "value": 0.00011331002315273508, "incidence": 6.880645161290323, "pValue": 0.6313462348034475, "interpretation": "16.2% decrease, not statistically significant (p = 0.631), small effect size (d=-0.25)"}, {"cityName": "Moers", "timestamp": "2024-12", "value": 0.00013429992499628237, "incidence": 4.816129032258065, "pValue": 0.9665683751021349, "interpretation": "1.4% decrease, not statistically significant (p = 0.967), negligible effect size (d=-0.02)"}, {"cityName": "Bonn", "timestamp": "2024-12", "value": 8.381191979755054e-05, "incidence": 4.574193548387096, "pValue": 0.47433472470929317, "interpretation": "21.7% increase, not statistically significant (p = 0.474), small effect size (d=0.40)"}, {"cityName": "K\u00f6ln", "timestamp": "2024-12", "value": 9.737806653396951e-05, "incidence": 3.525806451612904, "pValue": 0.2906064707908076, "interpretation": "32.7% decrease, not statistically significant (p = 0.291), medium effect size (d=-0.58)"}, {"cityName": "Leverkusen", "timestamp": "2024-12", "value": 0.00010390299333569904, "incidence": 3.5999999999999996, "pValue": 0.592890465815564, "interpretation": "14.2% decrease, not statistically significant (p = 0.593), small effect size (d=-0.31)"}, {"cityName": "Aachen", "timestamp": "2024-12", "value": 6.931539271669141e-05, "incidence": 5.638709677419354, "pValue": 0.296827470965487, "interpretation": "40.7% increase, not statistically significant (p = 0.297), medium effect size (d=0.54)"}, {"cityName": "Bergisch Gladbach", "timestamp": "2024-12", "value": 9.874986218554633e-05, "incidence": 2.8161290322580643, "pValue": 0.7655539639331501, "interpretation": "9.2% increase, not statistically significant (p = 0.766), negligible effect size (d=0.17)"}, {"cityName": "Bottrop", "timestamp": "2024-12", "value": 0.00012900117401252776, "incidence": 11.27741935483871, "pValue": 0.7956861001238302, "interpretation": "10.1% decrease, not statistically significant (p = 0.796), negligible effect size (d=-0.15)"}, {"cityName": "Gelsenkirchen", "timestamp": "2024-12", "value": 0.00011366141466971706, "incidence": 8.709677419354838, "pValue": 0.3718726569593954, "interpretation": "30.4% decrease, not statistically significant (p = 0.372), medium effect size (d=-0.51)"}, {"cityName": "M\u00fcnster", "timestamp": "2024-12", "value": 8.648518767011793e-05, "incidence": 4.864516129032259, "pValue": 0.4974636877276264, "interpretation": "19.2% decrease, not statistically significant (p = 0.497), small effect size (d=-0.35)"}, {"cityName": "Recklinghausen", "timestamp": "2024-12", "value": 0.00011258128170783703, "incidence": 8.02258064516129, "pValue": 0.6520267026357431, "interpretation": "12.5% decrease, not statistically significant (p = 0.652), small effect size (d=-0.28)"}, {"cityName": "Bielefeld", "timestamp": "2024-12", "value": 7.960563137506445e-05, "incidence": 6.803225806451612, "pValue": 0.3529797356779054, "interpretation": "22.0% decrease, not statistically significant (p = 0.353), medium effect size (d=-0.52)"}, {"cityName": "G\u00fctersloh", "timestamp": "2024-12", "value": 7.381015457212925e-05, "incidence": 4.467741935483872, "pValue": 0.7203664252572112, "interpretation": "10.5% decrease, not statistically significant (p = 0.720), negligible effect size (d=-0.20)"}, {"cityName": "Paderborn", "timestamp": "2024-12", "value": 5.7480380600017884e-05, "incidence": 2.4870967741935477, "pValue": 0.42564175990355435, "interpretation": "24.0% decrease, not statistically significant (p = 0.426), small effect size (d=-0.43)"}, {"cityName": "Bochum", "timestamp": "2024-12", "value": 0.0001034330731878678, "incidence": 9.883870967741935, "pValue": 0.4163023838370409, "interpretation": "28.9% decrease, not statistically significant (p = 0.416), small effect size (d=-0.46)"}, {"cityName": "Dortmund", "timestamp": "2024-12", "value": 0.0001090600009204126, "incidence": 7.325806451612901, "pValue": 0.5690181181541962, "interpretation": "19.5% decrease, not statistically significant (p = 0.569), small effect size (d=-0.31)"}, {"cityName": "Hagen", "timestamp": "2024-12", "value": 7.681599978742928e-05, "incidence": 6.725806451612902, "pValue": 0.3019288836453654, "interpretation": "34.3% decrease, not statistically significant (p = 0.302), medium effect size (d=-0.59)"}, {"cityName": "Hamm", "timestamp": "2024-12", "value": 9.557595919995081e-05, "incidence": 5.190322580645161, "pValue": 0.7172089410537005, "interpretation": "13.0% decrease, not statistically significant (p = 0.717), negligible effect size (d=-0.19)"}, {"cityName": "Herne", "timestamp": "2024-12", "value": 0.00011569536291062832, "incidence": 5.148387096774195, "pValue": 0.2784054070680302, "interpretation": "37.7% decrease, not statistically significant (p = 0.278), medium effect size (d=-0.65)"}, {"cityName": "Siegen", "timestamp": "2024-12", "value": 7.049381965771318e-05, "incidence": 6.483870967741934, "pValue": 0.9377056447608987, "interpretation": "3.4% increase, not statistically significant (p = 0.938), negligible effect size (d=0.05)"}, {"cityName": "Darmstadt", "timestamp": "2024-12", "value": 7.387285586446524e-05, "incidence": 6.2774193548387105, "pValue": 0.27107749204148907, "interpretation": "29.5% decrease, not statistically significant (p = 0.271), medium effect size (d=-0.64)"}, {"cityName": "Frankfurt am Main", "timestamp": "2024-12", "value": 8.019622394137762e-05, "incidence": 4.564516129032258, "pValue": 0.27533286733351886, "interpretation": "26.8% decrease, not statistically significant (p = 0.275), medium effect size (d=-0.54)"}, {"cityName": "Offenbach am Main", "timestamp": "2024-12", "value": 6.615962642668323e-05, "incidence": 9.909677419354837, "pValue": 0.20259590360534133, "interpretation": "37.1% decrease, not statistically significant (p = 0.203), medium effect size (d=-0.72)"}, {"cityName": "Wiesbaden", "timestamp": "2024-12", "value": 8.458890564118822e-05, "incidence": 5.093548387096773, "pValue": 0.9477493696218586, "interpretation": "2.1% increase, not statistically significant (p = 0.948), negligible effect size (d=0.04)"}, {"cityName": "Hanau", "timestamp": "2024-12", "value": 6.759480143395755e-05, "incidence": 8.751612903225807, "pValue": 0.381559637594848, "interpretation": "23.6% decrease, not statistically significant (p = 0.382), small effect size (d=-0.48)"}, {"cityName": "Kassel", "timestamp": "2024-12", "value": 5.897935867930452e-05, "incidence": 5.96451612903226, "pValue": 0.7394915623377339, "interpretation": "7.5% increase, not statistically significant (p = 0.739), negligible effect size (d=0.18)"}, {"cityName": "Koblenz", "timestamp": "2024-12", "value": 9.880084285719527e-05, "incidence": 4.2548387096774185, "pValue": 0.4946282856958204, "interpretation": "33.2% increase, not statistically significant (p = 0.495), small effect size (d=0.49)"}, {"cityName": "Trier", "timestamp": "2024-12", "value": 7.909911219030618e-05, "incidence": 5.516129032258066, "pValue": 0.7711433872023713, "interpretation": "8.3% increase, not statistically significant (p = 0.771), negligible effect size (d=0.20)"}, {"cityName": "Kaiserslautern", "timestamp": "2024-12", "value": 5.914419531249083e-05, "incidence": 9.116129032258064, "pValue": 0.22443412844264174, "interpretation": "29.8% decrease, not statistically significant (p = 0.224), medium effect size (d=-0.67)"}, {"cityName": "Ludwigshafen am Rhein", "timestamp": "2024-12", "value": 9.93567518889904e-05, "incidence": 2.3, "pValue": 0.5041192758943092, "interpretation": "18.8% decrease, not statistically significant (p = 0.504), small effect size (d=-0.34)"}, {"cityName": "Mainz", "timestamp": "2024-12", "value": 7.859043398639187e-05, "incidence": 8.241935483870968, "pValue": 0.6487196808241096, "interpretation": "15.1% decrease, not statistically significant (p = 0.649), small effect size (d=-0.31)"}, {"cityName": "Stuttgart", "timestamp": "2024-12", "value": 8.884742985376054e-05, "incidence": 3.770967741935484, "pValue": 0.23025803855975885, "interpretation": "19.9% decrease, not statistically significant (p = 0.230), small effect size (d=-0.49)"}, {"cityName": "Heilbronn", "timestamp": "2024-12", "value": 9.432519113437997e-05, "incidence": 4.003225806451612, "pValue": 0.3841948809927942, "interpretation": "18.3% decrease, not statistically significant (p = 0.384), small effect size (d=-0.43)"}, {"cityName": "Karlsruhe", "timestamp": "2024-12", "value": 9.013384891053041e-05, "incidence": 3.796774193548387, "pValue": 0.40234149554150467, "interpretation": "22.7% decrease, not statistically significant (p = 0.402), small effect size (d=-0.40)"}, {"cityName": "Heidelberg", "timestamp": "2024-12", "value": 7.634482493526058e-05, "incidence": 4.274193548387097, "pValue": 0.3290495601725263, "interpretation": "22.0% decrease, not statistically significant (p = 0.329), small effect size (d=-0.48)"}, {"cityName": "Mannheim", "timestamp": "2024-12", "value": 0.00010028545744717121, "incidence": 8.01935483870968, "pValue": 0.403018602540012, "interpretation": "29.2% decrease, not statistically significant (p = 0.403), small effect size (d=-0.48)"}, {"cityName": "Pforzheim", "timestamp": "2024-12", "value": 7.634035622080167e-05, "incidence": 1.2419354838709675, "pValue": 0.8596195720077326, "interpretation": "4.4% increase, not statistically significant (p = 0.860), negligible effect size (d=0.08)"}, {"cityName": "Freiburg im Breisgau", "timestamp": "2024-12", "value": 6.87312352022639e-05, "incidence": 5.548387096774194, "pValue": 0.9988440705700268, "interpretation": "0.0% decrease, not statistically significant (p = 0.999), negligible effect size (d=-0.00)"}, {"cityName": "Reutlingen", "timestamp": "2024-12", "value": 6.828567711636424e-05, "incidence": 7.180645161290321, "pValue": 0.12252480095862807, "interpretation": "21.2% decrease, not statistically significant (p = 0.123), medium effect size (d=-0.65)"}, {"cityName": "Ulm", "timestamp": "2024-12", "value": 6.503153494314144e-05, "incidence": 7.954838709677417, "pValue": 0.8140509400969875, "interpretation": "8.3% decrease, not statistically significant (p = 0.814), negligible effect size (d=-0.12)"}, {"cityName": "Ingolstadt", "timestamp": "2024-12", "value": 5.193195344569782e-05, "incidence": 3.6516129032258062, "pValue": 0.2990500588207762, "interpretation": "26.9% decrease, not statistically significant (p = 0.299), medium effect size (d=-0.55)"}, {"cityName": "M\u00fcnchen", "timestamp": "2024-12", "value": 7.381737948610232e-05, "incidence": 4.490322580645162, "pValue": 0.6839871900981618, "interpretation": "10.8% decrease, not statistically significant (p = 0.684), negligible effect size (d=-0.17)"}, {"cityName": "Regensburg", "timestamp": "2024-12", "value": 6.336312120159467e-05, "incidence": 4.322580645161292, "pValue": 0.6120355200937316, "interpretation": "15.0% decrease, not statistically significant (p = 0.612), small effect size (d=-0.32)"}, {"cityName": "Erlangen", "timestamp": "2024-12", "value": 6.46484799550048e-05, "incidence": 6.880645161290322, "pValue": 0.9792574182571151, "interpretation": "0.9% decrease, not statistically significant (p = 0.979), negligible effect size (d=-0.01)"}, {"cityName": "F\u00fcrth", "timestamp": "2024-12", "value": 8.238115115091204e-05, "incidence": 10.50967741935484, "pValue": 0.34313919360612755, "interpretation": "39.5% increase, not statistically significant (p = 0.343), medium effect size (d=0.54)"}, {"cityName": "N\u00fcrnberg", "timestamp": "2024-12", "value": 7.381956234122768e-05, "incidence": 6.345161290322581, "pValue": 0.7869764681963122, "interpretation": "6.1% increase, not statistically significant (p = 0.787), negligible effect size (d=0.15)"}, {"cityName": "W\u00fcrzburg", "timestamp": "2024-12", "value": 5.517332465387881e-05, "incidence": 6.812903225806452, "pValue": 0.4785172967163006, "interpretation": "30.4% decrease, not statistically significant (p = 0.479), small effect size (d=-0.48)"}, {"cityName": "Augsburg", "timestamp": "2024-12", "value": 6.988229982268352e-05, "incidence": 3.9161290322580644, "pValue": 0.745134955702351, "interpretation": "8.1% increase, not statistically significant (p = 0.745), negligible effect size (d=0.16)"}, {"cityName": "Saarbr\u00fccken", "timestamp": "2024-12", "value": 7.079007724920908e-05, "incidence": 9.225806451612904, "pValue": 0.7684799928697112, "interpretation": "10.7% decrease, not statistically significant (p = 0.768), negligible effect size (d=-0.18)"}, {"cityName": "Berlin", "timestamp": "2024-12", "value": 7.414443009510273e-05, "incidence": 0.0, "pValue": 0.6657990563673122, "interpretation": "14.1% increase, not statistically significant (p = 0.666), small effect size (d=0.22)"}, {"cityName": "Cottbus", "timestamp": "2024-12", "value": 9.16087390998235e-05, "incidence": 21.280645161290327, "pValue": 0.13543296316496672, "interpretation": "83.1% increase, not statistically significant (p = 0.135), medium effect size (d=0.80)"}, {"cityName": "Potsdam", "timestamp": "2024-12", "value": 5.657133399782812e-05, "incidence": 8.019354838709674, "pValue": 0.9195530316147577, "interpretation": "3.3% increase, not statistically significant (p = 0.920), negligible effect size (d=0.05)"}, {"cityName": "Rostock", "timestamp": "2024-12", "value": 4.3948180973529816e-05, "incidence": 14.087096774193549, "pValue": 0.4799164870229857, "interpretation": "26.8% decrease, not statistically significant (p = 0.480), small effect size (d=-0.41)"}, {"cityName": "Chemnitz", "timestamp": "2024-12", "value": 6.383714243406203e-05, "incidence": 22.167741935483868, "pValue": 0.21451114848871583, "interpretation": "26.0% increase, not statistically significant (p = 0.215), medium effect size (d=0.52)"}, {"cityName": "Dresden", "timestamp": "2024-12", "value": 8.4685068577528e-05, "incidence": 18.587096774193547, "pValue": 0.30974882286295424, "interpretation": "23.7% increase, not statistically significant (p = 0.310), small effect size (d=0.43)"}, {"cityName": "Leipzig", "timestamp": "2024-12", "value": 8.041229025990356e-05, "incidence": 19.47096774193548, "pValue": 0.595837805874377, "interpretation": "11.8% increase, not statistically significant (p = 0.596), small effect size (d=0.24)"}, {"cityName": "Halle (Saale)", "timestamp": "2024-12", "value": 7.470520601297419e-05, "incidence": 22.67419354838709, "pValue": 0.19054311744521782, "interpretation": "37.2% increase, not statistically significant (p = 0.191), medium effect size (d=0.62)"}, {"cityName": "Magdeburg", "timestamp": "2024-12", "value": 4.90633354179169e-05, "incidence": 20.41935483870968, "pValue": 0.6615320914340963, "interpretation": "12.8% decrease, not statistically significant (p = 0.662), small effect size (d=-0.22)"}, {"cityName": "Erfurt", "timestamp": "2024-12", "value": 6.285395988441528e-05, "incidence": 9.729032258064517, "pValue": 0.6083733758263753, "interpretation": "10.2% increase, not statistically significant (p = 0.608), small effect size (d=0.21)"}, {"cityName": "Jena", "timestamp": "2024-12", "value": 6.908984182195531e-05, "incidence": 17.50645161290323, "pValue": 0.22088300767388036, "interpretation": "28.3% increase, not statistically significant (p = 0.221), medium effect size (d=0.58)"}]