[{"cityName": "Kiel", "timestamp": "2022-09", "value": 3.3929284351567425e-05, "incidence": 228.88, "pValue": 0.8073752520836607, "interpretation": "4.0% increase, not statistically significant (p = 0.807), negligible effect size (d=0.10)"}, {"cityName": "L\u00fcbeck", "timestamp": "2022-09", "value": 3.511961808221208e-05, "incidence": 285.6566666666667, "pValue": 0.46283586346801375, "interpretation": "12.5% decrease, not statistically significant (p = 0.463), small effect size (d=-0.36)"}, {"cityName": "Hamburg", "timestamp": "2022-09", "value": 5.9031729620915874e-05, "incidence": 202.17333333333332, "pValue": 0.4457777384152115, "interpretation": "14.3% decrease, not statistically significant (p = 0.446), small effect size (d=-0.29)"}, {"cityName": "Braunschweig", "timestamp": "2022-09", "value": 4.8678306698360865e-05, "incidence": 290.2666666666666, "pValue": 0.06932915143863548, "interpretation": "20.3% decrease, not statistically significant (p = 0.069), medium effect size (d=-0.78)"}, {"cityName": "Salzgitter", "timestamp": "2022-09", "value": 4.8670487012714146e-05, "incidence": 257.36666666666673, "pValue": 0.3103727702712449, "interpretation": "10.9% decrease, not statistically significant (p = 0.310), small effect size (d=-0.40)"}, {"cityName": "Wolfsburg", "timestamp": "2022-09", "value": 4.8871014242697706e-05, "incidence": 320.81999999999994, "pValue": 0.07577554145617518, "interpretation": "27.0% decrease, not statistically significant (p = 0.076), large effect size (d=-0.81)"}, {"cityName": "G\u00f6ttingen", "timestamp": "2022-09", "value": 4.106084816157818e-05, "incidence": 341.1266666666667, "pValue": 0.20300119043812614, "interpretation": "13.3% decrease, not statistically significant (p = 0.203), medium effect size (d=-0.56)"}, {"cityName": "Hannover", "timestamp": "2022-09", "value": 5.94268908332053e-05, "incidence": 293.7233333333334, "pValue": 0.1797697545743875, "interpretation": "15.5% decrease, not statistically significant (p = 0.180), medium effect size (d=-0.60)"}, {"cityName": "Hildesheim", "timestamp": "2022-09", "value": 4.897688460700652e-05, "incidence": 344.4133333333333, "pValue": 0.5846234895385531, "interpretation": "7.5% decrease, not statistically significant (p = 0.585), small effect size (d=-0.23)"}, {"cityName": "Oldenburg (Oldb)", "timestamp": "2022-09", "value": 4.3968259706161914e-05, "incidence": 369.9766666666667, "pValue": 0.6438110654616045, "interpretation": "7.9% decrease, not statistically significant (p = 0.644), small effect size (d=-0.21)"}, {"cityName": "Osnabr\u00fcck", "timestamp": "2022-09", "value": 6.803289182822813e-05, "incidence": 287.77333333333337, "pValue": 0.5742953517597814, "interpretation": "10.5% increase, not statistically significant (p = 0.574), small effect size (d=0.24)"}, {"cityName": "Bremen", "timestamp": "2022-09", "value": 4.5699498723032046e-05, "incidence": 325.75, "pValue": 0.5011784873307629, "interpretation": "9.5% decrease, not statistically significant (p = 0.501), small effect size (d=-0.27)"}, {"cityName": "Bremerhaven", "timestamp": "2022-09", "value": 4.554423503577709e-05, "incidence": 299.74, "pValue": 0.17045011410254238, "interpretation": "31.4% increase, not statistically significant (p = 0.170), medium effect size (d=0.63)"}, {"cityName": "D\u00fcsseldorf", "timestamp": "2022-09", "value": 0.0001141934360309345, "incidence": 234.22, "pValue": 0.45229315671109505, "interpretation": "9.4% decrease, not statistically significant (p = 0.452), small effect size (d=-0.27)"}, {"cityName": "Duisburg", "timestamp": "2022-09", "value": 0.00011139026341529992, "incidence": 172.72666666666672, "pValue": 0.740943349677543, "interpretation": "7.1% decrease, not statistically significant (p = 0.741), negligible effect size (d=-0.12)"}, {"cityName": "Essen", "timestamp": "2022-09", "value": 0.00010275217489554331, "incidence": 261.18000000000006, "pValue": 0.3752648157261803, "interpretation": "15.5% decrease, not statistically significant (p = 0.375), small effect size (d=-0.37)"}, {"cityName": "Krefeld", "timestamp": "2022-09", "value": 0.00010193193044800025, "incidence": 218.70666666666668, "pValue": 0.6035318087945216, "interpretation": "11.6% decrease, not statistically significant (p = 0.604), small effect size (d=-0.20)"}, {"cityName": "M\u00f6nchengladbach", "timestamp": "2022-09", "value": 0.0001014742181347362, "incidence": 279.2566666666667, "pValue": 0.6331812567212949, "interpretation": "10.3% decrease, not statistically significant (p = 0.633), negligible effect size (d=-0.18)"}, {"cityName": "M\u00fclheim an der Ruhr", "timestamp": "2022-09", "value": 9.707102759016884e-05, "incidence": 258.7433333333334, "pValue": 0.19276281003918883, "interpretation": "20.6% decrease, not statistically significant (p = 0.193), medium effect size (d=-0.57)"}, {"cityName": "Oberhausen", "timestamp": "2022-09", "value": 0.00010925465120145908, "incidence": 213.15, "pValue": 0.08665145348718208, "interpretation": "29.3% decrease, not statistically significant (p = 0.087), medium effect size (d=-0.77)"}, {"cityName": "Remscheid", "timestamp": "2022-09", "value": 7.493498269468546e-05, "incidence": 292.43, "pValue": 0.9945257356183027, "interpretation": "0.2% decrease, not statistically significant (p = 0.995), negligible effect size (d=-0.00)"}, {"cityName": "Solingen", "timestamp": "2022-09", "value": 0.00011283031926723197, "incidence": 277.03999999999996, "pValue": 0.6057496636299382, "interpretation": "11.4% increase, not statistically significant (p = 0.606), small effect size (d=0.23)"}, {"cityName": "Wuppertal", "timestamp": "2022-09", "value": 0.00011008565693541809, "incidence": 289.7699999999999, "pValue": 0.30302264293322917, "interpretation": "26.4% increase, not statistically significant (p = 0.303), small effect size (d=0.48)"}, {"cityName": "Neuss", "timestamp": "2022-09", "value": 0.00010722318256739527, "incidence": 244.74000000000007, "pValue": 0.7830088263636569, "interpretation": "4.6% decrease, not statistically significant (p = 0.783), negligible effect size (d=-0.11)"}, {"cityName": "Moers", "timestamp": "2022-09", "value": 9.404872045187014e-05, "incidence": 287.5566666666666, "pValue": 0.11938276106315342, "interpretation": "32.0% decrease, not statistically significant (p = 0.119), medium effect size (d=-0.62)"}, {"cityName": "Bonn", "timestamp": "2022-09", "value": 6.868538912385702e-05, "incidence": 259.91, "pValue": 0.04926819027799084, "interpretation": "29.5% decrease, significant (p = 0.049), large effect size (d=-0.85)"}, {"cityName": "K\u00f6ln", "timestamp": "2022-09", "value": 0.00011912236611048381, "incidence": 277.78, "pValue": 0.7819991177235676, "interpretation": "4.5% decrease, not statistically significant (p = 0.782), negligible effect size (d=-0.11)"}, {"cityName": "Leverkusen", "timestamp": "2022-09", "value": 0.00011590077580573659, "incidence": 314.1166666666666, "pValue": 0.950911402673414, "interpretation": "1.2% decrease, not statistically significant (p = 0.951), negligible effect size (d=-0.03)"}, {"cityName": "Aachen", "timestamp": "2022-09", "value": 5.2960268382368414e-05, "incidence": 272.94666666666666, "pValue": 0.9376518823867156, "interpretation": "1.2% increase, not statistically significant (p = 0.938), negligible effect size (d=0.03)"}, {"cityName": "Bergisch Gladbach", "timestamp": "2022-09", "value": 8.777563094294496e-05, "incidence": 315.6133333333334, "pValue": 0.3245526027233423, "interpretation": "24.9% decrease, not statistically significant (p = 0.325), small effect size (d=-0.46)"}, {"cityName": "Bottrop", "timestamp": "2022-09", "value": 0.00011330269797540763, "incidence": 276.9433333333333, "pValue": 0.37370434573135314, "interpretation": "18.2% decrease, not statistically significant (p = 0.374), small effect size (d=-0.37)"}, {"cityName": "Gelsenkirchen", "timestamp": "2022-09", "value": 0.000108495368348325, "incidence": 255.88, "pValue": 0.6317015032069349, "interpretation": "10.5% decrease, not statistically significant (p = 0.632), small effect size (d=-0.20)"}, {"cityName": "M\u00fcnster", "timestamp": "2022-09", "value": 6.94831343073594e-05, "incidence": 291.2966666666667, "pValue": 0.9454672992056323, "interpretation": "1.4% decrease, not statistically significant (p = 0.945), negligible effect size (d=-0.03)"}, {"cityName": "Recklinghausen", "timestamp": "2022-09", "value": 8.985316022657431e-05, "incidence": 250.44666666666666, "pValue": 0.13581469178766134, "interpretation": "36.3% decrease, not statistically significant (p = 0.136), medium effect size (d=-0.67)"}, {"cityName": "Bielefeld", "timestamp": "2022-09", "value": 5.203365193059047e-05, "incidence": 311.3666666666666, "pValue": 0.11334756951717578, "interpretation": "24.4% decrease, not statistically significant (p = 0.113), medium effect size (d=-0.62)"}, {"cityName": "G\u00fctersloh", "timestamp": "2022-09", "value": 5.5487884674221276e-05, "incidence": 300.9200000000001, "pValue": 0.33075163582172784, "interpretation": "18.3% decrease, not statistically significant (p = 0.331), small effect size (d=-0.42)"}, {"cityName": "Paderborn", "timestamp": "2022-09", "value": 6.035405526598615e-05, "incidence": 208.22, "pValue": 0.42276523544220546, "interpretation": "14.5% decrease, not statistically significant (p = 0.423), small effect size (d=-0.34)"}, {"cityName": "Bochum", "timestamp": "2022-09", "value": 8.59443680383265e-05, "incidence": 286.57, "pValue": 0.1211972369874777, "interpretation": "28.6% decrease, not statistically significant (p = 0.121), medium effect size (d=-0.67)"}, {"cityName": "Dortmund", "timestamp": "2022-09", "value": 8.199044375442991e-05, "incidence": 301.70333333333326, "pValue": 0.08459059058099276, "interpretation": "29.8% decrease, not statistically significant (p = 0.085), medium effect size (d=-0.75)"}, {"cityName": "Hagen", "timestamp": "2022-09", "value": 8.014599182482423e-05, "incidence": 256.94, "pValue": 0.7880737496715151, "interpretation": "6.5% decrease, not statistically significant (p = 0.788), negligible effect size (d=-0.13)"}, {"cityName": "Hamm", "timestamp": "2022-09", "value": 7.658521644771099e-05, "incidence": 291.8433333333333, "pValue": 0.1910044185947908, "interpretation": "26.5% decrease, not statistically significant (p = 0.191), small effect size (d=-0.49)"}, {"cityName": "Herne", "timestamp": "2022-09", "value": 8.779264753684401e-05, "incidence": 295.3999999999999, "pValue": 0.26956614652045524, "interpretation": "21.2% decrease, not statistically significant (p = 0.270), small effect size (d=-0.46)"}, {"cityName": "Siegen", "timestamp": "2022-09", "value": 5.658693262375891e-05, "incidence": 331.97666666666663, "pValue": 0.5652775582006706, "interpretation": "11.5% increase, not statistically significant (p = 0.565), small effect size (d=0.29)"}, {"cityName": "Darmstadt", "timestamp": "2022-09", "value": 6.182261594486508e-05, "incidence": 328.6199999999999, "pValue": 0.005486308671350224, "interpretation": "23.8% decrease, very significant (p < 0.01), large effect size (d=-1.17)"}, {"cityName": "Frankfurt am Main", "timestamp": "2022-09", "value": 8.719633545049213e-05, "incidence": 235.58666666666667, "pValue": 0.05540619545562459, "interpretation": "24.8% decrease, not statistically significant (p = 0.055), medium effect size (d=-0.72)"}, {"cityName": "Offenbach am Main", "timestamp": "2022-09", "value": 7.351633394137025e-05, "incidence": 238.0666666666666, "pValue": 0.037746316901824804, "interpretation": "23.7% decrease, significant (p = 0.038), large effect size (d=-0.90)"}, {"cityName": "Wiesbaden", "timestamp": "2022-09", "value": 8.697525158317553e-05, "incidence": 336.85999999999996, "pValue": 0.7556338560765065, "interpretation": "4.3% increase, not statistically significant (p = 0.756), negligible effect size (d=0.12)"}, {"cityName": "Hanau", "timestamp": "2022-09", "value": 6.411885932231179e-05, "incidence": 356.5299999999999, "pValue": 0.022762820006426123, "interpretation": "24.2% decrease, significant (p = 0.023), large effect size (d=-0.96)"}, {"cityName": "Kassel", "timestamp": "2022-09", "value": 5.6529430569046075e-05, "incidence": 246.96, "pValue": 0.22958081305670133, "interpretation": "17.0% decrease, not statistically significant (p = 0.230), medium effect size (d=-0.56)"}, {"cityName": "Koblenz", "timestamp": "2022-09", "value": 5.45170688484278e-05, "incidence": 326.4866666666667, "pValue": 0.029365506044581994, "interpretation": "22.7% decrease, significant (p = 0.029), large effect size (d=-0.87)"}, {"cityName": "Trier", "timestamp": "2022-09", "value": 4.2535283137112855e-05, "incidence": 282.0, "pValue": 0.00752464010916572, "interpretation": "18.8% decrease, very significant (p < 0.01), large effect size (d=-1.29)"}, {"cityName": "Kaiserslautern", "timestamp": "2022-09", "value": 4.711030767514156e-05, "incidence": 369.0766666666667, "pValue": 0.3168106908348772, "interpretation": "12.9% decrease, not statistically significant (p = 0.317), small effect size (d=-0.48)"}, {"cityName": "Ludwigshafen am Rhein", "timestamp": "2022-09", "value": 7.116733953201522e-05, "incidence": 231.62333333333333, "pValue": 0.08332715405209504, "interpretation": "22.3% decrease, not statistically significant (p = 0.083), medium effect size (d=-0.71)"}, {"cityName": "Mainz", "timestamp": "2022-09", "value": 7.155495404731482e-05, "incidence": 318.44, "pValue": 0.46368090175012655, "interpretation": "8.3% decrease, not statistically significant (p = 0.464), small effect size (d=-0.28)"}, {"cityName": "Stuttgart", "timestamp": "2022-09", "value": 6.102955537951655e-05, "incidence": 171.93666666666664, "pValue": 0.3588815925678519, "interpretation": "14.5% decrease, not statistically significant (p = 0.359), small effect size (d=-0.41)"}, {"cityName": "Heilbronn", "timestamp": "2022-09", "value": 5.18585180139376e-05, "incidence": 176.29333333333335, "pValue": 0.5298666729461099, "interpretation": "10.0% decrease, not statistically significant (p = 0.530), small effect size (d=-0.27)"}, {"cityName": "Karlsruhe", "timestamp": "2022-09", "value": 5.9951663327713804e-05, "incidence": 220.06999999999996, "pValue": 0.13001271252683896, "interpretation": "19.9% decrease, not statistically significant (p = 0.130), medium effect size (d=-0.56)"}, {"cityName": "Heidelberg", "timestamp": "2022-09", "value": 4.79153761836259e-05, "incidence": 221.30666666666667, "pValue": 0.08253737628786104, "interpretation": "24.4% decrease, not statistically significant (p = 0.083), medium effect size (d=-0.70)"}, {"cityName": "Mannheim", "timestamp": "2022-09", "value": 8.010974153876304e-05, "incidence": 217.46999999999994, "pValue": 0.10329308295440172, "interpretation": "22.2% decrease, not statistically significant (p = 0.103), medium effect size (d=-0.68)"}, {"cityName": "Pforzheim", "timestamp": "2022-09", "value": 4.746922705736425e-05, "incidence": 228.47666666666663, "pValue": 0.2472715678831636, "interpretation": "18.1% decrease, not statistically significant (p = 0.247), small effect size (d=-0.49)"}, {"cityName": "Freiburg im Breisgau", "timestamp": "2022-09", "value": 3.265096435185384e-05, "incidence": 205.7833333333333, "pValue": 0.003473780857341581, "interpretation": "33.0% decrease, very significant (p < 0.01), large effect size (d=-1.08)"}, {"cityName": "Reutlingen", "timestamp": "2022-09", "value": 3.946870128856972e-05, "incidence": 228.23999999999995, "pValue": 0.07108853887810596, "interpretation": "22.2% decrease, not statistically significant (p = 0.071), medium effect size (d=-0.79)"}, {"cityName": "Ulm", "timestamp": "2022-09", "value": 4.5042877134523895e-05, "incidence": 217.35666666666665, "pValue": 0.31524654702448657, "interpretation": "17.2% decrease, not statistically significant (p = 0.315), small effect size (d=-0.45)"}, {"cityName": "Ingolstadt", "timestamp": "2022-09", "value": 4.0564205846749246e-05, "incidence": 344.09000000000003, "pValue": 0.11585649457320296, "interpretation": "17.9% decrease, not statistically significant (p = 0.116), medium effect size (d=-0.69)"}, {"cityName": "M\u00fcnchen", "timestamp": "2022-09", "value": 4.726262369121496e-05, "incidence": 279.63666666666666, "pValue": 0.028048557339448468, "interpretation": "26.4% decrease, significant (p = 0.028), large effect size (d=-0.98)"}, {"cityName": "Regensburg", "timestamp": "2022-09", "value": 3.9210946609576544e-05, "incidence": 294.62333333333333, "pValue": 0.25513973418347585, "interpretation": "15.8% decrease, not statistically significant (p = 0.255), medium effect size (d=-0.53)"}, {"cityName": "Erlangen", "timestamp": "2022-09", "value": 4.456325716871236e-05, "incidence": 198.0666666666667, "pValue": 0.6607584055133637, "interpretation": "5.9% increase, not statistically significant (p = 0.661), small effect size (d=0.21)"}, {"cityName": "F\u00fcrth", "timestamp": "2022-09", "value": 4.8480165423825385e-05, "incidence": 279.62, "pValue": 0.9228820379746556, "interpretation": "1.5% increase, not statistically significant (p = 0.923), negligible effect size (d=0.05)"}, {"cityName": "N\u00fcrnberg", "timestamp": "2022-09", "value": 4.277114445964495e-05, "incidence": 223.21666666666667, "pValue": 0.09763099347736691, "interpretation": "21.4% decrease, not statistically significant (p = 0.098), medium effect size (d=-0.76)"}, {"cityName": "W\u00fcrzburg", "timestamp": "2022-09", "value": 4.6922046749386936e-05, "incidence": 267.59666666666664, "pValue": 0.2604466091177954, "interpretation": "12.2% decrease, not statistically significant (p = 0.260), small effect size (d=-0.46)"}, {"cityName": "Augsburg", "timestamp": "2022-09", "value": 4.114175233273552e-05, "incidence": 269.75333333333333, "pValue": 0.02615044883831541, "interpretation": "28.7% decrease, significant (p = 0.026), large effect size (d=-0.93)"}, {"cityName": "Saarbr\u00fccken", "timestamp": "2022-09", "value": 4.562383983284235e-05, "incidence": 308.4, "pValue": 0.9057365104862466, "interpretation": "1.7% decrease, not statistically significant (p = 0.906), negligible effect size (d=-0.05)"}, {"cityName": "Berlin", "timestamp": "2022-09", "value": 4.140171790268363e-05, "incidence": 0.0, "pValue": 0.07007411607125133, "interpretation": "20.5% decrease, not statistically significant (p = 0.070), medium effect size (d=-0.68)"}, {"cityName": "Cottbus", "timestamp": "2022-09", "value": 4.948499666240353e-05, "incidence": 304.6566666666667, "pValue": 0.9232133978060297, "interpretation": "1.8% increase, not statistically significant (p = 0.923), negligible effect size (d=0.04)"}, {"cityName": "Potsdam", "timestamp": "2022-09", "value": 3.72625860002111e-05, "incidence": 335.3933333333333, "pValue": 0.39545908055866374, "interpretation": "11.9% decrease, not statistically significant (p = 0.395), small effect size (d=-0.36)"}, {"cityName": "Rostock", "timestamp": "2022-09", "value": 3.3312861694756783e-05, "incidence": 330.25666666666655, "pValue": 0.9340504439382808, "interpretation": "1.6% decrease, not statistically significant (p = 0.934), negligible effect size (d=-0.04)"}, {"cityName": "Chemnitz", "timestamp": "2022-09", "value": 4.1420696439539515e-05, "incidence": 319.0866666666667, "pValue": 0.14029127065323974, "interpretation": "19.7% decrease, not statistically significant (p = 0.140), medium effect size (d=-0.71)"}, {"cityName": "Dresden", "timestamp": "2022-09", "value": 4.996584559028799e-05, "incidence": 309.0199999999999, "pValue": 0.03133213310255431, "interpretation": "25.4% decrease, significant (p = 0.031), large effect size (d=-0.94)"}, {"cityName": "Leipzig", "timestamp": "2022-09", "value": 5.1371643648428074e-05, "incidence": 280.4833333333334, "pValue": 0.11467452959140839, "interpretation": "16.9% decrease, not statistically significant (p = 0.115), medium effect size (d=-0.64)"}, {"cityName": "Halle (Saale)", "timestamp": "2022-09", "value": 4.2966882271381714e-05, "incidence": 298.0199999999999, "pValue": 0.4061154843083612, "interpretation": "11.5% decrease, not statistically significant (p = 0.406), small effect size (d=-0.33)"}, {"cityName": "Magdeburg", "timestamp": "2022-09", "value": 4.5127566217591887e-05, "incidence": 183.0933333333333, "pValue": 0.3836044096258818, "interpretation": "10.4% decrease, not statistically significant (p = 0.384), small effect size (d=-0.34)"}, {"cityName": "Erfurt", "timestamp": "2022-09", "value": 3.773029992713573e-05, "incidence": 213.13000000000002, "pValue": 0.2185726930850497, "interpretation": "13.8% decrease, not statistically significant (p = 0.219), medium effect size (d=-0.51)"}, {"cityName": "Jena", "timestamp": "2022-09", "value": 3.692439834897717e-05, "incidence": 258.40000000000003, "pValue": 0.8142485380330438, "interpretation": "2.9% decrease, not statistically significant (p = 0.814), negligible effect size (d=-0.10)"}]