[{"cityName": "Kiel", "timestamp": "2024-01", "value": 2.3035476693794842e-05, "incidence": 7.938709677419352, "pValue": 0.5836443020215005, "interpretation": "23.7% decrease, not statistically significant (p = 0.584), small effect size (d=-0.22)"}, {"cityName": "L\u00fcbeck", "timestamp": "2024-01", "value": 3.415114608489805e-05, "incidence": 11.054838709677421, "pValue": 0.31766746790750805, "interpretation": "33.7% decrease, not statistically significant (p = 0.318), small effect size (d=-0.40)"}, {"cityName": "Hamburg", "timestamp": "2024-01", "value": 7.568192150857714e-05, "incidence": 10.296774193548387, "pValue": 0.2715280837647988, "interpretation": "51.9% increase, not statistically significant (p = 0.272), medium effect size (d=0.52)"}, {"cityName": "Braunschweig", "timestamp": "2024-01", "value": 7.862479919019868e-05, "incidence": 13.648387096774194, "pValue": 0.3516955897264378, "interpretation": "20.0% increase, not statistically significant (p = 0.352), small effect size (d=0.36)"}, {"cityName": "Salzgitter", "timestamp": "2024-01", "value": 6.200296338647604e-05, "incidence": 9.251612903225807, "pValue": 0.6166832146792636, "interpretation": "8.9% decrease, not statistically significant (p = 0.617), negligible effect size (d=-0.19)"}, {"cityName": "Wolfsburg", "timestamp": "2024-01", "value": 7.248804659435624e-05, "incidence": 9.264516129032257, "pValue": 0.6491516116604916, "interpretation": "10.1% increase, not statistically significant (p = 0.649), negligible effect size (d=0.18)"}, {"cityName": "G\u00f6ttingen", "timestamp": "2024-01", "value": 7.11475011138689e-05, "incidence": 14.129032258064514, "pValue": 0.40311935441437996, "interpretation": "22.2% increase, not statistically significant (p = 0.403), small effect size (d=0.37)"}, {"cityName": "Hannover", "timestamp": "2024-01", "value": 6.977193621232321e-05, "incidence": 13.203225806451611, "pValue": 0.9760240206282498, "interpretation": "0.7% increase, not statistically significant (p = 0.976), negligible effect size (d=0.01)"}, {"cityName": "Hildesheim", "timestamp": "2024-01", "value": 6.888027522055542e-05, "incidence": 7.770967741935484, "pValue": 0.6458077924656731, "interpretation": "10.6% increase, not statistically significant (p = 0.646), negligible effect size (d=0.19)"}, {"cityName": "Oldenburg (Oldb)", "timestamp": "2024-01", "value": 4.7327778884209695e-05, "incidence": 7.90967741935484, "pValue": 0.1009435081491358, "interpretation": "38.6% decrease, not statistically significant (p = 0.101), medium effect size (d=-0.74)"}, {"cityName": "Osnabr\u00fcck", "timestamp": "2024-01", "value": 6.637580438771032e-05, "incidence": 12.848387096774196, "pValue": 0.45756732938527833, "interpretation": "18.2% decrease, not statistically significant (p = 0.458), small effect size (d=-0.31)"}, {"cityName": "Bremen", "timestamp": "2024-01", "value": 6.007340538208602e-05, "incidence": 11.16774193548387, "pValue": 0.5143345409836793, "interpretation": "20.0% increase, not statistically significant (p = 0.514), small effect size (d=0.24)"}, {"cityName": "Bremerhaven", "timestamp": "2024-01", "value": 5.5933304663215366e-05, "incidence": 3.122580645161291, "pValue": 0.45836541499102534, "interpretation": "35.5% increase, not statistically significant (p = 0.458), small effect size (d=0.37)"}, {"cityName": "D\u00fcsseldorf", "timestamp": "2024-01", "value": 0.00013707906416640048, "incidence": 11.290322580645162, "pValue": 0.7093559070993524, "interpretation": "10.3% increase, not statistically significant (p = 0.709), negligible effect size (d=0.15)"}, {"cityName": "Duisburg", "timestamp": "2024-01", "value": 0.0001341596198005554, "incidence": 11.87741935483871, "pValue": 0.6924380591200238, "interpretation": "8.2% decrease, not statistically significant (p = 0.692), negligible effect size (d=-0.14)"}, {"cityName": "Essen", "timestamp": "2024-01", "value": 0.0001261560126948051, "incidence": 9.777419354838708, "pValue": 0.9436069146875661, "interpretation": "1.7% increase, not statistically significant (p = 0.944), negligible effect size (d=0.03)"}, {"cityName": "Krefeld", "timestamp": "2024-01", "value": 0.00013359062946759738, "incidence": 16.241935483870964, "pValue": 0.43407860041102675, "interpretation": "21.8% increase, not statistically significant (p = 0.434), small effect size (d=0.31)"}, {"cityName": "M\u00f6nchengladbach", "timestamp": "2024-01", "value": 0.00010326588205222426, "incidence": 6.087096774193548, "pValue": 0.35087898668790807, "interpretation": "27.0% increase, not statistically significant (p = 0.351), small effect size (d=0.35)"}, {"cityName": "M\u00fclheim an der Ruhr", "timestamp": "2024-01", "value": 0.00013081867816961475, "incidence": 17.329032258064515, "pValue": 0.5885816650815663, "interpretation": "12.2% decrease, not statistically significant (p = 0.589), small effect size (d=-0.22)"}, {"cityName": "Oberhausen", "timestamp": "2024-01", "value": 0.00011899626742188747, "incidence": 8.806451612903226, "pValue": 0.13288039216405798, "interpretation": "29.8% decrease, not statistically significant (p = 0.133), medium effect size (d=-0.67)"}, {"cityName": "Remscheid", "timestamp": "2024-01", "value": 8.58927300820748e-05, "incidence": 9.241935483870968, "pValue": 0.6991073830572994, "interpretation": "9.1% decrease, not statistically significant (p = 0.699), negligible effect size (d=-0.17)"}, {"cityName": "Solingen", "timestamp": "2024-01", "value": 0.00012310827150940895, "incidence": 8.70967741935484, "pValue": 0.8974010003771292, "interpretation": "3.1% increase, not statistically significant (p = 0.897), negligible effect size (d=0.05)"}, {"cityName": "Wuppertal", "timestamp": "2024-01", "value": 0.00010626935572535904, "incidence": 14.012903225806452, "pValue": 0.8054626315651258, "interpretation": "5.3% increase, not statistically significant (p = 0.805), negligible effect size (d=0.10)"}, {"cityName": "Neuss", "timestamp": "2024-01", "value": 0.00010688407201087102, "incidence": 13.838709677419352, "pValue": 0.5151721614274081, "interpretation": "17.9% decrease, not statistically significant (p = 0.515), small effect size (d=-0.27)"}, {"cityName": "Moers", "timestamp": "2024-01", "value": 0.00012738744096298303, "incidence": 7.396774193548388, "pValue": 0.9936053855899138, "interpretation": "0.2% decrease, not statistically significant (p = 0.994), negligible effect size (d=-0.00)"}, {"cityName": "Bonn", "timestamp": "2024-01", "value": 8.101108356971632e-05, "incidence": 7.483870967741937, "pValue": 0.03882642171531255, "interpretation": "39.4% decrease, significant (p = 0.039), large effect size (d=-0.87)"}, {"cityName": "K\u00f6ln", "timestamp": "2024-01", "value": 0.0001522825461708837, "incidence": 8.470967741935485, "pValue": 0.6842248974095668, "interpretation": "11.7% increase, not statistically significant (p = 0.684), negligible effect size (d=0.14)"}, {"cityName": "Leverkusen", "timestamp": "2024-01", "value": 0.00015335944287168482, "incidence": 21.077419354838707, "pValue": 0.6524851980812592, "interpretation": "13.7% increase, not statistically significant (p = 0.652), small effect size (d=0.20)"}, {"cityName": "Aachen", "timestamp": "2024-01", "value": 0.00010107802869430904, "incidence": 7.245161290322579, "pValue": 0.752214266064082, "interpretation": "9.6% decrease, not statistically significant (p = 0.752), negligible effect size (d=-0.12)"}, {"cityName": "Bergisch Gladbach", "timestamp": "2024-01", "value": 0.0001068354384707553, "incidence": 5.506451612903224, "pValue": 0.6942222241082023, "interpretation": "11.2% decrease, not statistically significant (p = 0.694), negligible effect size (d=-0.17)"}, {"cityName": "Bottrop", "timestamp": "2024-01", "value": 0.00011581083869232851, "incidence": 16.60967741935484, "pValue": 0.275572935857151, "interpretation": "20.8% decrease, not statistically significant (p = 0.276), small effect size (d=-0.45)"}, {"cityName": "Gelsenkirchen", "timestamp": "2024-01", "value": 0.00012698523042833104, "incidence": 15.01935483870968, "pValue": 0.5717106493872033, "interpretation": "12.0% decrease, not statistically significant (p = 0.572), small effect size (d=-0.24)"}, {"cityName": "M\u00fcnster", "timestamp": "2024-01", "value": 0.00010310026833362747, "incidence": 8.470967741935484, "pValue": 0.8351858667375553, "interpretation": "6.0% decrease, not statistically significant (p = 0.835), negligible effect size (d=-0.08)"}, {"cityName": "Recklinghausen", "timestamp": "2024-01", "value": 0.00010518035672318477, "incidence": 12.451612903225806, "pValue": 0.43510608000678663, "interpretation": "17.3% decrease, not statistically significant (p = 0.435), small effect size (d=-0.33)"}, {"cityName": "Bielefeld", "timestamp": "2024-01", "value": 7.943162927404046e-05, "incidence": 12.548387096774198, "pValue": 0.7429750159366921, "interpretation": "7.6% decrease, not statistically significant (p = 0.743), negligible effect size (d=-0.13)"}, {"cityName": "G\u00fctersloh", "timestamp": "2024-01", "value": 8.183144964277745e-05, "incidence": 7.303225806451613, "pValue": 0.7207448700640449, "interpretation": "10.4% decrease, not statistically significant (p = 0.721), negligible effect size (d=-0.15)"}, {"cityName": "Paderborn", "timestamp": "2024-01", "value": 7.649130308099331e-05, "incidence": 4.490322580645161, "pValue": 0.4339651082940563, "interpretation": "20.5% decrease, not statistically significant (p = 0.434), small effect size (d=-0.33)"}, {"cityName": "Bochum", "timestamp": "2024-01", "value": 0.00013089599087834358, "incidence": 13.822580645161294, "pValue": 0.6728373116022466, "interpretation": "9.0% decrease, not statistically significant (p = 0.673), negligible effect size (d=-0.17)"}, {"cityName": "Dortmund", "timestamp": "2024-01", "value": 0.00010323762784109396, "incidence": 13.312903225806451, "pValue": 0.5123978281668968, "interpretation": "15.9% decrease, not statistically significant (p = 0.512), small effect size (d=-0.25)"}, {"cityName": "Hagen", "timestamp": "2024-01", "value": 9.417597300790507e-05, "incidence": 11.061290322580646, "pValue": 0.8205136589735701, "interpretation": "5.1% increase, not statistically significant (p = 0.821), negligible effect size (d=0.09)"}, {"cityName": "Hamm", "timestamp": "2024-01", "value": 0.00011038040697929405, "incidence": 6.3258064516129044, "pValue": 0.8962423660727907, "interpretation": "3.5% decrease, not statistically significant (p = 0.896), negligible effect size (d=-0.05)"}, {"cityName": "Herne", "timestamp": "2024-01", "value": 0.00012531339889392256, "incidence": 7.938709677419355, "pValue": 0.8355012901381457, "interpretation": "4.6% decrease, not statistically significant (p = 0.836), negligible effect size (d=-0.09)"}, {"cityName": "Siegen", "timestamp": "2024-01", "value": 5.804433021694422e-05, "incidence": 14.519354838709676, "pValue": 0.9354346539525196, "interpretation": "2.5% increase, not statistically significant (p = 0.935), negligible effect size (d=0.04)"}, {"cityName": "Darmstadt", "timestamp": "2024-01", "value": 8.549515835263513e-05, "incidence": 14.187096774193547, "pValue": 0.3285724403405652, "interpretation": "13.5% decrease, not statistically significant (p = 0.329), small effect size (d=-0.40)"}, {"cityName": "Frankfurt am Main", "timestamp": "2024-01", "value": 0.00010459500745954838, "incidence": 15.896774193548387, "pValue": 0.9906939087137976, "interpretation": "0.2% decrease, not statistically significant (p = 0.991), negligible effect size (d=-0.00)"}, {"cityName": "Offenbach am Main", "timestamp": "2024-01", "value": 9.23337647691369e-05, "incidence": 13.241935483870966, "pValue": 0.36382949786632557, "interpretation": "14.9% decrease, not statistically significant (p = 0.364), small effect size (d=-0.41)"}, {"cityName": "Wiesbaden", "timestamp": "2024-01", "value": 8.029601950612332e-05, "incidence": 9.712903225806453, "pValue": 0.2936702284206616, "interpretation": "18.2% decrease, not statistically significant (p = 0.294), small effect size (d=-0.40)"}, {"cityName": "Hanau", "timestamp": "2024-01", "value": 8.638731490534086e-05, "incidence": 11.458064516129033, "pValue": 0.9498310768105569, "interpretation": "1.1% decrease, not statistically significant (p = 0.950), negligible effect size (d=-0.03)"}, {"cityName": "Kassel", "timestamp": "2024-01", "value": 5.173475559179982e-05, "incidence": 11.074193548387093, "pValue": 0.15000610908013493, "interpretation": "28.1% decrease, not statistically significant (p = 0.150), medium effect size (d=-0.61)"}, {"cityName": "Koblenz", "timestamp": "2024-01", "value": 7.666755441783203e-05, "incidence": 13.116129032258067, "pValue": 0.12944155041511454, "interpretation": "24.9% decrease, not statistically significant (p = 0.129), medium effect size (d=-0.65)"}, {"cityName": "Trier", "timestamp": "2024-01", "value": 5.541641148738563e-05, "incidence": 12.538709677419355, "pValue": 0.34002426905753846, "interpretation": "19.4% decrease, not statistically significant (p = 0.340), small effect size (d=-0.40)"}, {"cityName": "Kaiserslautern", "timestamp": "2024-01", "value": 5.781698004844097e-05, "incidence": 12.812903225806446, "pValue": 0.30041217993953095, "interpretation": "21.6% decrease, not statistically significant (p = 0.300), small effect size (d=-0.45)"}, {"cityName": "Ludwigshafen am Rhein", "timestamp": "2024-01", "value": 0.00012571532473278543, "incidence": 7.235483870967743, "pValue": 0.755490611027547, "interpretation": "8.9% decrease, not statistically significant (p = 0.755), negligible effect size (d=-0.12)"}, {"cityName": "Mainz", "timestamp": "2024-01", "value": 8.79342551343143e-05, "incidence": 11.732258064516126, "pValue": 0.3510703114484349, "interpretation": "18.5% decrease, not statistically significant (p = 0.351), small effect size (d=-0.37)"}, {"cityName": "Stuttgart", "timestamp": "2024-01", "value": 8.336146776047017e-05, "incidence": 11.029032258064515, "pValue": 0.48446232518511567, "interpretation": "13.1% decrease, not statistically significant (p = 0.484), small effect size (d=-0.23)"}, {"cityName": "Heilbronn", "timestamp": "2024-01", "value": 7.629629948900806e-05, "incidence": 21.258064516129025, "pValue": 0.17092067909810887, "interpretation": "23.9% decrease, not statistically significant (p = 0.171), medium effect size (d=-0.58)"}, {"cityName": "Karlsruhe", "timestamp": "2024-01", "value": 9.342993143945932e-05, "incidence": 9.396774193548387, "pValue": 0.5867281038663148, "interpretation": "10.8% decrease, not statistically significant (p = 0.587), small effect size (d=-0.21)"}, {"cityName": "Heidelberg", "timestamp": "2024-01", "value": 8.589474753917832e-05, "incidence": 8.103225806451611, "pValue": 0.5474222126385766, "interpretation": "14.2% decrease, not statistically significant (p = 0.547), small effect size (d=-0.23)"}, {"cityName": "Mannheim", "timestamp": "2024-01", "value": 0.00013126101344823837, "incidence": 15.877419354838711, "pValue": 0.9334817125638667, "interpretation": "2.4% decrease, not statistically significant (p = 0.933), negligible effect size (d=-0.03)"}, {"cityName": "Pforzheim", "timestamp": "2024-01", "value": 6.056022700957126e-05, "incidence": 7.461290322580645, "pValue": 0.18950725668618654, "interpretation": "24.7% decrease, not statistically significant (p = 0.190), medium effect size (d=-0.50)"}, {"cityName": "Freiburg im Breisgau", "timestamp": "2024-01", "value": 5.991394735044903e-05, "incidence": 6.225806451612902, "pValue": 0.5814230375351248, "interpretation": "11.9% decrease, not statistically significant (p = 0.581), negligible effect size (d=-0.19)"}, {"cityName": "Reutlingen", "timestamp": "2024-01", "value": 7.229058246593922e-05, "incidence": 12.6, "pValue": 0.5864736140197864, "interpretation": "13.9% increase, not statistically significant (p = 0.586), small effect size (d=0.20)"}, {"cityName": "Ulm", "timestamp": "2024-01", "value": 5.576879055680413e-05, "incidence": 17.28709677419355, "pValue": 0.29260998149727185, "interpretation": "21.3% decrease, not statistically significant (p = 0.293), small effect size (d=-0.39)"}, {"cityName": "Ingolstadt", "timestamp": "2024-01", "value": 7.117024991506089e-05, "incidence": 19.474193548387102, "pValue": 0.3268648570408441, "interpretation": "19.5% decrease, not statistically significant (p = 0.327), small effect size (d=-0.37)"}, {"cityName": "M\u00fcnchen", "timestamp": "2024-01", "value": 8.873051354804865e-05, "incidence": 15.732258064516131, "pValue": 0.8216946253001214, "interpretation": "6.0% increase, not statistically significant (p = 0.822), negligible effect size (d=0.08)"}, {"cityName": "Regensburg", "timestamp": "2024-01", "value": 6.44501686717073e-05, "incidence": 20.377419354838707, "pValue": 0.18009052697117336, "interpretation": "30.9% decrease, not statistically significant (p = 0.180), medium effect size (d=-0.68)"}, {"cityName": "Erlangen", "timestamp": "2024-01", "value": 6.924313493072987e-05, "incidence": 21.57096774193548, "pValue": 0.9242286944561579, "interpretation": "2.5% decrease, not statistically significant (p = 0.924), negligible effect size (d=-0.04)"}, {"cityName": "F\u00fcrth", "timestamp": "2024-01", "value": 6.864595925435424e-05, "incidence": 15.638709677419358, "pValue": 0.6518424785133672, "interpretation": "9.6% decrease, not statistically significant (p = 0.652), negligible effect size (d=-0.20)"}, {"cityName": "N\u00fcrnberg", "timestamp": "2024-01", "value": 6.825821191975565e-05, "incidence": 16.73225806451613, "pValue": 0.46588373382283144, "interpretation": "13.5% decrease, not statistically significant (p = 0.466), small effect size (d=-0.31)"}, {"cityName": "W\u00fcrzburg", "timestamp": "2024-01", "value": 5.799873179057613e-05, "incidence": 12.525806451612903, "pValue": 0.455033792702355, "interpretation": "14.3% decrease, not statistically significant (p = 0.455), small effect size (d=-0.29)"}, {"cityName": "Augsburg", "timestamp": "2024-01", "value": 7.353820658933658e-05, "incidence": 13.809677419354843, "pValue": 0.6092352921147705, "interpretation": "14.3% increase, not statistically significant (p = 0.609), negligible effect size (d=0.20)"}, {"cityName": "Saarbr\u00fccken", "timestamp": "2024-01", "value": 5.967810672397415e-05, "incidence": 22.587096774193558, "pValue": 0.20303357216659826, "interpretation": "26.3% decrease, not statistically significant (p = 0.203), medium effect size (d=-0.55)"}, {"cityName": "Berlin", "timestamp": "2024-01", "value": 6.367037890524399e-05, "incidence": 0.0, "pValue": 0.20036472687738632, "interpretation": "30.4% decrease, not statistically significant (p = 0.200), small effect size (d=-0.50)"}, {"cityName": "Cottbus", "timestamp": "2024-01", "value": 6.505342361588891e-05, "incidence": 9.5, "pValue": 0.45739445868920403, "interpretation": "15.2% decrease, not statistically significant (p = 0.457), small effect size (d=-0.31)"}, {"cityName": "Potsdam", "timestamp": "2024-01", "value": 6.969760665122201e-05, "incidence": 7.3451612903225785, "pValue": 0.5107283052110747, "interpretation": "17.1% decrease, not statistically significant (p = 0.511), small effect size (d=-0.25)"}, {"cityName": "Rostock", "timestamp": "2024-01", "value": 3.214016782514977e-05, "incidence": 18.4741935483871, "pValue": 0.5722314581519408, "interpretation": "15.7% decrease, not statistically significant (p = 0.572), small effect size (d=-0.22)"}, {"cityName": "Chemnitz", "timestamp": "2024-01", "value": 4.1459496814485e-05, "incidence": 18.648387096774194, "pValue": 0.03524571078825748, "interpretation": "49.9% decrease, significant (p = 0.035), large effect size (d=-0.92)"}, {"cityName": "Dresden", "timestamp": "2024-01", "value": 6.201542829248039e-05, "incidence": 13.374193548387098, "pValue": 0.042649204915858926, "interpretation": "37.8% decrease, significant (p = 0.043), medium effect size (d=-0.79)"}, {"cityName": "Leipzig", "timestamp": "2024-01", "value": 6.202399255890472e-05, "incidence": 19.990322580645167, "pValue": 0.20698807328333857, "interpretation": "25.3% decrease, not statistically significant (p = 0.207), small effect size (d=-0.48)"}, {"cityName": "Halle (Saale)", "timestamp": "2024-01", "value": 6.348908937070519e-05, "incidence": 17.338709677419356, "pValue": 0.4478880146745715, "interpretation": "15.3% decrease, not statistically significant (p = 0.448), small effect size (d=-0.29)"}, {"cityName": "Magdeburg", "timestamp": "2024-01", "value": 6.388060405458275e-05, "incidence": 16.254838709677415, "pValue": 0.7803974914408249, "interpretation": "6.3% increase, not statistically significant (p = 0.780), negligible effect size (d=0.10)"}, {"cityName": "Erfurt", "timestamp": "2024-01", "value": 7.523298065396065e-05, "incidence": 14.61290322580645, "pValue": 0.2760417112891603, "interpretation": "29.8% increase, not statistically significant (p = 0.276), small effect size (d=0.44)"}, {"cityName": "Jena", "timestamp": "2024-01", "value": 8.023591039495336e-05, "incidence": 22.761290322580646, "pValue": 0.19079604563504712, "interpretation": "43.6% increase, not statistically significant (p = 0.191), medium effect size (d=0.56)"}]