[{"cityName": "Kiel", "timestamp": "2022-07", "value": 2.319235188354339e-05, "incidence": 1270.2129032258065, "pValue": 0.28881642398796603, "interpretation": "16.9% decrease, not statistically significant (p = 0.289), medium effect size (d=-0.56)"}, {"cityName": "L\u00fcbeck", "timestamp": "2022-07", "value": 2.9934275921227203e-05, "incidence": 787.416129032258, "pValue": 0.5996230735641198, "interpretation": "8.3% increase, not statistically significant (p = 0.600), small effect size (d=0.26)"}, {"cityName": "Hamburg", "timestamp": "2022-07", "value": 4.370197377823017e-05, "incidence": 671.1903225806452, "pValue": 0.5701916216161591, "interpretation": "8.4% increase, not statistically significant (p = 0.570), small effect size (d=0.23)"}, {"cityName": "Braunschweig", "timestamp": "2022-07", "value": 3.5620452014400676e-05, "incidence": 946.735483870968, "pValue": 0.04841153712132012, "interpretation": "12.6% decrease, significant (p = 0.048), large effect size (d=-0.95)"}, {"cityName": "Salzgitter", "timestamp": "2022-07", "value": 3.382693394087255e-05, "incidence": 959.5193548387098, "pValue": 0.03390237867912021, "interpretation": "21.8% decrease, significant (p = 0.034), large effect size (d=-1.01)"}, {"cityName": "Wolfsburg", "timestamp": "2022-07", "value": 3.363804180959338e-05, "incidence": 817.9258064516129, "pValue": 0.35929920255917147, "interpretation": "10.9% decrease, not statistically significant (p = 0.359), small effect size (d=-0.41)"}, {"cityName": "G\u00f6ttingen", "timestamp": "2022-07", "value": 3.091725409917888e-05, "incidence": 1093.2548387096774, "pValue": 0.9097417839662973, "interpretation": "1.1% increase, not statistically significant (p = 0.910), negligible effect size (d=0.06)"}, {"cityName": "Hannover", "timestamp": "2022-07", "value": 4.06118832822693e-05, "incidence": 826.0483870967743, "pValue": 0.5146212468173594, "interpretation": "6.0% decrease, not statistically significant (p = 0.515), small effect size (d=-0.31)"}, {"cityName": "Hildesheim", "timestamp": "2022-07", "value": 3.359332913532853e-05, "incidence": 1065.0258064516127, "pValue": 0.17649325221294504, "interpretation": "24.1% increase, not statistically significant (p = 0.176), large effect size (d=0.80)"}, {"cityName": "Oldenburg (Oldb)", "timestamp": "2022-07", "value": 3.349088365212083e-05, "incidence": 921.5096774193548, "pValue": 0.4780585180740283, "interpretation": "14.0% decrease, not statistically significant (p = 0.478), medium effect size (d=-0.53)"}, {"cityName": "Osnabr\u00fcck", "timestamp": "2022-07", "value": 4.2608854445544154e-05, "incidence": 759.2967741935483, "pValue": 0.18183830243097124, "interpretation": "13.7% decrease, not statistically significant (p = 0.182), medium effect size (d=-0.68)"}, {"cityName": "Bremen", "timestamp": "2022-07", "value": 4.811905187050827e-05, "incidence": 790.467741935484, "pValue": 0.6700960725556968, "interpretation": "6.2% decrease, not statistically significant (p = 0.670), negligible effect size (d=-0.19)"}, {"cityName": "Bremerhaven", "timestamp": "2022-07", "value": 3.316591651777604e-05, "incidence": 718.9032258064517, "pValue": 0.7877753108432669, "interpretation": "5.3% decrease, not statistically significant (p = 0.788), negligible effect size (d=-0.13)"}, {"cityName": "D\u00fcsseldorf", "timestamp": "2022-07", "value": 8.289939610332978e-05, "incidence": 726.5645161290321, "pValue": 0.13828563093027516, "interpretation": "24.6% decrease, not statistically significant (p = 0.138), medium effect size (d=-0.62)"}, {"cityName": "Duisburg", "timestamp": "2022-07", "value": 9.347709755484875e-05, "incidence": 403.06129032258065, "pValue": 0.3606516883587443, "interpretation": "16.2% decrease, not statistically significant (p = 0.361), small effect size (d=-0.37)"}, {"cityName": "Essen", "timestamp": "2022-07", "value": 8.354323486296031e-05, "incidence": 629.8483870967741, "pValue": 0.5956775433828532, "interpretation": "8.9% decrease, not statistically significant (p = 0.596), small effect size (d=-0.24)"}, {"cityName": "Krefeld", "timestamp": "2022-07", "value": 5.643220188526007e-05, "incidence": 569.8548387096774, "pValue": 0.0324256001094172, "interpretation": "39.2% decrease, significant (p = 0.032), large effect size (d=-0.96)"}, {"cityName": "M\u00f6nchengladbach", "timestamp": "2022-07", "value": 6.177870492483007e-05, "incidence": 720.7709677419356, "pValue": 0.04013851116712893, "interpretation": "42.8% decrease, significant (p = 0.040), large effect size (d=-0.93)"}, {"cityName": "M\u00fclheim an der Ruhr", "timestamp": "2022-07", "value": 8.951402398654156e-05, "incidence": 620.7903225806451, "pValue": 0.6357745783584239, "interpretation": "10.0% decrease, not statistically significant (p = 0.636), small effect size (d=-0.21)"}, {"cityName": "Oberhausen", "timestamp": "2022-07", "value": 9.793018062527363e-05, "incidence": 525.590322580645, "pValue": 0.09046888997239148, "interpretation": "19.7% decrease, not statistically significant (p = 0.090), large effect size (d=-0.80)"}, {"cityName": "Remscheid", "timestamp": "2022-07", "value": 5.4971679734687014e-05, "incidence": 648.0387096774194, "pValue": 0.07082198992174704, "interpretation": "33.7% decrease, not statistically significant (p = 0.071), large effect size (d=-0.95)"}, {"cityName": "Solingen", "timestamp": "2022-07", "value": 6.529665552079678e-05, "incidence": 789.3322580645159, "pValue": 0.18233023470466095, "interpretation": "24.0% decrease, not statistically significant (p = 0.182), medium effect size (d=-0.62)"}, {"cityName": "Wuppertal", "timestamp": "2022-07", "value": 5.626416316738835e-05, "incidence": 760.5032258064516, "pValue": 0.04398493609339366, "interpretation": "30.9% decrease, significant (p = 0.044), large effect size (d=-0.99)"}, {"cityName": "Neuss", "timestamp": "2022-07", "value": 7.876568997744471e-05, "incidence": 736.3258064516127, "pValue": 0.081135308402479, "interpretation": "38.1% decrease, not statistically significant (p = 0.081), large effect size (d=-0.85)"}, {"cityName": "Moers", "timestamp": "2022-07", "value": 6.582675268873572e-05, "incidence": 699.3483870967743, "pValue": 0.06317905330920867, "interpretation": "33.1% decrease, not statistically significant (p = 0.063), large effect size (d=-0.83)"}, {"cityName": "Bonn", "timestamp": "2022-07", "value": 6.09541100195863e-05, "incidence": 716.232258064516, "pValue": 0.17735888159553106, "interpretation": "28.9% decrease, not statistically significant (p = 0.177), medium effect size (d=-0.57)"}, {"cityName": "K\u00f6ln", "timestamp": "2022-07", "value": 8.457301494975884e-05, "incidence": 683.2645161290321, "pValue": 0.3613556351508743, "interpretation": "17.7% decrease, not statistically significant (p = 0.361), small effect size (d=-0.39)"}, {"cityName": "Leverkusen", "timestamp": "2022-07", "value": 7.015742206325133e-05, "incidence": 784.1935483870967, "pValue": 0.058838809439548535, "interpretation": "30.2% decrease, not statistically significant (p = 0.059), large effect size (d=-0.96)"}, {"cityName": "Aachen", "timestamp": "2022-07", "value": 4.392896441678549e-05, "incidence": 762.7032258064518, "pValue": 0.03793234429168069, "interpretation": "33.0% decrease, significant (p = 0.038), large effect size (d=-0.99)"}, {"cityName": "Bergisch Gladbach", "timestamp": "2022-07", "value": 5.416447363261666e-05, "incidence": 680.6935483870969, "pValue": 0.04587127368162757, "interpretation": "41.5% decrease, significant (p = 0.046), large effect size (d=-1.03)"}, {"cityName": "Bottrop", "timestamp": "2022-07", "value": 8.206917246913209e-05, "incidence": 657.6483870967744, "pValue": 0.15077002359400077, "interpretation": "19.6% decrease, not statistically significant (p = 0.151), medium effect size (d=-0.65)"}, {"cityName": "Gelsenkirchen", "timestamp": "2022-07", "value": 9.52427097431877e-05, "incidence": 562.0967741935484, "pValue": 0.6054501542899378, "interpretation": "9.8% decrease, not statistically significant (p = 0.605), small effect size (d=-0.24)"}, {"cityName": "M\u00fcnster", "timestamp": "2022-07", "value": 4.001284475650704e-05, "incidence": 736.1451612903227, "pValue": 0.09053847727924337, "interpretation": "18.2% decrease, not statistically significant (p = 0.091), medium effect size (d=-0.77)"}, {"cityName": "Recklinghausen", "timestamp": "2022-07", "value": 7.6552306731733e-05, "incidence": 573.8096774193549, "pValue": 0.8933523805970744, "interpretation": "3.4% decrease, not statistically significant (p = 0.893), negligible effect size (d=-0.06)"}, {"cityName": "Bielefeld", "timestamp": "2022-07", "value": 3.7329259309141584e-05, "incidence": 623.5483870967741, "pValue": 0.7253024959233385, "interpretation": "4.8% decrease, not statistically significant (p = 0.725), negligible effect size (d=-0.17)"}, {"cityName": "G\u00fctersloh", "timestamp": "2022-07", "value": 3.794711083173752e-05, "incidence": 602.4322580645162, "pValue": 0.27597638142327435, "interpretation": "13.2% decrease, not statistically significant (p = 0.276), medium effect size (d=-0.57)"}, {"cityName": "Paderborn", "timestamp": "2022-07", "value": 4.0366224223567596e-05, "incidence": 622.8580645161289, "pValue": 0.5782482022187845, "interpretation": "10.5% decrease, not statistically significant (p = 0.578), small effect size (d=-0.25)"}, {"cityName": "Bochum", "timestamp": "2022-07", "value": 7.982265863878031e-05, "incidence": 632.9129032258063, "pValue": 0.6090621168255573, "interpretation": "8.3% decrease, not statistically significant (p = 0.609), small effect size (d=-0.22)"}, {"cityName": "Dortmund", "timestamp": "2022-07", "value": 6.281013381393517e-05, "incidence": 706.8483870967743, "pValue": 0.03481787842834567, "interpretation": "27.1% decrease, significant (p = 0.035), large effect size (d=-1.03)"}, {"cityName": "Hagen", "timestamp": "2022-07", "value": 4.884008125498377e-05, "incidence": 649.4483870967742, "pValue": 0.0056098293778915525, "interpretation": "33.3% decrease, very significant (p < 0.01), large effect size (d=-1.46)"}, {"cityName": "Hamm", "timestamp": "2022-07", "value": 4.5392911748162336e-05, "incidence": 713.0645161290323, "pValue": 0.06577504577970818, "interpretation": "25.9% decrease, not statistically significant (p = 0.066), large effect size (d=-0.91)"}, {"cityName": "Herne", "timestamp": "2022-07", "value": 9.091243846341968e-05, "incidence": 727.1096774193547, "pValue": 0.8204656794844353, "interpretation": "4.5% increase, not statistically significant (p = 0.820), negligible effect size (d=0.10)"}, {"cityName": "Siegen", "timestamp": "2022-07", "value": 3.877667477354407e-05, "incidence": 737.3451612903226, "pValue": 0.7722794645625755, "interpretation": "4.0% decrease, not statistically significant (p = 0.772), negligible effect size (d=-0.14)"}, {"cityName": "Darmstadt", "timestamp": "2022-07", "value": 5.339822118085894e-05, "incidence": 970.2000000000002, "pValue": 0.2948864571937016, "interpretation": "9.2% decrease, not statistically significant (p = 0.295), small effect size (d=-0.40)"}, {"cityName": "Frankfurt am Main", "timestamp": "2022-07", "value": 6.304544777694073e-05, "incidence": 851.6, "pValue": 0.11093468455782367, "interpretation": "17.8% decrease, not statistically significant (p = 0.111), medium effect size (d=-0.59)"}, {"cityName": "Offenbach am Main", "timestamp": "2022-07", "value": 5.659059917723591e-05, "incidence": 794.9354838709677, "pValue": 0.1651813749055695, "interpretation": "16.3% decrease, not statistically significant (p = 0.165), medium effect size (d=-0.58)"}, {"cityName": "Wiesbaden", "timestamp": "2022-07", "value": 5.342624434787366e-05, "incidence": 957.7387096774193, "pValue": 0.43742370339600456, "interpretation": "7.0% decrease, not statistically significant (p = 0.437), small effect size (d=-0.30)"}, {"cityName": "Hanau", "timestamp": "2022-07", "value": 5.19070801181862e-05, "incidence": 978.0032258064516, "pValue": 0.7015680595601476, "interpretation": "4.7% decrease, not statistically significant (p = 0.702), negligible effect size (d=-0.14)"}, {"cityName": "Kassel", "timestamp": "2022-07", "value": 3.749053899405731e-05, "incidence": 666.825806451613, "pValue": 0.8484446012868954, "interpretation": "2.9% decrease, not statistically significant (p = 0.848), negligible effect size (d=-0.09)"}, {"cityName": "Koblenz", "timestamp": "2022-07", "value": 4.822390231614312e-05, "incidence": 858.7548387096774, "pValue": 0.45078163010693995, "interpretation": "9.3% decrease, not statistically significant (p = 0.451), small effect size (d=-0.28)"}, {"cityName": "Trier", "timestamp": "2022-07", "value": 3.3727113623172046e-05, "incidence": 676.8064516129032, "pValue": 0.3444844867295367, "interpretation": "10.3% decrease, not statistically significant (p = 0.344), small effect size (d=-0.32)"}, {"cityName": "Kaiserslautern", "timestamp": "2022-07", "value": 3.112508924319767e-05, "incidence": 748.0064516129032, "pValue": 0.3217414456462642, "interpretation": "8.6% decrease, not statistically significant (p = 0.322), small effect size (d=-0.38)"}, {"cityName": "Ludwigshafen am Rhein", "timestamp": "2022-07", "value": 6.148970472471167e-05, "incidence": 492.5935483870967, "pValue": 0.15035046175883313, "interpretation": "16.9% decrease, not statistically significant (p = 0.150), medium effect size (d=-0.54)"}, {"cityName": "Mainz", "timestamp": "2022-07", "value": 5.629231236525811e-05, "incidence": 874.6032258064517, "pValue": 0.48447736820986065, "interpretation": "7.5% decrease, not statistically significant (p = 0.484), small effect size (d=-0.27)"}, {"cityName": "Stuttgart", "timestamp": "2022-07", "value": 3.548314432717032e-05, "incidence": 698.025806451613, "pValue": 0.00907953535904317, "interpretation": "26.0% decrease, very significant (p < 0.01), large effect size (d=-1.09)"}, {"cityName": "Heilbronn", "timestamp": "2022-07", "value": 3.830225776053137e-05, "incidence": 725.4870967741934, "pValue": 0.1789963360333537, "interpretation": "12.2% decrease, not statistically significant (p = 0.179), medium effect size (d=-0.54)"}, {"cityName": "Karlsruhe", "timestamp": "2022-07", "value": 4.257455390567581e-05, "incidence": 809.341935483871, "pValue": 0.17136918205848456, "interpretation": "10.2% decrease, not statistically significant (p = 0.171), small effect size (d=-0.47)"}, {"cityName": "Heidelberg", "timestamp": "2022-07", "value": 4.381951753442225e-05, "incidence": 770.6354838709676, "pValue": 0.03219073168480726, "interpretation": "27.9% decrease, significant (p = 0.032), large effect size (d=-0.86)"}, {"cityName": "Mannheim", "timestamp": "2022-07", "value": 5.7694008573889733e-05, "incidence": 644.8548387096774, "pValue": 0.00807962350743007, "interpretation": "24.2% decrease, very significant (p < 0.01), large effect size (d=-1.02)"}, {"cityName": "Pforzheim", "timestamp": "2022-07", "value": 3.3198403091066415e-05, "incidence": 634.0548387096775, "pValue": 0.08384733705049, "interpretation": "15.4% decrease, not statistically significant (p = 0.084), medium effect size (d=-0.65)"}, {"cityName": "Freiburg im Breisgau", "timestamp": "2022-07", "value": 3.156782110670099e-05, "incidence": 753.5612903225807, "pValue": 0.9721092756010498, "interpretation": "0.3% decrease, not statistically significant (p = 0.972), negligible effect size (d=-0.01)"}, {"cityName": "Reutlingen", "timestamp": "2022-07", "value": 3.0322726161102764e-05, "incidence": 782.0354838709677, "pValue": 0.1402300199689014, "interpretation": "13.5% decrease, not statistically significant (p = 0.140), medium effect size (d=-0.62)"}, {"cityName": "Ulm", "timestamp": "2022-07", "value": 3.0173135823325108e-05, "incidence": 885.8838709677419, "pValue": 0.03024068402510604, "interpretation": "19.5% decrease, significant (p = 0.030), large effect size (d=-0.98)"}, {"cityName": "Ingolstadt", "timestamp": "2022-07", "value": 3.0867255797299244e-05, "incidence": 859.0548387096774, "pValue": 0.3417919270053298, "interpretation": "12.8% decrease, not statistically significant (p = 0.342), small effect size (d=-0.40)"}, {"cityName": "M\u00fcnchen", "timestamp": "2022-07", "value": 3.460111866633479e-05, "incidence": 806.5483870967741, "pValue": 0.005398385305348197, "interpretation": "34.1% decrease, very significant (p < 0.01), large effect size (d=-1.41)"}, {"cityName": "Regensburg", "timestamp": "2022-07", "value": 3.3932629351814586e-05, "incidence": 790.8516129032258, "pValue": 0.5968767584250656, "interpretation": "5.2% decrease, not statistically significant (p = 0.597), small effect size (d=-0.25)"}, {"cityName": "Erlangen", "timestamp": "2022-07", "value": 3.211904757855726e-05, "incidence": 660.0677419354839, "pValue": 0.5959306938658402, "interpretation": "6.1% decrease, not statistically significant (p = 0.596), small effect size (d=-0.25)"}, {"cityName": "F\u00fcrth", "timestamp": "2022-07", "value": 3.672065504360944e-05, "incidence": 905.241935483871, "pValue": 0.4211704397022402, "interpretation": "7.8% decrease, not statistically significant (p = 0.421), small effect size (d=-0.37)"}, {"cityName": "N\u00fcrnberg", "timestamp": "2022-07", "value": 3.648471355325345e-05, "incidence": 855.9064516129032, "pValue": 0.039379808981679386, "interpretation": "16.1% decrease, significant (p = 0.039), large effect size (d=-0.94)"}, {"cityName": "W\u00fcrzburg", "timestamp": "2022-07", "value": 3.8459515053546056e-05, "incidence": 1075.2548387096774, "pValue": 0.9893237210089905, "interpretation": "0.1% increase, not statistically significant (p = 0.989), negligible effect size (d=0.01)"}, {"cityName": "Augsburg", "timestamp": "2022-07", "value": 3.147456580056594e-05, "incidence": 674.1225806451613, "pValue": 0.0563491295135772, "interpretation": "19.1% decrease, not statistically significant (p = 0.056), large effect size (d=-0.81)"}, {"cityName": "Saarbr\u00fccken", "timestamp": "2022-07", "value": 3.5258103162050246e-05, "incidence": 888.8838709677422, "pValue": 0.5559560307853667, "interpretation": "5.3% decrease, not statistically significant (p = 0.556), negligible effect size (d=-0.18)"}, {"cityName": "Berlin", "timestamp": "2022-07", "value": 3.535779499698703e-05, "incidence": 0.0, "pValue": 0.17283794505301642, "interpretation": "16.9% decrease, not statistically significant (p = 0.173), medium effect size (d=-0.59)"}, {"cityName": "Cottbus", "timestamp": "2022-07", "value": 4.238215758680151e-05, "incidence": 469.50645161290316, "pValue": 0.9151874090332165, "interpretation": "3.5% decrease, not statistically significant (p = 0.915), negligible effect size (d=-0.06)"}, {"cityName": "Potsdam", "timestamp": "2022-07", "value": 2.6476521538022687e-05, "incidence": 636.5193548387098, "pValue": 0.2173931428947274, "interpretation": "18.3% decrease, not statistically significant (p = 0.217), medium effect size (d=-0.60)"}, {"cityName": "Rostock", "timestamp": "2022-07", "value": 2.6500529863617636e-05, "incidence": 654.2032258064515, "pValue": 0.3855828323066185, "interpretation": "9.5% decrease, not statistically significant (p = 0.386), small effect size (d=-0.33)"}, {"cityName": "Chemnitz", "timestamp": "2022-07", "value": 3.493462530214612e-05, "incidence": 494.74516129032264, "pValue": 0.287634486172362, "interpretation": "11.6% decrease, not statistically significant (p = 0.288), small effect size (d=-0.49)"}, {"cityName": "Dresden", "timestamp": "2022-07", "value": 3.782378678972071e-05, "incidence": 624.2870967741936, "pValue": 0.12057917738373211, "interpretation": "13.0% decrease, not statistically significant (p = 0.121), medium effect size (d=-0.72)"}, {"cityName": "Leipzig", "timestamp": "2022-07", "value": 3.758933413408551e-05, "incidence": 721.916129032258, "pValue": 0.17326176767739068, "interpretation": "13.5% decrease, not statistically significant (p = 0.173), medium effect size (d=-0.62)"}, {"cityName": "Halle (Saale)", "timestamp": "2022-07", "value": 3.458862677992632e-05, "incidence": 664.6225806451613, "pValue": 0.3661973706668197, "interpretation": "11.9% decrease, not statistically significant (p = 0.366), small effect size (d=-0.43)"}, {"cityName": "Magdeburg", "timestamp": "2022-07", "value": 3.2671359612753515e-05, "incidence": 438.8225806451613, "pValue": 0.2913206899542753, "interpretation": "8.2% decrease, not statistically significant (p = 0.291), small effect size (d=-0.42)"}, {"cityName": "Erfurt", "timestamp": "2022-07", "value": 3.296436563609762e-05, "incidence": 304.4225806451613, "pValue": 0.5197308754501586, "interpretation": "8.0% decrease, not statistically significant (p = 0.520), small effect size (d=-0.30)"}, {"cityName": "Jena", "timestamp": "2022-07", "value": 2.9608950070622894e-05, "incidence": 562.3096774193548, "pValue": 0.6846511091577572, "interpretation": "5.8% decrease, not statistically significant (p = 0.685), small effect size (d=-0.21)"}]