[{"cityName": "Kiel", "timestamp": "2023-04", "value": 3.9822394250049476e-05, "incidence": 22.009999999999994, "pValue": 0.5541781022256365, "interpretation": "8.1% decrease, not statistically significant (p = 0.554), small effect size (d=-0.21)"}, {"cityName": "L\u00fcbeck", "timestamp": "2023-04", "value": 3.559430155696141e-05, "incidence": 16.35666666666667, "pValue": 0.08134401157676266, "interpretation": "28.6% decrease, not statistically significant (p = 0.081), medium effect size (d=-0.62)"}, {"cityName": "Hamburg", "timestamp": "2023-04", "value": 4.9274449271184426e-05, "incidence": 20.21, "pValue": 0.0052891026062817275, "interpretation": "30.8% decrease, very significant (p < 0.01), large effect size (d=-1.09)"}, {"cityName": "Braunschweig", "timestamp": "2023-04", "value": 4.7066337976823834e-05, "incidence": 21.136666666666663, "pValue": 0.09853253759364812, "interpretation": "22.2% decrease, not statistically significant (p = 0.099), medium effect size (d=-0.71)"}, {"cityName": "Salzgitter", "timestamp": "2023-04", "value": 4.5113751548342405e-05, "incidence": 19.646666666666665, "pValue": 0.008235282216780725, "interpretation": "26.5% decrease, very significant (p < 0.01), large effect size (d=-1.08)"}, {"cityName": "Wolfsburg", "timestamp": "2023-04", "value": 3.8777119602615895e-05, "incidence": 15.646666666666667, "pValue": 0.0840637768867606, "interpretation": "19.4% decrease, not statistically significant (p = 0.084), medium effect size (d=-0.69)"}, {"cityName": "G\u00f6ttingen", "timestamp": "2023-04", "value": 5.233364312776497e-05, "incidence": 28.41, "pValue": 0.6597396754912243, "interpretation": "7.5% increase, not statistically significant (p = 0.660), negligible effect size (d=0.19)"}, {"cityName": "Hannover", "timestamp": "2023-04", "value": 4.738793205960017e-05, "incidence": 22.37666666666667, "pValue": 0.013353791039903603, "interpretation": "27.2% decrease, significant (p = 0.013), large effect size (d=-1.01)"}, {"cityName": "Hildesheim", "timestamp": "2023-04", "value": 4.456293604829732e-05, "incidence": 16.266666666666666, "pValue": 0.022539262146701416, "interpretation": "27.6% decrease, significant (p = 0.023), large effect size (d=-0.94)"}, {"cityName": "Oldenburg (Oldb)", "timestamp": "2023-04", "value": 6.049231742508709e-05, "incidence": 19.736666666666668, "pValue": 0.9876150730241071, "interpretation": "0.2% increase, not statistically significant (p = 0.988), negligible effect size (d=0.01)"}, {"cityName": "Osnabr\u00fcck", "timestamp": "2023-04", "value": 5.032567688348618e-05, "incidence": 17.29, "pValue": 0.19616525985510996, "interpretation": "19.8% decrease, not statistically significant (p = 0.196), medium effect size (d=-0.55)"}, {"cityName": "Bremen", "timestamp": "2023-04", "value": 6.064898563457317e-05, "incidence": 16.956666666666663, "pValue": 0.1823364523745126, "interpretation": "16.4% decrease, not statistically significant (p = 0.182), small effect size (d=-0.45)"}, {"cityName": "Bremerhaven", "timestamp": "2023-04", "value": 5.16681424674711e-05, "incidence": 13.540000000000001, "pValue": 0.38839759741211244, "interpretation": "15.7% decrease, not statistically significant (p = 0.388), small effect size (d=-0.33)"}, {"cityName": "D\u00fcsseldorf", "timestamp": "2023-04", "value": 0.0001228794046654934, "incidence": 17.470000000000002, "pValue": 0.6881921424582529, "interpretation": "8.7% decrease, not statistically significant (p = 0.688), negligible effect size (d=-0.17)"}, {"cityName": "Duisburg", "timestamp": "2023-04", "value": 0.00014367525298625996, "incidence": 15.613333333333337, "pValue": 0.8215695372455376, "interpretation": "5.2% decrease, not statistically significant (p = 0.822), negligible effect size (d=-0.09)"}, {"cityName": "Essen", "timestamp": "2023-04", "value": 0.00011903639787282699, "incidence": 20.443333333333335, "pValue": 0.9517034467211937, "interpretation": "1.4% increase, not statistically significant (p = 0.952), negligible effect size (d=0.02)"}, {"cityName": "Krefeld", "timestamp": "2023-04", "value": 0.0001450602878601505, "incidence": 13.676666666666666, "pValue": 0.474567604412227, "interpretation": "18.5% decrease, not statistically significant (p = 0.475), small effect size (d=-0.30)"}, {"cityName": "M\u00f6nchengladbach", "timestamp": "2023-04", "value": 0.00011005405946795283, "incidence": 9.01, "pValue": 0.1423068837772368, "interpretation": "27.3% decrease, not statistically significant (p = 0.142), medium effect size (d=-0.57)"}, {"cityName": "M\u00fclheim an der Ruhr", "timestamp": "2023-04", "value": 0.00012989086098968983, "incidence": 25.319999999999997, "pValue": 0.7284526975440337, "interpretation": "8.6% increase, not statistically significant (p = 0.728), negligible effect size (d=0.14)"}, {"cityName": "Oberhausen", "timestamp": "2023-04", "value": 0.00012876598450999992, "incidence": 20.483333333333334, "pValue": 0.8884887104315348, "interpretation": "3.2% increase, not statistically significant (p = 0.888), negligible effect size (d=0.06)"}, {"cityName": "Remscheid", "timestamp": "2023-04", "value": 5.998171400278807e-05, "incidence": 12.72333333333333, "pValue": 0.11428716792673715, "interpretation": "26.2% decrease, not statistically significant (p = 0.114), medium effect size (d=-0.76)"}, {"cityName": "Solingen", "timestamp": "2023-04", "value": 8.391694427700713e-05, "incidence": 13.390000000000002, "pValue": 0.26350402833811976, "interpretation": "18.9% decrease, not statistically significant (p = 0.264), small effect size (d=-0.48)"}, {"cityName": "Wuppertal", "timestamp": "2023-04", "value": 8.204424995239135e-05, "incidence": 22.74333333333333, "pValue": 0.3146642700940521, "interpretation": "17.9% decrease, not statistically significant (p = 0.315), small effect size (d=-0.43)"}, {"cityName": "Neuss", "timestamp": "2023-04", "value": 0.00012429014896042645, "incidence": 13.406666666666666, "pValue": 0.5638253735265266, "interpretation": "12.7% decrease, not statistically significant (p = 0.564), small effect size (d=-0.25)"}, {"cityName": "Moers", "timestamp": "2023-04", "value": 0.0001474217777805669, "incidence": 13.586666666666664, "pValue": 0.3724737679528902, "interpretation": "25.0% decrease, not statistically significant (p = 0.372), small effect size (d=-0.37)"}, {"cityName": "Bonn", "timestamp": "2023-04", "value": 7.370283657854253e-05, "incidence": 11.006666666666666, "pValue": 0.6656266493629484, "interpretation": "7.2% decrease, not statistically significant (p = 0.666), negligible effect size (d=-0.19)"}, {"cityName": "K\u00f6ln", "timestamp": "2023-04", "value": 9.631677918757002e-05, "incidence": 9.366666666666669, "pValue": 0.3126161489583798, "interpretation": "23.6% decrease, not statistically significant (p = 0.313), small effect size (d=-0.43)"}, {"cityName": "Leverkusen", "timestamp": "2023-04", "value": 8.746405364945531e-05, "incidence": 18.21333333333333, "pValue": 0.4975026370028419, "interpretation": "14.5% decrease, not statistically significant (p = 0.498), small effect size (d=-0.31)"}, {"cityName": "Aachen", "timestamp": "2023-04", "value": 8.537083992670323e-05, "incidence": 10.333333333333332, "pValue": 0.4881328135135482, "interpretation": "20.1% decrease, not statistically significant (p = 0.488), small effect size (d=-0.29)"}, {"cityName": "Bergisch Gladbach", "timestamp": "2023-04", "value": 7.061818281986884e-05, "incidence": 8.046666666666667, "pValue": 0.3683543635002354, "interpretation": "18.4% decrease, not statistically significant (p = 0.368), small effect size (d=-0.44)"}, {"cityName": "Bottrop", "timestamp": "2023-04", "value": 0.00010715153150479583, "incidence": 24.85666666666667, "pValue": 0.42658856596219297, "interpretation": "15.9% decrease, not statistically significant (p = 0.427), small effect size (d=-0.35)"}, {"cityName": "Gelsenkirchen", "timestamp": "2023-04", "value": 9.384570533738417e-05, "incidence": 18.05333333333333, "pValue": 0.5497059464749605, "interpretation": "11.0% decrease, not statistically significant (p = 0.550), small effect size (d=-0.24)"}, {"cityName": "M\u00fcnster", "timestamp": "2023-04", "value": 5.244785560327664e-05, "incidence": 14.093333333333332, "pValue": 0.4396006714549787, "interpretation": "11.0% decrease, not statistically significant (p = 0.440), small effect size (d=-0.31)"}, {"cityName": "Recklinghausen", "timestamp": "2023-04", "value": 7.762741118382949e-05, "incidence": 19.730000000000004, "pValue": 0.6392694906030161, "interpretation": "8.1% decrease, not statistically significant (p = 0.639), small effect size (d=-0.20)"}, {"cityName": "Bielefeld", "timestamp": "2023-04", "value": 5.705118140516182e-05, "incidence": 23.163333333333334, "pValue": 0.28527198550729443, "interpretation": "15.5% decrease, not statistically significant (p = 0.285), small effect size (d=-0.45)"}, {"cityName": "G\u00fctersloh", "timestamp": "2023-04", "value": 6.221775547601282e-05, "incidence": 12.976666666666667, "pValue": 0.7194120001146471, "interpretation": "6.0% decrease, not statistically significant (p = 0.719), negligible effect size (d=-0.17)"}, {"cityName": "Paderborn", "timestamp": "2023-04", "value": 5.412835537666275e-05, "incidence": 11.683333333333334, "pValue": 0.7239976874285168, "interpretation": "5.7% decrease, not statistically significant (p = 0.724), negligible effect size (d=-0.15)"}, {"cityName": "Bochum", "timestamp": "2023-04", "value": 0.00010464714917664726, "incidence": 20.31, "pValue": 0.8326876564753164, "interpretation": "5.7% increase, not statistically significant (p = 0.833), negligible effect size (d=0.09)"}, {"cityName": "Dortmund", "timestamp": "2023-04", "value": 8.69579083633189e-05, "incidence": 20.00666666666667, "pValue": 0.7423480203847974, "interpretation": "9.9% increase, not statistically significant (p = 0.742), negligible effect size (d=0.16)"}, {"cityName": "Hagen", "timestamp": "2023-04", "value": 6.969950707822011e-05, "incidence": 16.633333333333336, "pValue": 0.6006140092439956, "interpretation": "10.0% decrease, not statistically significant (p = 0.601), small effect size (d=-0.22)"}, {"cityName": "Hamm", "timestamp": "2023-04", "value": 6.061665425520568e-05, "incidence": 12.843333333333334, "pValue": 0.48205471551226253, "interpretation": "10.2% decrease, not statistically significant (p = 0.482), small effect size (d=-0.30)"}, {"cityName": "Herne", "timestamp": "2023-04", "value": 0.00010104381944984198, "incidence": 17.566666666666666, "pValue": 0.7285626132381479, "interpretation": "8.3% increase, not statistically significant (p = 0.729), negligible effect size (d=0.16)"}, {"cityName": "Siegen", "timestamp": "2023-04", "value": 5.031911423429847e-05, "incidence": 14.876666666666667, "pValue": 0.6833148784830868, "interpretation": "8.6% decrease, not statistically significant (p = 0.683), small effect size (d=-0.21)"}, {"cityName": "Darmstadt", "timestamp": "2023-04", "value": 6.654465952041474e-05, "incidence": 12.23333333333333, "pValue": 0.35151318913302576, "interpretation": "14.7% decrease, not statistically significant (p = 0.352), small effect size (d=-0.43)"}, {"cityName": "Frankfurt am Main", "timestamp": "2023-04", "value": 8.787064474414696e-05, "incidence": 13.76, "pValue": 0.4371872804359528, "interpretation": "14.8% decrease, not statistically significant (p = 0.437), small effect size (d=-0.34)"}, {"cityName": "Offenbach am Main", "timestamp": "2023-04", "value": 7.875125050883402e-05, "incidence": 12.456666666666665, "pValue": 0.7097344030670356, "interpretation": "7.1% increase, not statistically significant (p = 0.710), negligible effect size (d=0.19)"}, {"cityName": "Wiesbaden", "timestamp": "2023-04", "value": 7.202280944006311e-05, "incidence": 10.203333333333337, "pValue": 0.3292514332415378, "interpretation": "14.8% decrease, not statistically significant (p = 0.329), small effect size (d=-0.46)"}, {"cityName": "Hanau", "timestamp": "2023-04", "value": 6.181375087740329e-05, "incidence": 13.71, "pValue": 0.3637740421490212, "interpretation": "15.0% decrease, not statistically significant (p = 0.364), small effect size (d=-0.43)"}, {"cityName": "Kassel", "timestamp": "2023-04", "value": 5.293260781197912e-05, "incidence": 20.983333333333334, "pValue": 0.4628218758486541, "interpretation": "9.0% decrease, not statistically significant (p = 0.463), small effect size (d=-0.31)"}, {"cityName": "Koblenz", "timestamp": "2023-04", "value": 6.251762776325147e-05, "incidence": 7.026666666666667, "pValue": 0.977547741212546, "interpretation": "0.4% decrease, not statistically significant (p = 0.978), negligible effect size (d=-0.01)"}, {"cityName": "Trier", "timestamp": "2023-04", "value": 5.780104547739029e-05, "incidence": 11.496666666666666, "pValue": 0.7623813866993383, "interpretation": "5.1% decrease, not statistically significant (p = 0.762), negligible effect size (d=-0.14)"}, {"cityName": "Kaiserslautern", "timestamp": "2023-04", "value": 5.7760241011587474e-05, "incidence": 16.929999999999996, "pValue": 0.1726839960089387, "interpretation": "20.5% decrease, not statistically significant (p = 0.173), medium effect size (d=-0.78)"}, {"cityName": "Ludwigshafen am Rhein", "timestamp": "2023-04", "value": 0.000116489187348634, "incidence": 11.149999999999999, "pValue": 0.9862774779861843, "interpretation": "0.4% decrease, not statistically significant (p = 0.986), negligible effect size (d=-0.01)"}, {"cityName": "Mainz", "timestamp": "2023-04", "value": 8.508992323186249e-05, "incidence": 9.906666666666666, "pValue": 0.5833628425276558, "interpretation": "9.1% decrease, not statistically significant (p = 0.583), small effect size (d=-0.27)"}, {"cityName": "Stuttgart", "timestamp": "2023-04", "value": 7.840859082837899e-05, "incidence": 9.743333333333336, "pValue": 0.4913439079643598, "interpretation": "12.3% increase, not statistically significant (p = 0.491), small effect size (d=0.32)"}, {"cityName": "Heilbronn", "timestamp": "2023-04", "value": 5.918386159464717e-05, "incidence": 15.993333333333336, "pValue": 0.23192917178233233, "interpretation": "22.9% decrease, not statistically significant (p = 0.232), medium effect size (d=-0.59)"}, {"cityName": "Karlsruhe", "timestamp": "2023-04", "value": 7.824274556090434e-05, "incidence": 9.896666666666667, "pValue": 0.5455095876627292, "interpretation": "9.6% decrease, not statistically significant (p = 0.546), small effect size (d=-0.32)"}, {"cityName": "Heidelberg", "timestamp": "2023-04", "value": 8.742459804603928e-05, "incidence": 13.82666666666667, "pValue": 0.056472727299962854, "interpretation": "64.7% increase, not statistically significant (p = 0.056), large effect size (d=1.14)"}, {"cityName": "Mannheim", "timestamp": "2023-04", "value": 0.00012911196798086168, "incidence": 13.176666666666668, "pValue": 0.07002667559821109, "interpretation": "48.2% increase, not statistically significant (p = 0.070), large effect size (d=1.04)"}, {"cityName": "Pforzheim", "timestamp": "2023-04", "value": 6.845132318428821e-05, "incidence": 9.206666666666667, "pValue": 0.9548148267026899, "interpretation": "1.3% decrease, not statistically significant (p = 0.955), negligible effect size (d=-0.03)"}, {"cityName": "Freiburg im Breisgau", "timestamp": "2023-04", "value": 4.7409303348373486e-05, "incidence": 11.07333333333333, "pValue": 0.016714096559072352, "interpretation": "49.1% decrease, significant (p = 0.017), large effect size (d=-1.45)"}, {"cityName": "Reutlingen", "timestamp": "2023-04", "value": 5.5639389756834134e-05, "incidence": 10.026666666666669, "pValue": 0.7183637840232262, "interpretation": "6.6% decrease, not statistically significant (p = 0.718), negligible effect size (d=-0.19)"}, {"cityName": "Ulm", "timestamp": "2023-04", "value": 5.0532518224300525e-05, "incidence": 19.206666666666667, "pValue": 0.2229132040866444, "interpretation": "27.5% decrease, not statistically significant (p = 0.223), medium effect size (d=-0.69)"}, {"cityName": "Ingolstadt", "timestamp": "2023-04", "value": 5.466932877122114e-05, "incidence": 12.96, "pValue": 0.47807130570282463, "interpretation": "11.3% decrease, not statistically significant (p = 0.478), small effect size (d=-0.30)"}, {"cityName": "M\u00fcnchen", "timestamp": "2023-04", "value": 6.0575736614947135e-05, "incidence": 15.629999999999999, "pValue": 0.42729439897345756, "interpretation": "21.1% decrease, not statistically significant (p = 0.427), small effect size (d=-0.38)"}, {"cityName": "Regensburg", "timestamp": "2023-04", "value": 5.229855887591839e-05, "incidence": 21.123333333333335, "pValue": 0.8257323894199903, "interpretation": "4.0% decrease, not statistically significant (p = 0.826), negligible effect size (d=-0.11)"}, {"cityName": "Erlangen", "timestamp": "2023-04", "value": 5.116062571427652e-05, "incidence": 17.53333333333334, "pValue": 0.5824450507530217, "interpretation": "7.4% increase, not statistically significant (p = 0.582), small effect size (d=0.26)"}, {"cityName": "F\u00fcrth", "timestamp": "2023-04", "value": 5.977061809971929e-05, "incidence": 22.186666666666664, "pValue": 0.34456145741524746, "interpretation": "17.0% increase, not statistically significant (p = 0.345), medium effect size (d=0.52)"}, {"cityName": "N\u00fcrnberg", "timestamp": "2023-04", "value": 5.541370024509502e-05, "incidence": 26.009999999999998, "pValue": 0.9811337909840674, "interpretation": "0.5% decrease, not statistically significant (p = 0.981), negligible effect size (d=-0.01)"}, {"cityName": "W\u00fcrzburg", "timestamp": "2023-04", "value": 4.968207576894201e-05, "incidence": 18.593333333333327, "pValue": 0.33989921450778193, "interpretation": "19.3% decrease, not statistically significant (p = 0.340), small effect size (d=-0.38)"}, {"cityName": "Augsburg", "timestamp": "2023-04", "value": 5.480788576488312e-05, "incidence": 14.006666666666668, "pValue": 0.16869877352993734, "interpretation": "20.2% decrease, not statistically significant (p = 0.169), medium effect size (d=-0.71)"}, {"cityName": "Saarbr\u00fccken", "timestamp": "2023-04", "value": 6.630199495702982e-05, "incidence": 21.823333333333327, "pValue": 0.85972629991882, "interpretation": "4.1% increase, not statistically significant (p = 0.860), negligible effect size (d=0.09)"}, {"cityName": "Berlin", "timestamp": "2023-04", "value": 4.938238005085689e-05, "incidence": 0.0, "pValue": 0.06383579623867529, "interpretation": "21.1% decrease, not statistically significant (p = 0.064), large effect size (d=-0.84)"}, {"cityName": "Cottbus", "timestamp": "2023-04", "value": 5.701891719721831e-05, "incidence": 30.07666666666667, "pValue": 0.3935992894679581, "interpretation": "17.4% decrease, not statistically significant (p = 0.394), small effect size (d=-0.44)"}, {"cityName": "Potsdam", "timestamp": "2023-04", "value": 3.9377328528858285e-05, "incidence": 19.14333333333333, "pValue": 0.06419571568338875, "interpretation": "34.7% decrease, not statistically significant (p = 0.064), large effect size (d=-0.84)"}, {"cityName": "Rostock", "timestamp": "2023-04", "value": 3.484137017618526e-05, "incidence": 28.116666666666667, "pValue": 0.498298555386421, "interpretation": "6.8% decrease, not statistically significant (p = 0.498), small effect size (d=-0.24)"}, {"cityName": "Chemnitz", "timestamp": "2023-04", "value": 3.679344294274726e-05, "incidence": 28.253333333333337, "pValue": 0.008136447804142568, "interpretation": "46.2% decrease, very significant (p < 0.01), large effect size (d=-1.42)"}, {"cityName": "Dresden", "timestamp": "2023-04", "value": 5.426716736771843e-05, "incidence": 16.360000000000003, "pValue": 0.3313107348165555, "interpretation": "19.5% decrease, not statistically significant (p = 0.331), small effect size (d=-0.49)"}, {"cityName": "Leipzig", "timestamp": "2023-04", "value": 4.960568256530107e-05, "incidence": 30.320000000000004, "pValue": 0.26978669909513514, "interpretation": "21.2% decrease, not statistically significant (p = 0.270), small effect size (d=-0.50)"}, {"cityName": "Halle (Saale)", "timestamp": "2023-04", "value": 4.4892270428438984e-05, "incidence": 22.90666666666667, "pValue": 0.0780580874328027, "interpretation": "28.6% decrease, not statistically significant (p = 0.078), medium effect size (d=-0.78)"}, {"cityName": "Magdeburg", "timestamp": "2023-04", "value": 4.6953816260946424e-05, "incidence": 21.733333333333338, "pValue": 0.2729688607997655, "interpretation": "13.9% decrease, not statistically significant (p = 0.273), small effect size (d=-0.44)"}, {"cityName": "Erfurt", "timestamp": "2023-04", "value": 4.187118301683284e-05, "incidence": 19.220000000000002, "pValue": 0.0868690385651009, "interpretation": "21.6% decrease, not statistically significant (p = 0.087), medium effect size (d=-0.72)"}, {"cityName": "Jena", "timestamp": "2023-04", "value": 3.833166556432843e-05, "incidence": 25.679999999999996, "pValue": 0.04200338132474465, "interpretation": "38.0% decrease, significant (p = 0.042), large effect size (d=-0.95)"}]