[{"cityName": "Kiel", "timestamp": "2019-08", "value": 3.957627562894708e-05, "incidence": 0.0, "pValue": 1.0, "interpretation": "Precovid baseline"}, {"cityName": "L\u00fcbeck", "timestamp": "2019-08", "value": 4.6988852166881166e-05, "incidence": 0.0, "pValue": 1.0, "interpretation": "Precovid baseline"}, {"cityName": "Hamburg", "timestamp": "2019-08", "value": 5.5748013848507846e-05, "incidence": 0.0, "pValue": 1.0, "interpretation": "Precovid baseline"}, {"cityName": "Braunschweig", "timestamp": "2019-08", "value": 4.340771941796822e-05, "incidence": 0.0, "pValue": 1.0, "interpretation": "Precovid baseline"}, {"cityName": "Salzgitter", "timestamp": "2019-08", "value": 4.1213067015632986e-05, "incidence": 0.0, "pValue": 1.0, "interpretation": "Precovid baseline"}, {"cityName": "Wolfsburg", "timestamp": "2019-08", "value": 4.373525734990835e-05, "incidence": 0.0, "pValue": 1.0, "interpretation": "Precovid baseline"}, {"cityName": "G\u00f6ttingen", "timestamp": "2019-08", "value": 3.290108759843168e-05, "incidence": 0.0, "pValue": 1.0, "interpretation": "Precovid baseline"}, {"cityName": "Hannover", "timestamp": "2019-08", "value": 5.39408310463554e-05, "incidence": 0.0, "pValue": 1.0, "interpretation": "Precovid baseline"}, {"cityName": "Hildesheim", "timestamp": "2019-08", "value": 3.9071036393151567e-05, "incidence": 0.0, "pValue": 1.0, "interpretation": "Precovid baseline"}, {"cityName": "Oldenburg (Oldb)", "timestamp": "2019-08", "value": 5.5725435959175226e-05, "incidence": 0.0, "pValue": 1.0, "interpretation": "Precovid baseline"}, {"cityName": "Osnabr\u00fcck", "timestamp": "2019-08", "value": 6.098112895746123e-05, "incidence": 0.0, "pValue": 1.0, "interpretation": "Precovid baseline"}, {"cityName": "Bremen", "timestamp": "2019-08", "value": 5.203164869644603e-05, "incidence": 0.0, "pValue": 1.0, "interpretation": "Precovid baseline"}, {"cityName": "Bremerhaven", "timestamp": "2019-08", "value": 4.0343156017895255e-05, "incidence": 0.0, "pValue": 1.0, "interpretation": "Precovid baseline"}, {"cityName": "D\u00fcsseldorf", "timestamp": "2019-08", "value": 0.00012812456797535826, "incidence": 0.0, "pValue": 1.0, "interpretation": "Precovid baseline"}, {"cityName": "Duisburg", "timestamp": "2019-08", "value": 0.00015037796961573453, "incidence": 0.0, "pValue": 1.0, "interpretation": "Precovid baseline"}, {"cityName": "Essen", "timestamp": "2019-08", "value": 0.00010613177735836078, "incidence": 0.0, "pValue": 1.0, "interpretation": "Precovid baseline"}, {"cityName": "Krefeld", "timestamp": "2019-08", "value": 0.00012644905095490126, "incidence": 0.0, "pValue": 1.0, "interpretation": "Precovid baseline"}, {"cityName": "M\u00f6nchengladbach", "timestamp": "2019-08", "value": 0.00010840530539381092, "incidence": 0.0, "pValue": 1.0, "interpretation": "Precovid baseline"}, {"cityName": "M\u00fclheim an der Ruhr", "timestamp": "2019-08", "value": 0.00011762076367934544, "incidence": 0.0, "pValue": 1.0, "interpretation": "Precovid baseline"}, {"cityName": "Oberhausen", "timestamp": "2019-08", "value": 0.00015365292962927086, "incidence": 0.0, "pValue": 1.0, "interpretation": "Precovid baseline"}, {"cityName": "Remscheid", "timestamp": "2019-08", "value": 8.335068511466185e-05, "incidence": 0.0, "pValue": 1.0, "interpretation": "Precovid baseline"}, {"cityName": "Solingen", "timestamp": "2019-08", "value": 0.000103337864857167, "incidence": 0.0, "pValue": 1.0, "interpretation": "Precovid baseline"}, {"cityName": "Wuppertal", "timestamp": "2019-08", "value": 9.518037377684204e-05, "incidence": 0.0, "pValue": 1.0, "interpretation": "Precovid baseline"}, {"cityName": "Neuss", "timestamp": "2019-08", "value": 0.00012468091154005378, "incidence": 0.0, "pValue": 1.0, "interpretation": "Precovid baseline"}, {"cityName": "Moers", "timestamp": "2019-08", "value": 0.0001355867550176169, "incidence": 0.0, "pValue": 1.0, "interpretation": "Precovid baseline"}, {"cityName": "Bonn", "timestamp": "2019-08", "value": 6.319236391308633e-05, "incidence": 0.0, "pValue": 1.0, "interpretation": "Precovid baseline"}, {"cityName": "K\u00f6ln", "timestamp": "2019-08", "value": 0.0001036950723371572, "incidence": 0.0, "pValue": 1.0, "interpretation": "Precovid baseline"}, {"cityName": "Leverkusen", "timestamp": "2019-08", "value": 0.00011487891121457021, "incidence": 0.0, "pValue": 1.0, "interpretation": "Precovid baseline"}, {"cityName": "Aachen", "timestamp": "2019-08", "value": 5.5911982881611793e-05, "incidence": 0.0, "pValue": 1.0, "interpretation": "Precovid baseline"}, {"cityName": "Bergisch Gladbach", "timestamp": "2019-08", "value": 8.16360947542957e-05, "incidence": 0.0, "pValue": 1.0, "interpretation": "Precovid baseline"}, {"cityName": "Bottrop", "timestamp": "2019-08", "value": 0.0001408382154562894, "incidence": 0.0, "pValue": 1.0, "interpretation": "Precovid baseline"}, {"cityName": "Gelsenkirchen", "timestamp": "2019-08", "value": 0.0001289421582923216, "incidence": 0.0, "pValue": 1.0, "interpretation": "Precovid baseline"}, {"cityName": "M\u00fcnster", "timestamp": "2019-08", "value": 6.525594283614242e-05, "incidence": 0.0, "pValue": 1.0, "interpretation": "Precovid baseline"}, {"cityName": "Recklinghausen", "timestamp": "2019-08", "value": 0.00011868662057587734, "incidence": 0.0, "pValue": 1.0, "interpretation": "Precovid baseline"}, {"cityName": "Bielefeld", "timestamp": "2019-08", "value": 5.617832357529551e-05, "incidence": 0.0, "pValue": 1.0, "interpretation": "Precovid baseline"}, {"cityName": "G\u00fctersloh", "timestamp": "2019-08", "value": 6.152173154987395e-05, "incidence": 0.0, "pValue": 1.0, "interpretation": "Precovid baseline"}, {"cityName": "Paderborn", "timestamp": "2019-08", "value": 4.6946528938508804e-05, "incidence": 0.0, "pValue": 1.0, "interpretation": "Precovid baseline"}, {"cityName": "Bochum", "timestamp": "2019-08", "value": 9.50903631746769e-05, "incidence": 0.0, "pValue": 1.0, "interpretation": "Precovid baseline"}, {"cityName": "Dortmund", "timestamp": "2019-08", "value": 9.941497781113082e-05, "incidence": 0.0, "pValue": 1.0, "interpretation": "Precovid baseline"}, {"cityName": "Hagen", "timestamp": "2019-08", "value": 7.175195737388627e-05, "incidence": 0.0, "pValue": 1.0, "interpretation": "Precovid baseline"}, {"cityName": "Hamm", "timestamp": "2019-08", "value": 8.342953931008066e-05, "incidence": 0.0, "pValue": 1.0, "interpretation": "Precovid baseline"}, {"cityName": "Herne", "timestamp": "2019-08", "value": 0.0001114309998229146, "incidence": 0.0, "pValue": 1.0, "interpretation": "Precovid baseline"}, {"cityName": "Siegen", "timestamp": "2019-08", "value": 3.522000624798238e-05, "incidence": 0.0, "pValue": 1.0, "interpretation": "Precovid baseline"}, {"cityName": "Darmstadt", "timestamp": "2019-08", "value": 5.343699806623838e-05, "incidence": 0.0, "pValue": 1.0, "interpretation": "Precovid baseline"}, {"cityName": "Frankfurt am Main", "timestamp": "2019-08", "value": 8.603379617191173e-05, "incidence": 0.0, "pValue": 1.0, "interpretation": "Precovid baseline"}, {"cityName": "Offenbach am Main", "timestamp": "2019-08", "value": 7.069871803237633e-05, "incidence": 0.0, "pValue": 1.0, "interpretation": "Precovid baseline"}, {"cityName": "Wiesbaden", "timestamp": "2019-08", "value": 7.208579012917148e-05, "incidence": 0.0, "pValue": 1.0, "interpretation": "Precovid baseline"}, {"cityName": "Hanau", "timestamp": "2019-08", "value": 5.5740368015204484e-05, "incidence": 0.0, "pValue": 1.0, "interpretation": "Precovid baseline"}, {"cityName": "Kassel", "timestamp": "2019-08", "value": 4.261803244137102e-05, "incidence": 0.0, "pValue": 1.0, "interpretation": "Precovid baseline"}, {"cityName": "Koblenz", "timestamp": "2019-08", "value": 4.8310078758125506e-05, "incidence": 0.0, "pValue": 1.0, "interpretation": "Precovid baseline"}, {"cityName": "Trier", "timestamp": "2019-08", "value": 3.89786553569138e-05, "incidence": 0.0, "pValue": 1.0, "interpretation": "Precovid baseline"}, {"cityName": "Kaiserslautern", "timestamp": "2019-08", "value": 4.0471522459903587e-05, "incidence": 0.0, "pValue": 1.0, "interpretation": "Precovid baseline"}, {"cityName": "Ludwigshafen am Rhein", "timestamp": "2019-08", "value": 8.212999091483653e-05, "incidence": 0.0, "pValue": 1.0, "interpretation": "Precovid baseline"}, {"cityName": "Mainz", "timestamp": "2019-08", "value": 6.174728332553059e-05, "incidence": 0.0, "pValue": 1.0, "interpretation": "Precovid baseline"}, {"cityName": "Stuttgart", "timestamp": "2019-08", "value": 4.1987481785731186e-05, "incidence": 0.0, "pValue": 1.0, "interpretation": "Precovid baseline"}, {"cityName": "Heilbronn", "timestamp": "2019-08", "value": 4.006560710776183e-05, "incidence": 0.0, "pValue": 1.0, "interpretation": "Precovid baseline"}, {"cityName": "Karlsruhe", "timestamp": "2019-08", "value": 4.465499660000205e-05, "incidence": 0.0, "pValue": 1.0, "interpretation": "Precovid baseline"}, {"cityName": "Heidelberg", "timestamp": "2019-08", "value": 4.3285422419246876e-05, "incidence": 0.0, "pValue": 1.0, "interpretation": "Precovid baseline"}, {"cityName": "Mannheim", "timestamp": "2019-08", "value": 8.071640506386757e-05, "incidence": 0.0, "pValue": 1.0, "interpretation": "Precovid baseline"}, {"cityName": "Pforzheim", "timestamp": "2019-08", "value": 3.389586021916734e-05, "incidence": 0.0, "pValue": 1.0, "interpretation": "Precovid baseline"}, {"cityName": "Freiburg im Breisgau", "timestamp": "2019-08", "value": 2.9181190593926994e-05, "incidence": 0.0, "pValue": 1.0, "interpretation": "Precovid baseline"}, {"cityName": "Reutlingen", "timestamp": "2019-08", "value": 3.2372347050113603e-05, "incidence": 0.0, "pValue": 1.0, "interpretation": "Precovid baseline"}, {"cityName": "Ulm", "timestamp": "2019-08", "value": 3.468932730979041e-05, "incidence": 0.0, "pValue": 1.0, "interpretation": "Precovid baseline"}, {"cityName": "Ingolstadt", "timestamp": "2019-08", "value": 3.60356061719358e-05, "incidence": 0.0, "pValue": 1.0, "interpretation": "Precovid baseline"}, {"cityName": "M\u00fcnchen", "timestamp": "2019-08", "value": 4.6927822180665455e-05, "incidence": 0.0, "pValue": 1.0, "interpretation": "Precovid baseline"}, {"cityName": "Regensburg", "timestamp": "2019-08", "value": 3.5708979703485964e-05, "incidence": 0.0, "pValue": 1.0, "interpretation": "Precovid baseline"}, {"cityName": "Erlangen", "timestamp": "2019-08", "value": 3.163955365640244e-05, "incidence": 0.0, "pValue": 1.0, "interpretation": "Precovid baseline"}, {"cityName": "F\u00fcrth", "timestamp": "2019-08", "value": 3.810574125964195e-05, "incidence": 0.0, "pValue": 1.0, "interpretation": "Precovid baseline"}, {"cityName": "N\u00fcrnberg", "timestamp": "2019-08", "value": 3.900897519832308e-05, "incidence": 0.0, "pValue": 1.0, "interpretation": "Precovid baseline"}, {"cityName": "W\u00fcrzburg", "timestamp": "2019-08", "value": 3.897731949109584e-05, "incidence": 0.0, "pValue": 1.0, "interpretation": "Precovid baseline"}, {"cityName": "Augsburg", "timestamp": "2019-08", "value": 3.626657864795281e-05, "incidence": 0.0, "pValue": 1.0, "interpretation": "Precovid baseline"}, {"cityName": "Saarbr\u00fccken", "timestamp": "2019-08", "value": 3.276715675989787e-05, "incidence": 0.0, "pValue": 1.0, "interpretation": "Precovid baseline"}, {"cityName": "Berlin", "timestamp": "2019-08", "value": 4.7248961381250764e-05, "incidence": 0.0, "pValue": 1.0, "interpretation": "Precovid baseline"}, {"cityName": "Cottbus", "timestamp": "2019-08", "value": 4.159275424451782e-05, "incidence": 0.0, "pValue": 1.0, "interpretation": "Precovid baseline"}, {"cityName": "Potsdam", "timestamp": "2019-08", "value": 3.9180744138053234e-05, "incidence": 0.0, "pValue": 1.0, "interpretation": "Precovid baseline"}, {"cityName": "Rostock", "timestamp": "2019-08", "value": 3.658964609106382e-05, "incidence": 0.0, "pValue": 1.0, "interpretation": "Precovid baseline"}, {"cityName": "Chemnitz", "timestamp": "2019-08", "value": 3.5465266214819944e-05, "incidence": 0.0, "pValue": 1.0, "interpretation": "Precovid baseline"}, {"cityName": "Dresden", "timestamp": "2019-08", "value": 3.708837215196003e-05, "incidence": 0.0, "pValue": 1.0, "interpretation": "Precovid baseline"}, {"cityName": "Leipzig", "timestamp": "2019-08", "value": 4.0761802308991845e-05, "incidence": 0.0, "pValue": 1.0, "interpretation": "Precovid baseline"}, {"cityName": "Halle (Saale)", "timestamp": "2019-08", "value": 3.668685288478931e-05, "incidence": 0.0, "pValue": 1.0, "interpretation": "Precovid baseline"}, {"cityName": "Magdeburg", "timestamp": "2019-08", "value": 3.7943720695023475e-05, "incidence": 0.0, "pValue": 1.0, "interpretation": "Precovid baseline"}, {"cityName": "Erfurt", "timestamp": "2019-08", "value": 3.4865321333896604e-05, "incidence": 0.0, "pValue": 1.0, "interpretation": "Precovid baseline"}, {"cityName": "Jena", "timestamp": "2019-08", "value": 3.4263114988182984e-05, "incidence": 0.0, "pValue": 1.0, "interpretation": "Precovid baseline"}]