[{"cityName": "Kiel", "timestamp": "2023-12", "value": -7.909547310278175e-06, "incidence": 21.693548387096776, "pValue": 0.02753909956172649, "interpretation": "118.5% decrease, significant (p = 0.028), large effect size (d=-1.58)"}, {"cityName": "L\u00fcbeck", "timestamp": "2023-12", "value": -1.884897857154202e-06, "incidence": 29.654838709677424, "pValue": 0.010693719065123869, "interpretation": "111.5% decrease, significant (p = 0.011), large effect size (d=-1.92)"}, {"cityName": "Hamburg", "timestamp": "2023-12", "value": 2.8539240291273152e-05, "incidence": 29.390322580645165, "pValue": 0.42410910468648044, "interpretation": "37.7% decrease, not statistically significant (p = 0.424), small effect size (d=-0.41)"}, {"cityName": "Braunschweig", "timestamp": "2023-12", "value": 5.198077654794735e-05, "incidence": 38.764516129032266, "pValue": 0.3479625439409284, "interpretation": "26.4% decrease, not statistically significant (p = 0.348), medium effect size (d=-0.64)"}, {"cityName": "Salzgitter", "timestamp": "2023-12", "value": 4.7384301433339714e-05, "incidence": 31.377419354838707, "pValue": 0.3065615565268102, "interpretation": "23.8% decrease, not statistically significant (p = 0.307), medium effect size (d=-0.53)"}, {"cityName": "Wolfsburg", "timestamp": "2023-12", "value": 2.8247068832187277e-05, "incidence": 19.109677419354835, "pValue": 0.012966673319475144, "interpretation": "64.2% decrease, significant (p = 0.013), large effect size (d=-1.35)"}, {"cityName": "G\u00f6ttingen", "timestamp": "2023-12", "value": 3.227314951609036e-06, "incidence": 35.89354838709678, "pValue": 0.0, "interpretation": "Insufficient data for this month for a statistical test."}, {"cityName": "Hannover", "timestamp": "2023-12", "value": 2.9298605544394568e-05, "incidence": 40.61935483870967, "pValue": 0.09723268200081442, "interpretation": "54.7% decrease, not statistically significant (p = 0.097), large effect size (d=-0.90)"}, {"cityName": "Hildesheim", "timestamp": "2023-12", "value": 4.390516551211476e-05, "incidence": 22.416129032258063, "pValue": 0.6989901664779112, "interpretation": "12.3% decrease, not statistically significant (p = 0.699), small effect size (d=-0.23)"}, {"cityName": "Oldenburg (Oldb)", "timestamp": "2023-12", "value": 2.317551479791291e-06, "incidence": 21.09354838709678, "pValue": 0.07163059135613352, "interpretation": "102.9% decrease, not statistically significant (p = 0.072), large effect size (d=-1.29)"}, {"cityName": "Osnabr\u00fcck", "timestamp": "2023-12", "value": 7.550724549219013e-05, "incidence": 29.158064516129034, "pValue": 0.0, "interpretation": "Insufficient data for this month for a statistical test."}, {"cityName": "Bremen", "timestamp": "2023-12", "value": 4.469418490771204e-06, "incidence": 29.22903225806452, "pValue": 0.05802999653109581, "interpretation": "80.3% decrease, not statistically significant (p = 0.058), large effect size (d=-1.11)"}, {"cityName": "Bremerhaven", "timestamp": "2023-12", "value": 2.8712654186944875e-05, "incidence": 13.393548387096775, "pValue": 0.11456423487234624, "interpretation": "59.3% decrease, not statistically significant (p = 0.115), large effect size (d=-0.81)"}, {"cityName": "D\u00fcsseldorf", "timestamp": "2023-12", "value": 0.00013055751191043272, "incidence": 27.045161290322582, "pValue": 0.6560453260989353, "interpretation": "15.3% decrease, not statistically significant (p = 0.656), small effect size (d=-0.27)"}, {"cityName": "Duisburg", "timestamp": "2023-12", "value": 0.00011142121198085639, "incidence": 26.296774193548387, "pValue": 0.40092501641459577, "interpretation": "25.4% decrease, not statistically significant (p = 0.401), small effect size (d=-0.49)"}, {"cityName": "Essen", "timestamp": "2023-12", "value": 0.00011902202207308549, "incidence": 24.535483870967738, "pValue": 0.38264877806869946, "interpretation": "23.5% decrease, not statistically significant (p = 0.383), small effect size (d=-0.46)"}, {"cityName": "Krefeld", "timestamp": "2023-12", "value": 7.809600076423242e-05, "incidence": 36.03225806451612, "pValue": 0.46924574114106, "interpretation": "30.7% decrease, not statistically significant (p = 0.469), small effect size (d=-0.49)"}, {"cityName": "M\u00f6nchengladbach", "timestamp": "2023-12", "value": 8.084129638456065e-05, "incidence": 16.570967741935483, "pValue": 0.42952921716540515, "interpretation": "25.0% decrease, not statistically significant (p = 0.430), small effect size (d=-0.39)"}, {"cityName": "M\u00fclheim an der Ruhr", "timestamp": "2023-12", "value": 9.936835461606582e-05, "incidence": 44.05483870967742, "pValue": 0.5335142132968927, "interpretation": "19.3% decrease, not statistically significant (p = 0.534), small effect size (d=-0.35)"}, {"cityName": "Oberhausen", "timestamp": "2023-12", "value": 0.00011900198072768174, "incidence": 20.67741935483871, "pValue": 0.0, "interpretation": "Insufficient data for this month for a statistical test."}, {"cityName": "Remscheid", "timestamp": "2023-12", "value": 0.00010082681352893511, "incidence": 9.938709677419356, "pValue": 0.6317741019339316, "interpretation": "28.9% decrease, not statistically significant (p = 0.632), small effect size (d=-0.34)"}, {"cityName": "Solingen", "timestamp": "2023-12", "value": 0.00012151213741162792, "incidence": 21.277419354838706, "pValue": 0.553652175404488, "interpretation": "24.5% decrease, not statistically significant (p = 0.554), small effect size (d=-0.38)"}, {"cityName": "Wuppertal", "timestamp": "2023-12", "value": 0.00010104644698677239, "incidence": 32.674193548387095, "pValue": 0.9539958357421818, "interpretation": "2.4% decrease, not statistically significant (p = 0.954), negligible effect size (d=-0.04)"}, {"cityName": "Neuss", "timestamp": "2023-12", "value": 0.00010447472595842555, "incidence": 27.76774193548387, "pValue": 0.3670620798983979, "interpretation": "30.3% decrease, not statistically significant (p = 0.367), small effect size (d=-0.47)"}, {"cityName": "Moers", "timestamp": "2023-12", "value": 8.28773232309946e-05, "incidence": 15.035483870967743, "pValue": 0.335970705408251, "interpretation": "37.9% decrease, not statistically significant (p = 0.336), medium effect size (d=-0.59)"}, {"cityName": "Bonn", "timestamp": "2023-12", "value": 6.572183602574196e-05, "incidence": 18.432258064516127, "pValue": 0.902420179935767, "interpretation": "4.2% decrease, not statistically significant (p = 0.902), negligible effect size (d=-0.06)"}, {"cityName": "K\u00f6ln", "timestamp": "2023-12", "value": 9.91975733389457e-05, "incidence": 25.135483870967743, "pValue": 0.2750270373259589, "interpretation": "29.5% decrease, not statistically significant (p = 0.275), medium effect size (d=-0.52)"}, {"cityName": "Leverkusen", "timestamp": "2023-12", "value": 0.00011929009148540597, "incidence": 61.277419354838706, "pValue": 0.7373082680804073, "interpretation": "10.2% decrease, not statistically significant (p = 0.737), small effect size (d=-0.20)"}, {"cityName": "Aachen", "timestamp": "2023-12", "value": 6.280604605402411e-05, "incidence": 22.374193548387094, "pValue": 0.6095025243103867, "interpretation": "15.6% increase, not statistically significant (p = 0.610), small effect size (d=0.24)"}, {"cityName": "Bergisch Gladbach", "timestamp": "2023-12", "value": 0.00010942579579672643, "incidence": 16.583870967741937, "pValue": 0.6604298479237216, "interpretation": "13.8% increase, not statistically significant (p = 0.660), small effect size (d=0.23)"}, {"cityName": "Bottrop", "timestamp": "2023-12", "value": 0.00011800843126633587, "incidence": 35.070967741935476, "pValue": 0.347807333933404, "interpretation": "33.4% decrease, not statistically significant (p = 0.348), medium effect size (d=-0.57)"}, {"cityName": "Gelsenkirchen", "timestamp": "2023-12", "value": 0.00014434012529604575, "incidence": 22.538709677419355, "pValue": 0.7903277707119366, "interpretation": "9.3% decrease, not statistically significant (p = 0.790), negligible effect size (d=-0.16)"}, {"cityName": "M\u00fcnster", "timestamp": "2023-12", "value": 0.00011406871571875455, "incidence": 21.596774193548384, "pValue": 0.45689813606348717, "interpretation": "32.4% increase, not statistically significant (p = 0.457), small effect size (d=0.45)"}, {"cityName": "Recklinghausen", "timestamp": "2023-12", "value": 0.0001257014675782277, "incidence": 23.296774193548387, "pValue": 0.7254043679094089, "interpretation": "9.0% decrease, not statistically significant (p = 0.725), small effect size (d=-0.25)"}, {"cityName": "Bielefeld", "timestamp": "2023-12", "value": 5.823195679113269e-05, "incidence": 31.72258064516129, "pValue": 0.26753497672548276, "interpretation": "42.6% decrease, not statistically significant (p = 0.268), medium effect size (d=-0.76)"}, {"cityName": "G\u00fctersloh", "timestamp": "2023-12", "value": 5.352430927910303e-05, "incidence": 20.929032258064517, "pValue": 0.09299231294469308, "interpretation": "62.6% decrease, not statistically significant (p = 0.093), large effect size (d=-1.27)"}, {"cityName": "Paderborn", "timestamp": "2023-12", "value": 7.452499572067492e-05, "incidence": 19.50967741935484, "pValue": 0.9045181053194312, "interpretation": "5.2% decrease, not statistically significant (p = 0.905), negligible effect size (d=-0.08)"}, {"cityName": "Bochum", "timestamp": "2023-12", "value": 0.00010452446682999532, "incidence": 35.06129032258064, "pValue": 0.3809740565448927, "interpretation": "39.5% decrease, not statistically significant (p = 0.381), medium effect size (d=-0.60)"}, {"cityName": "Dortmund", "timestamp": "2023-12", "value": 9.882822632789612e-05, "incidence": 30.054838709677412, "pValue": 0.6030740839286246, "interpretation": "22.2% decrease, not statistically significant (p = 0.603), small effect size (d=-0.35)"}, {"cityName": "Hagen", "timestamp": "2023-12", "value": 0.00010166672893382352, "incidence": 26.980645161290322, "pValue": 0.9185990944214524, "interpretation": "3.4% decrease, not statistically significant (p = 0.919), negligible effect size (d=-0.06)"}, {"cityName": "Hamm", "timestamp": "2023-12", "value": 9.087654983713513e-05, "incidence": 18.635483870967743, "pValue": 0.561196016072399, "interpretation": "20.8% decrease, not statistically significant (p = 0.561), small effect size (d=-0.31)"}, {"cityName": "Herne", "timestamp": "2023-12", "value": 0.00013947177212685346, "incidence": 27.154838709677414, "pValue": 0.0, "interpretation": "Insufficient data for this month for a statistical test."}, {"cityName": "Siegen", "timestamp": "2023-12", "value": 7.242897991091012e-05, "incidence": 15.445161290322579, "pValue": 0.49427237899741616, "interpretation": "33.1% decrease, not statistically significant (p = 0.494), small effect size (d=-0.41)"}, {"cityName": "Darmstadt", "timestamp": "2023-12", "value": 6.972426887262951e-05, "incidence": 26.093548387096774, "pValue": 0.22326049604375744, "interpretation": "35.1% decrease, not statistically significant (p = 0.223), medium effect size (d=-0.62)"}, {"cityName": "Frankfurt am Main", "timestamp": "2023-12", "value": 6.549218034541065e-05, "incidence": 23.296774193548384, "pValue": 0.04660746492189391, "interpretation": "52.4% decrease, significant (p = 0.047), large effect size (d=-0.98)"}, {"cityName": "Offenbach am Main", "timestamp": "2023-12", "value": 6.594316271895713e-05, "incidence": 32.38064516129032, "pValue": 0.263746373561143, "interpretation": "36.1% decrease, not statistically significant (p = 0.264), medium effect size (d=-0.59)"}, {"cityName": "Wiesbaden", "timestamp": "2023-12", "value": 3.6298290878120395e-05, "incidence": 14.896774193548385, "pValue": 0.17382838649625695, "interpretation": "42.0% decrease, not statistically significant (p = 0.174), medium effect size (d=-0.69)"}, {"cityName": "Hanau", "timestamp": "2023-12", "value": 6.633426080672786e-05, "incidence": 29.622580645161293, "pValue": 0.7934410338485268, "interpretation": "7.9% decrease, not statistically significant (p = 0.793), negligible effect size (d=-0.13)"}, {"cityName": "Kassel", "timestamp": "2023-12", "value": 6.73399901845389e-05, "incidence": 30.23548387096774, "pValue": 0.5458037522944479, "interpretation": "19.5% increase, not statistically significant (p = 0.546), small effect size (d=0.40)"}, {"cityName": "Koblenz", "timestamp": "2023-12", "value": 5.9949104777640765e-05, "incidence": 42.3806451612903, "pValue": 0.3683474568543421, "interpretation": "30.2% decrease, not statistically significant (p = 0.368), small effect size (d=-0.47)"}, {"cityName": "Trier", "timestamp": "2023-12", "value": 6.358377286233007e-05, "incidence": 32.58064516129032, "pValue": 0.537625566386289, "interpretation": "12.2% decrease, not statistically significant (p = 0.538), small effect size (d=-0.38)"}, {"cityName": "Kaiserslautern", "timestamp": "2023-12", "value": 3.275884619842355e-05, "incidence": 32.78064516129032, "pValue": 0.00975963192760869, "interpretation": "71.0% decrease, very significant (p < 0.01), large effect size (d=-1.47)"}, {"cityName": "Ludwigshafen am Rhein", "timestamp": "2023-12", "value": 8.552530198358e-05, "incidence": 14.251612903225807, "pValue": 0.5223369724181914, "interpretation": "26.8% decrease, not statistically significant (p = 0.522), small effect size (d=-0.39)"}, {"cityName": "Mainz", "timestamp": "2023-12", "value": 3.3964402973651886e-05, "incidence": 31.270967741935486, "pValue": 0.042986346139399605, "interpretation": "71.4% decrease, significant (p = 0.043), large effect size (d=-1.34)"}, {"cityName": "Stuttgart", "timestamp": "2023-12", "value": 6.777681927714084e-05, "incidence": 18.448387096774198, "pValue": 0.03811030939478862, "interpretation": "38.9% decrease, significant (p = 0.038), large effect size (d=-0.87)"}, {"cityName": "Heilbronn", "timestamp": "2023-12", "value": 7.94184161350131e-05, "incidence": 36.21612903225806, "pValue": 0.12902588633744402, "interpretation": "30.6% decrease, not statistically significant (p = 0.129), medium effect size (d=-0.74)"}, {"cityName": "Karlsruhe", "timestamp": "2023-12", "value": 8.056845205525557e-05, "incidence": 26.148387096774194, "pValue": 0.2634784299080509, "interpretation": "25.9% decrease, not statistically significant (p = 0.263), medium effect size (d=-0.56)"}, {"cityName": "Heidelberg", "timestamp": "2023-12", "value": 7.081275046067803e-05, "incidence": 18.20322580645161, "pValue": 0.2659282405865633, "interpretation": "32.3% decrease, not statistically significant (p = 0.266), medium effect size (d=-0.60)"}, {"cityName": "Mannheim", "timestamp": "2023-12", "value": 9.484173730015754e-05, "incidence": 30.299999999999997, "pValue": 0.3781607039742374, "interpretation": "38.1% decrease, not statistically significant (p = 0.378), medium effect size (d=-0.55)"}, {"cityName": "Pforzheim", "timestamp": "2023-12", "value": 4.8624726736711134e-05, "incidence": 15.04516129032258, "pValue": 0.2694715157150032, "interpretation": "29.7% decrease, not statistically significant (p = 0.269), medium effect size (d=-0.51)"}, {"cityName": "Freiburg im Breisgau", "timestamp": "2023-12", "value": 5.160273846100878e-05, "incidence": 22.29032258064516, "pValue": 0.23840070564020277, "interpretation": "30.0% decrease, not statistically significant (p = 0.238), medium effect size (d=-0.50)"}, {"cityName": "Reutlingen", "timestamp": "2023-12", "value": 5.689266254194081e-05, "incidence": 24.925806451612903, "pValue": 0.18505524912694282, "interpretation": "23.7% decrease, not statistically significant (p = 0.185), medium effect size (d=-0.59)"}, {"cityName": "Ulm", "timestamp": "2023-12", "value": 4.230119214442215e-05, "incidence": 52.245161290322585, "pValue": 0.135074655012324, "interpretation": "42.6% decrease, not statistically significant (p = 0.135), medium effect size (d=-0.63)"}, {"cityName": "Ingolstadt", "timestamp": "2023-12", "value": 6.757258961442858e-05, "incidence": 29.209677419354843, "pValue": 0.1852335027525342, "interpretation": "28.4% decrease, not statistically significant (p = 0.185), medium effect size (d=-0.60)"}, {"cityName": "M\u00fcnchen", "timestamp": "2023-12", "value": 6.323635954266557e-05, "incidence": 22.45806451612903, "pValue": 0.20939466017776004, "interpretation": "30.7% decrease, not statistically significant (p = 0.209), small effect size (d=-0.49)"}, {"cityName": "Regensburg", "timestamp": "2023-12", "value": 9.114311542361975e-05, "incidence": 28.27741935483871, "pValue": 0.7344800667252036, "interpretation": "14.6% increase, not statistically significant (p = 0.734), negligible effect size (d=0.19)"}, {"cityName": "Erlangen", "timestamp": "2023-12", "value": 5.4194122120471934e-05, "incidence": 16.383870967741938, "pValue": 0.9382398077574521, "interpretation": "4.2% decrease, not statistically significant (p = 0.938), negligible effect size (d=-0.05)"}, {"cityName": "F\u00fcrth", "timestamp": "2023-12", "value": 5.601125885732472e-05, "incidence": 36.63870967741935, "pValue": 0.8979661706157192, "interpretation": "6.3% decrease, not statistically significant (p = 0.898), negligible effect size (d=-0.07)"}, {"cityName": "N\u00fcrnberg", "timestamp": "2023-12", "value": 6.221271486896457e-05, "incidence": 36.425806451612914, "pValue": 0.8392167491010121, "interpretation": "6.5% decrease, not statistically significant (p = 0.839), negligible effect size (d=-0.10)"}, {"cityName": "W\u00fcrzburg", "timestamp": "2023-12", "value": 7.848481618566439e-05, "incidence": 28.800000000000004, "pValue": 0.8983235179281777, "interpretation": "4.9% decrease, not statistically significant (p = 0.898), negligible effect size (d=-0.08)"}, {"cityName": "Augsburg", "timestamp": "2023-12", "value": 4.989227566581506e-05, "incidence": 26.025806451612898, "pValue": 0.10430610427713771, "interpretation": "34.0% decrease, not statistically significant (p = 0.104), medium effect size (d=-0.65)"}, {"cityName": "Saarbr\u00fccken", "timestamp": "2023-12", "value": 7.315288918713728e-05, "incidence": 16.119354838709675, "pValue": 0.31891300880152784, "interpretation": "38.0% decrease, not statistically significant (p = 0.319), medium effect size (d=-0.58)"}, {"cityName": "Berlin", "timestamp": "2023-12", "value": 4.515192675881269e-05, "incidence": 0.0, "pValue": 0.25018925578040424, "interpretation": "39.1% decrease, not statistically significant (p = 0.250), medium effect size (d=-0.53)"}, {"cityName": "Cottbus", "timestamp": "2023-12", "value": 2.5135957492658726e-05, "incidence": 55.17741935483871, "pValue": 0.1630643516887088, "interpretation": "55.3% decrease, not statistically significant (p = 0.163), medium effect size (d=-0.74)"}, {"cityName": "Potsdam", "timestamp": "2023-12", "value": 2.2758911226821295e-05, "incidence": 36.958064516129035, "pValue": 0.11355332991734231, "interpretation": "54.8% decrease, not statistically significant (p = 0.114), medium effect size (d=-0.79)"}, {"cityName": "Rostock", "timestamp": "2023-12", "value": -6.064320173622533e-06, "incidence": 50.422580645161275, "pValue": 0.004570267665783615, "interpretation": "104.5% decrease, very significant (p < 0.01), large effect size (d=-1.62)"}, {"cityName": "Chemnitz", "timestamp": "2023-12", "value": 3.365513005452912e-05, "incidence": 57.60645161290322, "pValue": 0.5405640094375317, "interpretation": "20.9% decrease, not statistically significant (p = 0.541), small effect size (d=-0.31)"}, {"cityName": "Dresden", "timestamp": "2023-12", "value": 5.755526521666483e-05, "incidence": 45.52903225806452, "pValue": 0.41045857884944104, "interpretation": "21.2% decrease, not statistically significant (p = 0.410), small effect size (d=-0.37)"}, {"cityName": "Leipzig", "timestamp": "2023-12", "value": 4.8124605753258164e-05, "incidence": 65.7258064516129, "pValue": 0.09500779290768377, "interpretation": "42.6% decrease, not statistically significant (p = 0.095), large effect size (d=-0.90)"}, {"cityName": "Halle (Saale)", "timestamp": "2023-12", "value": 5.28704064587752e-05, "incidence": 76.21612903225805, "pValue": 0.7910310375799573, "interpretation": "6.8% decrease, not statistically significant (p = 0.791), negligible effect size (d=-0.14)"}, {"cityName": "Magdeburg", "timestamp": "2023-12", "value": 4.570652412152604e-05, "incidence": 58.85483870967743, "pValue": 0.4030772178776554, "interpretation": "24.3% decrease, not statistically significant (p = 0.403), small effect size (d=-0.41)"}, {"cityName": "Erfurt", "timestamp": "2023-12", "value": 4.315968761418728e-05, "incidence": 34.10645161290322, "pValue": 0.9417407012350698, "interpretation": "2.2% decrease, not statistically significant (p = 0.942), negligible effect size (d=-0.03)"}, {"cityName": "Jena", "timestamp": "2023-12", "value": 2.9603388005246718e-05, "incidence": 56.477419354838716, "pValue": 0.11318113685053376, "interpretation": "61.0% decrease, not statistically significant (p = 0.113), large effect size (d=-0.88)"}]