[{"cityName": "Kiel", "timestamp": "2020-03", "value": 4.147642868615332e-05, "incidence": 8.141935483870968, "pValue": 0.47046292477527607, "interpretation": "21.3% increase, not statistically significant (p = 0.470), small effect size (d=0.38)"}, {"cityName": "L\u00fcbeck", "timestamp": "2020-03", "value": 4.62657254603174e-05, "incidence": 7.929032258064516, "pValue": 0.3926639634562712, "interpretation": "17.3% decrease, not statistically significant (p = 0.393), small effect size (d=-0.40)"}, {"cityName": "Hamburg", "timestamp": "2020-03", "value": 6.22544299673151e-05, "incidence": 24.554838709677416, "pValue": 0.9865677319717692, "interpretation": "0.5% increase, not statistically significant (p = 0.987), negligible effect size (d=0.01)"}, {"cityName": "Braunschweig", "timestamp": "2020-03", "value": 5.8412113610435935e-05, "incidence": 10.074193548387097, "pValue": 0.28778236487676195, "interpretation": "15.8% decrease, not statistically significant (p = 0.288), medium effect size (d=-0.57)"}, {"cityName": "Salzgitter", "timestamp": "2020-03", "value": 5.9593323385342956e-05, "incidence": 9.251612903225807, "pValue": 0.3769714386932014, "interpretation": "13.2% decrease, not statistically significant (p = 0.377), small effect size (d=-0.45)"}, {"cityName": "Wolfsburg", "timestamp": "2020-03", "value": 5.463915754501757e-05, "incidence": 18.44193548387097, "pValue": 0.4138360080610207, "interpretation": "13.9% decrease, not statistically significant (p = 0.414), small effect size (d=-0.40)"}, {"cityName": "G\u00f6ttingen", "timestamp": "2020-03", "value": 5.9912258404351415e-05, "incidence": 8.725806451612904, "pValue": 0.8807191155001114, "interpretation": "2.4% decrease, not statistically significant (p = 0.881), negligible effect size (d=-0.07)"}, {"cityName": "Hannover", "timestamp": "2020-03", "value": 7.088603696932918e-05, "incidence": 13.035483870967742, "pValue": 0.4101097479624475, "interpretation": "14.3% decrease, not statistically significant (p = 0.410), small effect size (d=-0.40)"}, {"cityName": "Hildesheim", "timestamp": "2020-03", "value": 6.46411208435893e-05, "incidence": 11.119354838709677, "pValue": 0.6696628091056092, "interpretation": "8.2% decrease, not statistically significant (p = 0.670), small effect size (d=-0.25)"}, {"cityName": "Oldenburg (Oldb)", "timestamp": "2020-03", "value": 6.827604956924916e-05, "incidence": 9.112903225806454, "pValue": 0.736619423836488, "interpretation": "8.2% increase, not statistically significant (p = 0.737), negligible effect size (d=0.17)"}, {"cityName": "Osnabr\u00fcck", "timestamp": "2020-03", "value": 7.560726424509829e-05, "incidence": 28.558064516129033, "pValue": 0.18974432245909048, "interpretation": "23.2% decrease, not statistically significant (p = 0.190), medium effect size (d=-0.72)"}, {"cityName": "Bremen", "timestamp": "2020-03", "value": 6.519934376243685e-05, "incidence": 9.30967741935484, "pValue": 0.524851846773241, "interpretation": "11.9% decrease, not statistically significant (p = 0.525), small effect size (d=-0.25)"}, {"cityName": "Bremerhaven", "timestamp": "2020-03", "value": 5.927385479610946e-05, "incidence": 3.358064516129032, "pValue": 0.8611780180121366, "interpretation": "3.4% increase, not statistically significant (p = 0.861), negligible effect size (d=0.07)"}, {"cityName": "D\u00fcsseldorf", "timestamp": "2020-03", "value": 0.00011384712032428601, "incidence": 12.17741935483871, "pValue": 0.04084929362078019, "interpretation": "40.9% decrease, significant (p = 0.041), large effect size (d=-0.92)"}, {"cityName": "Duisburg", "timestamp": "2020-03", "value": 0.00012889185633796913, "incidence": 10.283870967741937, "pValue": 0.16031160607552686, "interpretation": "24.2% decrease, not statistically significant (p = 0.160), medium effect size (d=-0.57)"}, {"cityName": "Essen", "timestamp": "2020-03", "value": 0.00012238162498061473, "incidence": 11.490322580645161, "pValue": 0.15613471012329633, "interpretation": "29.7% decrease, not statistically significant (p = 0.156), medium effect size (d=-0.62)"}, {"cityName": "Krefeld", "timestamp": "2020-03", "value": 0.00012350553431763098, "incidence": 14.345161290322581, "pValue": 0.7987378655428383, "interpretation": "4.9% decrease, not statistically significant (p = 0.799), negligible effect size (d=-0.09)"}, {"cityName": "M\u00f6nchengladbach", "timestamp": "2020-03", "value": 0.00011401164249099535, "incidence": 13.36451612903226, "pValue": 0.3936544303264554, "interpretation": "18.3% decrease, not statistically significant (p = 0.394), small effect size (d=-0.37)"}, {"cityName": "M\u00fclheim an der Ruhr", "timestamp": "2020-03", "value": 0.00012574291839781735, "incidence": 7.654838709677419, "pValue": 0.2146124778808065, "interpretation": "25.8% decrease, not statistically significant (p = 0.215), medium effect size (d=-0.54)"}, {"cityName": "Oberhausen", "timestamp": "2020-03", "value": 0.00014063864588164366, "incidence": 6.167741935483872, "pValue": 0.09781440694467526, "interpretation": "31.6% decrease, not statistically significant (p = 0.098), medium effect size (d=-0.79)"}, {"cityName": "Remscheid", "timestamp": "2020-03", "value": 8.802960316340128e-05, "incidence": 9.558064516129033, "pValue": 0.08939750166410912, "interpretation": "30.5% decrease, not statistically significant (p = 0.089), large effect size (d=-0.80)"}, {"cityName": "Solingen", "timestamp": "2020-03", "value": 9.843597945291549e-05, "incidence": 11.206451612903225, "pValue": 0.20815118597394572, "interpretation": "28.8% decrease, not statistically significant (p = 0.208), medium effect size (d=-0.55)"}, {"cityName": "Wuppertal", "timestamp": "2020-03", "value": 9.926818138747303e-05, "incidence": 10.941935483870967, "pValue": 0.06348963391940801, "interpretation": "36.2% decrease, not statistically significant (p = 0.063), large effect size (d=-0.89)"}, {"cityName": "Neuss", "timestamp": "2020-03", "value": 0.0001134864505729638, "incidence": 13.72903225806452, "pValue": 0.20687821478814128, "interpretation": "27.8% decrease, not statistically significant (p = 0.207), medium effect size (d=-0.53)"}, {"cityName": "Moers", "timestamp": "2020-03", "value": 0.0001251114216367049, "incidence": 10.232258064516131, "pValue": 0.1752677917017575, "interpretation": "23.8% decrease, not statistically significant (p = 0.175), medium effect size (d=-0.61)"}, {"cityName": "Bonn", "timestamp": "2020-03", "value": 8.433626499027014e-05, "incidence": 15.683870967741935, "pValue": 0.3613288261666966, "interpretation": "22.5% decrease, not statistically significant (p = 0.361), small effect size (d=-0.41)"}, {"cityName": "K\u00f6ln", "timestamp": "2020-03", "value": 0.00010283595313214594, "incidence": 24.235483870967744, "pValue": 0.07067192191161575, "interpretation": "34.5% decrease, not statistically significant (p = 0.071), medium effect size (d=-0.73)"}, {"cityName": "Leverkusen", "timestamp": "2020-03", "value": 9.783559168378513e-05, "incidence": 10.622580645161293, "pValue": 0.15419142130521254, "interpretation": "34.4% decrease, not statistically significant (p = 0.154), medium effect size (d=-0.66)"}, {"cityName": "Aachen", "timestamp": "2020-03", "value": 9.79629473696495e-05, "incidence": 30.535483870967745, "pValue": 0.5652496068691992, "interpretation": "12.1% decrease, not statistically significant (p = 0.565), small effect size (d=-0.29)"}, {"cityName": "Bergisch Gladbach", "timestamp": "2020-03", "value": 8.935709151306323e-05, "incidence": 13.190322580645162, "pValue": 0.5203292851224173, "interpretation": "18.8% decrease, not statistically significant (p = 0.520), small effect size (d=-0.31)"}, {"cityName": "Bottrop", "timestamp": "2020-03", "value": 0.00012263066737967378, "incidence": 6.296774193548388, "pValue": 0.0003349633274836495, "interpretation": "49.7% decrease, highly significant (p < 0.001), large effect size (d=-2.07)"}, {"cityName": "Gelsenkirchen", "timestamp": "2020-03", "value": 0.0001364483854130787, "incidence": 7.093548387096774, "pValue": 0.035524183440881096, "interpretation": "42.5% decrease, significant (p = 0.036), large effect size (d=-1.01)"}, {"cityName": "M\u00fcnster", "timestamp": "2020-03", "value": 8.41341291864713e-05, "incidence": 27.07741935483871, "pValue": 0.5341376852951125, "interpretation": "13.7% decrease, not statistically significant (p = 0.534), small effect size (d=-0.27)"}, {"cityName": "Recklinghausen", "timestamp": "2020-03", "value": 0.00013041854477845706, "incidence": 7.977419354838709, "pValue": 0.07277132026772938, "interpretation": "38.9% decrease, not statistically significant (p = 0.073), large effect size (d=-0.87)"}, {"cityName": "Bielefeld", "timestamp": "2020-03", "value": 7.820738634715478e-05, "incidence": 9.161290322580646, "pValue": 0.769325062562215, "interpretation": "8.7% increase, not statistically significant (p = 0.769), negligible effect size (d=0.13)"}, {"cityName": "G\u00fctersloh", "timestamp": "2020-03", "value": 8.400790393352509e-05, "incidence": 17.893548387096775, "pValue": 0.759269854288107, "interpretation": "8.4% decrease, not statistically significant (p = 0.759), negligible effect size (d=-0.15)"}, {"cityName": "Paderborn", "timestamp": "2020-03", "value": 7.419199532558841e-05, "incidence": 9.854838709677422, "pValue": 0.8740564934248822, "interpretation": "4.8% increase, not statistically significant (p = 0.874), negligible effect size (d=0.08)"}, {"cityName": "Bochum", "timestamp": "2020-03", "value": 0.00011805291675652067, "incidence": 10.561290322580643, "pValue": 0.16382810078304122, "interpretation": "31.1% decrease, not statistically significant (p = 0.164), medium effect size (d=-0.62)"}, {"cityName": "Dortmund", "timestamp": "2020-03", "value": 0.0001089505979097357, "incidence": 8.870967741935482, "pValue": 0.119117386498961, "interpretation": "31.9% decrease, not statistically significant (p = 0.119), medium effect size (d=-0.61)"}, {"cityName": "Hagen", "timestamp": "2020-03", "value": 9.238207712769508e-05, "incidence": 7.70967741935484, "pValue": 0.016202745113204742, "interpretation": "45.2% decrease, significant (p = 0.016), large effect size (d=-1.27)"}, {"cityName": "Hamm", "timestamp": "2020-03", "value": 0.0001062598367709489, "incidence": 16.387096774193548, "pValue": 0.4561570091946935, "interpretation": "17.6% decrease, not statistically significant (p = 0.456), small effect size (d=-0.32)"}, {"cityName": "Herne", "timestamp": "2020-03", "value": 0.00013716451358050107, "incidence": 5.874193548387096, "pValue": 0.1688563997536324, "interpretation": "32.6% decrease, not statistically significant (p = 0.169), medium effect size (d=-0.62)"}, {"cityName": "Siegen", "timestamp": "2020-03", "value": 6.825467571616172e-05, "incidence": 7.264516129032258, "pValue": 0.9042718031649134, "interpretation": "2.5% decrease, not statistically significant (p = 0.904), negligible effect size (d=-0.06)"}, {"cityName": "Darmstadt", "timestamp": "2020-03", "value": 7.324212823401798e-05, "incidence": 8.567741935483872, "pValue": 0.011144250719833094, "interpretation": "53.9% decrease, significant (p = 0.011), large effect size (d=-1.24)"}, {"cityName": "Frankfurt am Main", "timestamp": "2020-03", "value": 8.766948435963555e-05, "incidence": 8.983870967741936, "pValue": 0.007379903166763389, "interpretation": "51.7% decrease, very significant (p < 0.01), large effect size (d=-1.16)"}, {"cityName": "Offenbach am Main", "timestamp": "2020-03", "value": 7.460163694552399e-05, "incidence": 3.5741935483870972, "pValue": 0.016761346131454222, "interpretation": "49.7% decrease, significant (p = 0.017), large effect size (d=-1.19)"}, {"cityName": "Wiesbaden", "timestamp": "2020-03", "value": 8.463999903243448e-05, "incidence": 10.880645161290321, "pValue": 0.00637778284600479, "interpretation": "45.3% decrease, very significant (p < 0.01), large effect size (d=-1.48)"}, {"cityName": "Hanau", "timestamp": "2020-03", "value": 6.808445323258638e-05, "incidence": 7.590322580645161, "pValue": 0.025531178052078437, "interpretation": "41.0% decrease, significant (p = 0.026), large effect size (d=-1.11)"}, {"cityName": "Kassel", "timestamp": "2020-03", "value": 6.708485307171941e-05, "incidence": 7.025806451612902, "pValue": 0.5156267327637567, "interpretation": "8.0% decrease, not statistically significant (p = 0.516), small effect size (d=-0.33)"}, {"cityName": "Koblenz", "timestamp": "2020-03", "value": 8.644042019214894e-05, "incidence": 24.348387096774193, "pValue": 0.13573602273895669, "interpretation": "35.0% decrease, not statistically significant (p = 0.136), large effect size (d=-0.83)"}, {"cityName": "Trier", "timestamp": "2020-03", "value": 6.720401579514146e-05, "incidence": 7.825806451612903, "pValue": 0.5421052733284089, "interpretation": "10.3% decrease, not statistically significant (p = 0.542), small effect size (d=-0.25)"}, {"cityName": "Kaiserslautern", "timestamp": "2020-03", "value": 6.597802544442507e-05, "incidence": 11.170967741935483, "pValue": 0.2545438894209615, "interpretation": "19.9% decrease, not statistically significant (p = 0.255), small effect size (d=-0.49)"}, {"cityName": "Ludwigshafen am Rhein", "timestamp": "2020-03", "value": 0.00010033667786046863, "incidence": 6.280645161290323, "pValue": 0.07619870290238338, "interpretation": "31.2% decrease, not statistically significant (p = 0.076), medium effect size (d=-0.78)"}, {"cityName": "Mainz", "timestamp": "2020-03", "value": 9.453692473471165e-05, "incidence": 14.570967741935483, "pValue": 0.006528590503638581, "interpretation": "47.7% decrease, very significant (p < 0.01), large effect size (d=-1.39)"}, {"cityName": "Stuttgart", "timestamp": "2020-03", "value": 8.343353531219893e-05, "incidence": 23.535483870967745, "pValue": 0.5711435787448123, "interpretation": "12.6% decrease, not statistically significant (p = 0.571), small effect size (d=-0.22)"}, {"cityName": "Heilbronn", "timestamp": "2020-03", "value": 6.424177748461564e-05, "incidence": 21.732258064516127, "pValue": 0.14229197525636436, "interpretation": "19.0% decrease, not statistically significant (p = 0.142), medium effect size (d=-0.61)"}, {"cityName": "Karlsruhe", "timestamp": "2020-03", "value": 8.275508880615235e-05, "incidence": 10.054838709677421, "pValue": 0.24838155640915527, "interpretation": "23.2% decrease, not statistically significant (p = 0.248), small effect size (d=-0.45)"}, {"cityName": "Heidelberg", "timestamp": "2020-03", "value": 7.113693036923283e-05, "incidence": 19.361290322580647, "pValue": 0.053567055953994545, "interpretation": "32.8% decrease, not statistically significant (p = 0.054), large effect size (d=-0.89)"}, {"cityName": "Mannheim", "timestamp": "2020-03", "value": 8.468065410852433e-05, "incidence": 13.390322580645162, "pValue": 0.02549530192108256, "interpretation": "38.4% decrease, significant (p = 0.025), large effect size (d=-0.98)"}, {"cityName": "Pforzheim", "timestamp": "2020-03", "value": 6.563953744868438e-05, "incidence": 5.387096774193548, "pValue": 0.12717943541355667, "interpretation": "31.7% decrease, not statistically significant (p = 0.127), medium effect size (d=-0.72)"}, {"cityName": "Freiburg im Breisgau", "timestamp": "2020-03", "value": 5.81766771911471e-05, "incidence": 35.690322580645166, "pValue": 0.21710496362050197, "interpretation": "21.3% decrease, not statistically significant (p = 0.217), medium effect size (d=-0.51)"}, {"cityName": "Reutlingen", "timestamp": "2020-03", "value": 6.646433030255139e-05, "incidence": 22.096774193548388, "pValue": 0.4839832074339909, "interpretation": "15.9% decrease, not statistically significant (p = 0.484), small effect size (d=-0.32)"}, {"cityName": "Ulm", "timestamp": "2020-03", "value": 6.278069983971746e-05, "incidence": 18.638709677419353, "pValue": 0.17292653013841056, "interpretation": "25.4% decrease, not statistically significant (p = 0.173), medium effect size (d=-0.60)"}, {"cityName": "Ingolstadt", "timestamp": "2020-03", "value": 5.92568248976022e-05, "incidence": 8.554838709677421, "pValue": 0.23629616822141286, "interpretation": "22.4% decrease, not statistically significant (p = 0.236), medium effect size (d=-0.63)"}, {"cityName": "M\u00fcnchen", "timestamp": "2020-03", "value": 8.615762747537631e-05, "incidence": 33.3258064516129, "pValue": 0.9778567836635579, "interpretation": "0.6% decrease, not statistically significant (p = 0.978), negligible effect size (d=-0.01)"}, {"cityName": "Regensburg", "timestamp": "2020-03", "value": 4.5522022992372514e-05, "incidence": 21.59032258064516, "pValue": 0.14507066401476887, "interpretation": "38.3% decrease, not statistically significant (p = 0.145), medium effect size (d=-0.75)"}, {"cityName": "Erlangen", "timestamp": "2020-03", "value": 5.7480701278629045e-05, "incidence": 11.551612903225807, "pValue": 0.2070490175117257, "interpretation": "26.7% decrease, not statistically significant (p = 0.207), medium effect size (d=-0.64)"}, {"cityName": "F\u00fcrth", "timestamp": "2020-03", "value": 6.380906561389565e-05, "incidence": 14.729032258064516, "pValue": 0.3033478307609215, "interpretation": "23.6% decrease, not statistically significant (p = 0.303), medium effect size (d=-0.54)"}, {"cityName": "N\u00fcrnberg", "timestamp": "2020-03", "value": 6.857107986103405e-05, "incidence": 8.848387096774195, "pValue": 0.6853206931176838, "interpretation": "9.1% decrease, not statistically significant (p = 0.685), negligible effect size (d=-0.20)"}, {"cityName": "W\u00fcrzburg", "timestamp": "2020-03", "value": 5.78216822759714e-05, "incidence": 38.619354838709675, "pValue": 0.022673105032003118, "interpretation": "34.4% decrease, significant (p = 0.023), large effect size (d=-1.15)"}, {"cityName": "Augsburg", "timestamp": "2020-03", "value": 6.634153228682968e-05, "incidence": 10.322580645161288, "pValue": 0.589663433118875, "interpretation": "10.1% decrease, not statistically significant (p = 0.590), small effect size (d=-0.25)"}, {"cityName": "Saarbr\u00fccken", "timestamp": "2020-03", "value": 6.281823540727297e-05, "incidence": 15.251612903225807, "pValue": 0.05999844374319856, "interpretation": "35.9% decrease, not statistically significant (p = 0.060), large effect size (d=-0.87)"}, {"cityName": "Berlin", "timestamp": "2020-03", "value": 7.790901766317647e-05, "incidence": 0.0, "pValue": 0.8429217917982538, "interpretation": "3.6% increase, not statistically significant (p = 0.843), negligible effect size (d=0.08)"}, {"cityName": "Cottbus", "timestamp": "2020-03", "value": 5.6774606211827355e-05, "incidence": 6.648387096774194, "pValue": 0.1780468830545232, "interpretation": "27.3% decrease, not statistically significant (p = 0.178), large effect size (d=-0.82)"}, {"cityName": "Potsdam", "timestamp": "2020-03", "value": 6.518624585998409e-05, "incidence": 9.080645161290322, "pValue": 0.4464242170119017, "interpretation": "19.7% increase, not statistically significant (p = 0.446), small effect size (d=0.37)"}, {"cityName": "Rostock", "timestamp": "2020-03", "value": 4.1766487287752554e-05, "incidence": 5.174193548387097, "pValue": 0.8801056698749392, "interpretation": "3.7% increase, not statistically significant (p = 0.880), negligible effect size (d=0.07)"}, {"cityName": "Chemnitz", "timestamp": "2020-03", "value": 5.07977007456669e-05, "incidence": 8.37741935483871, "pValue": 0.6644561128766986, "interpretation": "8.4% decrease, not statistically significant (p = 0.664), negligible effect size (d=-0.20)"}, {"cityName": "Dresden", "timestamp": "2020-03", "value": 6.730125539682128e-05, "incidence": 11.564516129032258, "pValue": 0.2492809923737994, "interpretation": "15.3% decrease, not statistically significant (p = 0.249), medium effect size (d=-0.58)"}, {"cityName": "Leipzig", "timestamp": "2020-03", "value": 6.309106909469062e-05, "incidence": 9.312903225806453, "pValue": 0.4462552037618118, "interpretation": "13.8% decrease, not statistically significant (p = 0.446), small effect size (d=-0.39)"}, {"cityName": "Halle (Saale)", "timestamp": "2020-03", "value": 6.128593425576885e-05, "incidence": 11.264516129032256, "pValue": 0.26336712437284754, "interpretation": "26.9% decrease, not statistically significant (p = 0.263), medium effect size (d=-0.61)"}, {"cityName": "Magdeburg", "timestamp": "2020-03", "value": 5.352437667744724e-05, "incidence": 6.416129032258065, "pValue": 0.07193363836289698, "interpretation": "32.1% decrease, not statistically significant (p = 0.072), large effect size (d=-0.91)"}, {"cityName": "Erfurt", "timestamp": "2020-03", "value": 5.9780402188288404e-05, "incidence": 7.241935483870969, "pValue": 0.08482963239118643, "interpretation": "23.7% decrease, not statistically significant (p = 0.085), large effect size (d=-0.86)"}, {"cityName": "Jena", "timestamp": "2020-03", "value": 5.661477593498098e-05, "incidence": 20.816129032258065, "pValue": 0.3735182240969058, "interpretation": "10.8% decrease, not statistically significant (p = 0.374), small effect size (d=-0.42)"}]