[{"cityName": "Kiel", "timestamp": "2022-06", "value": 3.0284586717330275e-05, "incidence": 780.3366666666665, "pValue": 0.06234892072220537, "interpretation": "18.5% decrease, not statistically significant (p = 0.062), large effect size (d=-0.82)"}, {"cityName": "L\u00fcbeck", "timestamp": "2022-06", "value": 2.9194275460516412e-05, "incidence": 727.5066666666667, "pValue": 0.16894283487258727, "interpretation": "14.0% decrease, not statistically significant (p = 0.169), medium effect size (d=-0.64)"}, {"cityName": "Hamburg", "timestamp": "2022-06", "value": 5.6935077602112734e-05, "incidence": 592.0400000000001, "pValue": 0.7780030417496927, "interpretation": "4.5% increase, not statistically significant (p = 0.778), negligible effect size (d=0.10)"}, {"cityName": "Braunschweig", "timestamp": "2022-06", "value": 3.535347059369087e-05, "incidence": 576.5333333333332, "pValue": 0.6476492550561483, "interpretation": "3.5% decrease, not statistically significant (p = 0.648), negligible effect size (d=-0.17)"}, {"cityName": "Salzgitter", "timestamp": "2022-06", "value": 3.684026305563748e-05, "incidence": 457.7733333333333, "pValue": 0.9681814334649983, "interpretation": "0.4% increase, not statistically significant (p = 0.968), negligible effect size (d=0.01)"}, {"cityName": "Wolfsburg", "timestamp": "2022-06", "value": 3.38672268155374e-05, "incidence": 517.7966666666666, "pValue": 0.37948884388435034, "interpretation": "7.5% decrease, not statistically significant (p = 0.379), small effect size (d=-0.35)"}, {"cityName": "G\u00f6ttingen", "timestamp": "2022-06", "value": 3.2737845599296546e-05, "incidence": 681.7266666666666, "pValue": 0.6054288327070343, "interpretation": "5.0% increase, not statistically significant (p = 0.605), small effect size (d=0.20)"}, {"cityName": "Hannover", "timestamp": "2022-06", "value": 4.2710934250958655e-05, "incidence": 524.3966666666666, "pValue": 0.5708867143844247, "interpretation": "4.1% decrease, not statistically significant (p = 0.571), small effect size (d=-0.21)"}, {"cityName": "Hildesheim", "timestamp": "2022-06", "value": 3.659905290559811e-05, "incidence": 655.3966666666666, "pValue": 0.9005866030891199, "interpretation": "1.4% increase, not statistically significant (p = 0.901), negligible effect size (d=0.05)"}, {"cityName": "Oldenburg (Oldb)", "timestamp": "2022-06", "value": 3.419845306780189e-05, "incidence": 838.28, "pValue": 0.018828332633025382, "interpretation": "18.5% decrease, significant (p = 0.019), large effect size (d=-1.09)"}, {"cityName": "Osnabr\u00fcck", "timestamp": "2022-06", "value": 3.9337747941978954e-05, "incidence": 665.7900000000001, "pValue": 0.2763986003849176, "interpretation": "10.1% decrease, not statistically significant (p = 0.276), small effect size (d=-0.43)"}, {"cityName": "Bremen", "timestamp": "2022-06", "value": 4.117725203271772e-05, "incidence": 528.6600000000001, "pValue": 0.032794449578086554, "interpretation": "15.8% decrease, significant (p = 0.033), large effect size (d=-0.85)"}, {"cityName": "Bremerhaven", "timestamp": "2022-06", "value": 3.456810372881591e-05, "incidence": 418.9033333333333, "pValue": 0.006659105336023247, "interpretation": "25.3% decrease, very significant (p < 0.01), large effect size (d=-1.19)"}, {"cityName": "D\u00fcsseldorf", "timestamp": "2022-06", "value": 9.465213047295082e-05, "incidence": 548.72, "pValue": 0.8829971062507607, "interpretation": "2.4% decrease, not statistically significant (p = 0.883), negligible effect size (d=-0.05)"}, {"cityName": "Duisburg", "timestamp": "2022-06", "value": 0.00011854819380320035, "incidence": 276.79, "pValue": 0.32192024957491655, "interpretation": "20.9% increase, not statistically significant (p = 0.322), small effect size (d=0.34)"}, {"cityName": "Essen", "timestamp": "2022-06", "value": 9.638992233727223e-05, "incidence": 451.65666666666675, "pValue": 0.23680043057148706, "interpretation": "20.9% increase, not statistically significant (p = 0.237), small effect size (d=0.42)"}, {"cityName": "Krefeld", "timestamp": "2022-06", "value": 0.00010180120499661335, "incidence": 417.67, "pValue": 0.24886468758978353, "interpretation": "27.2% increase, not statistically significant (p = 0.249), small effect size (d=0.40)"}, {"cityName": "M\u00f6nchengladbach", "timestamp": "2022-06", "value": 9.418927646916488e-05, "incidence": 610.6833333333333, "pValue": 0.23744437138924346, "interpretation": "26.5% increase, not statistically significant (p = 0.237), small effect size (d=0.42)"}, {"cityName": "M\u00fclheim an der Ruhr", "timestamp": "2022-06", "value": 0.00010115307910988729, "incidence": 401.7366666666667, "pValue": 0.3184676896128768, "interpretation": "19.8% increase, not statistically significant (p = 0.318), small effect size (d=0.36)"}, {"cityName": "Oberhausen", "timestamp": "2022-06", "value": 0.0001075512353474131, "incidence": 377.86333333333334, "pValue": 0.6743850834703131, "interpretation": "7.6% increase, not statistically significant (p = 0.674), negligible effect size (d=0.16)"}, {"cityName": "Remscheid", "timestamp": "2022-06", "value": 5.890394871433576e-05, "incidence": 553.8066666666666, "pValue": 0.8363490431474602, "interpretation": "3.6% decrease, not statistically significant (p = 0.836), negligible effect size (d=-0.08)"}, {"cityName": "Solingen", "timestamp": "2022-06", "value": 7.420357724186033e-05, "incidence": 682.7266666666667, "pValue": 0.7846644238307849, "interpretation": "5.0% decrease, not statistically significant (p = 0.785), negligible effect size (d=-0.10)"}, {"cityName": "Wuppertal", "timestamp": "2022-06", "value": 6.12231368130004e-05, "incidence": 518.27, "pValue": 0.29478271326586725, "interpretation": "16.2% decrease, not statistically significant (p = 0.295), small effect size (d=-0.38)"}, {"cityName": "Neuss", "timestamp": "2022-06", "value": 0.00010365650086896494, "incidence": 643.6966666666666, "pValue": 0.5261547722682363, "interpretation": "14.0% increase, not statistically significant (p = 0.526), small effect size (d=0.23)"}, {"cityName": "Moers", "timestamp": "2022-06", "value": 0.00010811577418020793, "incidence": 558.3933333333333, "pValue": 0.18712633761290604, "interpretation": "41.7% increase, not statistically significant (p = 0.187), small effect size (d=0.49)"}, {"cityName": "Bonn", "timestamp": "2022-06", "value": 6.123036357828163e-05, "incidence": 498.24000000000007, "pValue": 0.4724063975738021, "interpretation": "14.5% decrease, not statistically significant (p = 0.472), small effect size (d=-0.27)"}, {"cityName": "K\u00f6ln", "timestamp": "2022-06", "value": 9.214708633306954e-05, "incidence": 523.6133333333333, "pValue": 0.7905073431808325, "interpretation": "4.7% increase, not statistically significant (p = 0.791), negligible effect size (d=0.09)"}, {"cityName": "Leverkusen", "timestamp": "2022-06", "value": 9.03519297329088e-05, "incidence": 502.42666666666656, "pValue": 0.8415980507685754, "interpretation": "4.6% increase, not statistically significant (p = 0.842), negligible effect size (d=0.07)"}, {"cityName": "Aachen", "timestamp": "2022-06", "value": 7.127344222932027e-05, "incidence": 540.7933333333333, "pValue": 0.20712118192910847, "interpretation": "33.5% increase, not statistically significant (p = 0.207), small effect size (d=0.44)"}, {"cityName": "Bergisch Gladbach", "timestamp": "2022-06", "value": 7.130692912531751e-05, "incidence": 587.17, "pValue": 0.8658450686063948, "interpretation": "4.3% increase, not statistically significant (p = 0.866), negligible effect size (d=0.06)"}, {"cityName": "Bottrop", "timestamp": "2022-06", "value": 9.172756279654363e-05, "incidence": 527.7433333333333, "pValue": 0.7794683194408696, "interpretation": "4.8% increase, not statistically significant (p = 0.779), negligible effect size (d=0.10)"}, {"cityName": "Gelsenkirchen", "timestamp": "2022-06", "value": 8.991447633461041e-05, "incidence": 359.3966666666667, "pValue": 0.9473999951874222, "interpretation": "1.2% increase, not statistically significant (p = 0.947), negligible effect size (d=0.02)"}, {"cityName": "M\u00fcnster", "timestamp": "2022-06", "value": 4.540008018937027e-05, "incidence": 734.1299999999999, "pValue": 0.6364258857203368, "interpretation": "6.0% decrease, not statistically significant (p = 0.636), negligible effect size (d=-0.16)"}, {"cityName": "Recklinghausen", "timestamp": "2022-06", "value": 7.269894166921194e-05, "incidence": 428.2666666666666, "pValue": 0.3880922772155998, "interpretation": "15.9% decrease, not statistically significant (p = 0.388), small effect size (d=-0.34)"}, {"cityName": "Bielefeld", "timestamp": "2022-06", "value": 4.041425321095934e-05, "incidence": 532.0533333333333, "pValue": 0.09571986634939253, "interpretation": "13.3% decrease, not statistically significant (p = 0.096), medium effect size (d=-0.63)"}, {"cityName": "G\u00fctersloh", "timestamp": "2022-06", "value": 4.235815722495317e-05, "incidence": 651.7100000000002, "pValue": 0.25971854064438954, "interpretation": "11.0% decrease, not statistically significant (p = 0.260), small effect size (d=-0.43)"}, {"cityName": "Paderborn", "timestamp": "2022-06", "value": 3.935238196244163e-05, "incidence": 563.1033333333332, "pValue": 0.9032249185377473, "interpretation": "1.5% increase, not statistically significant (p = 0.903), negligible effect size (d=0.05)"}, {"cityName": "Bochum", "timestamp": "2022-06", "value": 8.207307352373998e-05, "incidence": 387.53, "pValue": 0.43084345236400157, "interpretation": "13.4% increase, not statistically significant (p = 0.431), small effect size (d=0.29)"}, {"cityName": "Dortmund", "timestamp": "2022-06", "value": 6.68451573480578e-05, "incidence": 490.9199999999999, "pValue": 0.812515279701997, "interpretation": "3.5% decrease, not statistically significant (p = 0.813), negligible effect size (d=-0.08)"}, {"cityName": "Hagen", "timestamp": "2022-06", "value": 5.6737736830937453e-05, "incidence": 454.01666666666665, "pValue": 0.5430688168894231, "interpretation": "9.6% decrease, not statistically significant (p = 0.543), small effect size (d=-0.24)"}, {"cityName": "Hamm", "timestamp": "2022-06", "value": 5.184364549460865e-05, "incidence": 643.3433333333331, "pValue": 0.9471914753167543, "interpretation": "0.9% increase, not statistically significant (p = 0.947), negligible effect size (d=0.02)"}, {"cityName": "Herne", "timestamp": "2022-06", "value": 8.824850665405393e-05, "incidence": 425.13333333333327, "pValue": 0.458754518623385, "interpretation": "14.5% increase, not statistically significant (p = 0.459), small effect size (d=0.28)"}, {"cityName": "Siegen", "timestamp": "2022-06", "value": 3.7630030419677496e-05, "incidence": 593.1533333333334, "pValue": 0.050797175113582275, "interpretation": "21.1% decrease, not statistically significant (p = 0.051), large effect size (d=-0.83)"}, {"cityName": "Darmstadt", "timestamp": "2022-06", "value": 5.003747487948699e-05, "incidence": 584.3833333333332, "pValue": 0.6474184812756598, "interpretation": "5.2% increase, not statistically significant (p = 0.647), negligible effect size (d=0.17)"}, {"cityName": "Frankfurt am Main", "timestamp": "2022-06", "value": 6.849999772384763e-05, "incidence": 502.88, "pValue": 0.39762716640209905, "interpretation": "9.7% decrease, not statistically significant (p = 0.398), small effect size (d=-0.29)"}, {"cityName": "Offenbach am Main", "timestamp": "2022-06", "value": 5.942613775418563e-05, "incidence": 404.2333333333334, "pValue": 0.3779055606048729, "interpretation": "11.7% decrease, not statistically significant (p = 0.378), small effect size (d=-0.37)"}, {"cityName": "Wiesbaden", "timestamp": "2022-06", "value": 5.8021118295275504e-05, "incidence": 612.7466666666666, "pValue": 0.7266439493415999, "interpretation": "4.0% increase, not statistically significant (p = 0.727), negligible effect size (d=0.13)"}, {"cityName": "Hanau", "timestamp": "2022-06", "value": 5.417122827986112e-05, "incidence": 545.9333333333333, "pValue": 0.9405289752174489, "interpretation": "0.9% decrease, not statistically significant (p = 0.941), negligible effect size (d=-0.03)"}, {"cityName": "Kassel", "timestamp": "2022-06", "value": 3.687924213914407e-05, "incidence": 484.7699999999999, "pValue": 0.7622326588066739, "interpretation": "2.8% decrease, not statistically significant (p = 0.762), negligible effect size (d=-0.12)"}, {"cityName": "Koblenz", "timestamp": "2022-06", "value": 4.9951314900277386e-05, "incidence": 578.9366666666667, "pValue": 0.5889339751714766, "interpretation": "7.0% increase, not statistically significant (p = 0.589), small effect size (d=0.21)"}, {"cityName": "Trier", "timestamp": "2022-06", "value": 3.612218424677849e-05, "incidence": 482.91333333333347, "pValue": 0.6283772505533449, "interpretation": "5.6% decrease, not statistically significant (p = 0.628), negligible effect size (d=-0.19)"}, {"cityName": "Kaiserslautern", "timestamp": "2022-06", "value": 3.203657867673498e-05, "incidence": 382.33666666666664, "pValue": 0.5050649921690125, "interpretation": "7.1% decrease, not statistically significant (p = 0.505), small effect size (d=-0.25)"}, {"cityName": "Ludwigshafen am Rhein", "timestamp": "2022-06", "value": 6.927149661350995e-05, "incidence": 265.8566666666667, "pValue": 0.8995804294734391, "interpretation": "2.3% increase, not statistically significant (p = 0.900), negligible effect size (d=0.05)"}, {"cityName": "Mainz", "timestamp": "2022-06", "value": 6.36400654911995e-05, "incidence": 569.93, "pValue": 0.4480339182064278, "interpretation": "12.1% increase, not statistically significant (p = 0.448), small effect size (d=0.30)"}, {"cityName": "Stuttgart", "timestamp": "2022-06", "value": 3.972211723319358e-05, "incidence": 320.4833333333333, "pValue": 0.38694269486756183, "interpretation": "8.7% decrease, not statistically significant (p = 0.387), small effect size (d=-0.36)"}, {"cityName": "Heilbronn", "timestamp": "2022-06", "value": 3.891869629215863e-05, "incidence": 298.90333333333336, "pValue": 0.9345287706507279, "interpretation": "0.8% increase, not statistically significant (p = 0.935), negligible effect size (d=0.03)"}, {"cityName": "Karlsruhe", "timestamp": "2022-06", "value": 4.520714671040575e-05, "incidence": 455.55333333333334, "pValue": 0.4977392441395331, "interpretation": "5.6% decrease, not statistically significant (p = 0.498), small effect size (d=-0.24)"}, {"cityName": "Heidelberg", "timestamp": "2022-06", "value": 4.199474719107935e-05, "incidence": 336.4533333333333, "pValue": 0.8097611940940341, "interpretation": "2.1% increase, not statistically significant (p = 0.810), negligible effect size (d=0.09)"}, {"cityName": "Mannheim", "timestamp": "2022-06", "value": 6.722090765833854e-05, "incidence": 347.99666666666667, "pValue": 0.8673913669454933, "interpretation": "2.7% increase, not statistically significant (p = 0.867), negligible effect size (d=0.06)"}, {"cityName": "Pforzheim", "timestamp": "2022-06", "value": 3.469793915024234e-05, "incidence": 278.59333333333336, "pValue": 0.5830008505715087, "interpretation": "5.7% decrease, not statistically significant (p = 0.583), small effect size (d=-0.22)"}, {"cityName": "Freiburg im Breisgau", "timestamp": "2022-06", "value": 3.281032399239915e-05, "incidence": 392.5233333333333, "pValue": 0.5660779803344158, "interpretation": "6.3% decrease, not statistically significant (p = 0.566), small effect size (d=-0.22)"}, {"cityName": "Reutlingen", "timestamp": "2022-06", "value": 3.0028801120352e-05, "incidence": 336.20333333333343, "pValue": 0.23181308042864496, "interpretation": "11.2% decrease, not statistically significant (p = 0.232), medium effect size (d=-0.53)"}, {"cityName": "Ulm", "timestamp": "2022-06", "value": 2.9420446432930858e-05, "incidence": 367.9166666666667, "pValue": 0.020503665838187246, "interpretation": "27.1% decrease, significant (p = 0.021), large effect size (d=-1.00)"}, {"cityName": "Ingolstadt", "timestamp": "2022-06", "value": 3.090224587746585e-05, "incidence": 328.5166666666667, "pValue": 0.017044100911871692, "interpretation": "19.7% decrease, significant (p = 0.017), large effect size (d=-1.04)"}, {"cityName": "M\u00fcnchen", "timestamp": "2022-06", "value": 3.6715272402104274e-05, "incidence": 387.43666666666667, "pValue": 0.03622066808689155, "interpretation": "19.9% decrease, significant (p = 0.036), large effect size (d=-0.84)"}, {"cityName": "Regensburg", "timestamp": "2022-06", "value": 3.049457057689627e-05, "incidence": 439.37999999999994, "pValue": 0.2631438671761495, "interpretation": "11.6% decrease, not statistically significant (p = 0.263), small effect size (d=-0.45)"}, {"cityName": "Erlangen", "timestamp": "2022-06", "value": 3.338976447204394e-05, "incidence": 733.1233333333332, "pValue": 0.07246792842894444, "interpretation": "18.1% decrease, not statistically significant (p = 0.072), large effect size (d=-0.81)"}, {"cityName": "F\u00fcrth", "timestamp": "2022-06", "value": 3.599473857320845e-05, "incidence": 496.40666666666664, "pValue": 0.017715959018930014, "interpretation": "20.5% decrease, significant (p = 0.018), large effect size (d=-1.22)"}, {"cityName": "N\u00fcrnberg", "timestamp": "2022-06", "value": 3.6509982733563945e-05, "incidence": 472.80666666666673, "pValue": 0.013363664872737985, "interpretation": "18.4% decrease, significant (p = 0.013), large effect size (d=-1.16)"}, {"cityName": "W\u00fcrzburg", "timestamp": "2022-06", "value": 3.623415614129044e-05, "incidence": 486.73999999999995, "pValue": 0.3511070139178625, "interpretation": "8.3% decrease, not statistically significant (p = 0.351), small effect size (d=-0.40)"}, {"cityName": "Augsburg", "timestamp": "2022-06", "value": 3.154171953121057e-05, "incidence": 285.24666666666667, "pValue": 0.0033157972119094484, "interpretation": "25.5% decrease, very significant (p < 0.01), large effect size (d=-1.20)"}, {"cityName": "Saarbr\u00fccken", "timestamp": "2022-06", "value": 3.5120566220333176e-05, "incidence": 451.14000000000004, "pValue": 0.671423825318489, "interpretation": "4.7% decrease, not statistically significant (p = 0.671), negligible effect size (d=-0.15)"}, {"cityName": "Berlin", "timestamp": "2022-06", "value": 4.1697966502752245e-05, "incidence": 0.0, "pValue": 0.16917597158660358, "interpretation": "10.1% decrease, not statistically significant (p = 0.169), medium effect size (d=-0.54)"}, {"cityName": "Cottbus", "timestamp": "2022-06", "value": 4.44887331328713e-05, "incidence": 238.44000000000003, "pValue": 0.6839514882135492, "interpretation": "6.1% increase, not statistically significant (p = 0.684), negligible effect size (d=0.18)"}, {"cityName": "Potsdam", "timestamp": "2022-06", "value": 3.542408675831907e-05, "incidence": 421.31666666666666, "pValue": 0.6198569506706284, "interpretation": "4.5% decrease, not statistically significant (p = 0.620), small effect size (d=-0.20)"}, {"cityName": "Rostock", "timestamp": "2022-06", "value": 3.314526949190732e-05, "incidence": 399.42, "pValue": 0.4413923470350891, "interpretation": "7.3% increase, not statistically significant (p = 0.441), small effect size (d=0.31)"}, {"cityName": "Chemnitz", "timestamp": "2022-06", "value": 3.57104681159665e-05, "incidence": 206.58333333333331, "pValue": 0.39339766376978225, "interpretation": "9.7% decrease, not statistically significant (p = 0.393), small effect size (d=-0.37)"}, {"cityName": "Dresden", "timestamp": "2022-06", "value": 3.9507863535122436e-05, "incidence": 391.63, "pValue": 0.36449849686037306, "interpretation": "9.6% increase, not statistically significant (p = 0.364), small effect size (d=0.38)"}, {"cityName": "Leipzig", "timestamp": "2022-06", "value": 4.027776109675566e-05, "incidence": 393.6333333333333, "pValue": 0.5355656114190233, "interpretation": "4.5% decrease, not statistically significant (p = 0.536), small effect size (d=-0.25)"}, {"cityName": "Halle (Saale)", "timestamp": "2022-06", "value": 3.7025039394696556e-05, "incidence": 358.07, "pValue": 0.5702450619878576, "interpretation": "5.1% decrease, not statistically significant (p = 0.570), small effect size (d=-0.21)"}, {"cityName": "Magdeburg", "timestamp": "2022-06", "value": 3.606885500056179e-05, "incidence": 260.1766666666667, "pValue": 0.4263235093157485, "interpretation": "6.9% decrease, not statistically significant (p = 0.426), small effect size (d=-0.29)"}, {"cityName": "Erfurt", "timestamp": "2022-06", "value": 3.182222234441879e-05, "incidence": 134.3033333333333, "pValue": 0.8591017776054137, "interpretation": "1.3% decrease, not statistically significant (p = 0.859), negligible effect size (d=-0.07)"}, {"cityName": "Jena", "timestamp": "2022-06", "value": 3.5231480271452005e-05, "incidence": 284.47999999999996, "pValue": 0.6902962479886385, "interpretation": "3.9% decrease, not statistically significant (p = 0.690), negligible effect size (d=-0.18)"}]