[
  {
    "name": "Berlin",
    "lat": 52.52,
    "lng": 13.405,
    "population": 3645000,
    "baselineValue": 8.827882867832497e-05
  },
  {
    "name": "Hamburg",
    "lat": 53.5511,
    "lng": 9.9937,
    "population": 1841000,
    "baselineValue": 7.765103785627533e-05
  },
  {
    "name": "Munich",
    "lat": 48.1351,
    "lng": 11.582,
    "population": 1472000,
    "baselineValue": 5.121183781431377e-05
  },
  {
    "name": "Cologne",
    "lat": 50.9375,
    "lng": 6.9603,
    "population": 1086000,
    "baselineValue": 7.357149947464452e-05
  },
  {
    "name": "Frankfurt",
    "lat": 50.1109,
    "lng": 8.6821,
    "population": 753000,
    "baselineValue": 7.746698975748111e-05
  },
  {
    "name": "Stuttgart",
    "lat": 48.7758,
    "lng": 9.1829,
    "population": 634000,
    "baselineValue": 6.1231986392559e-05
  },
  {
    "name": "D\u00fcsseldorf",
    "lat": 51.2277,
    "lng": 6.7735,
    "population": 619000,
    "baselineValue": 7.359732872744146e-05
  },
  {
    "name": "Dortmund",
    "lat": 51.5136,
    "lng": 7.4653,
    "population": 587000,
    "baselineValue": 6.884891855748663e-05
  },
  {
    "name": "Essen",
    "lat": 51.4556,
    "lng": 7.0116,
    "population": 583000,
    "baselineValue": 4.056930793159544e-05
  },
  {
    "name": "Leipzig",
    "lat": 51.3397,
    "lng": 12.3731,
    "population": 587000,
    "baselineValue": 6.24935361452487e-05
  },
  {
    "name": "Bremen",
    "lat": 53.0793,
    "lng": 8.8017,
    "population": 569000,
    "baselineValue": 7.202830825748556e-05
  },
  {
    "name": "Dresden",
    "lat": 51.0504,
    "lng": 13.7373,
    "population": 556000,
    "baselineValue": 7.42929380559119e-05
  },
  {
    "name": "Hanover",
    "lat": 52.3759,
    "lng": 9.732,
    "population": 535000,
    "baselineValue": 6.465609583106284e-05
  },
  {
    "name": "Nuremberg",
    "lat": 49.4521,
    "lng": 11.0767,
    "population": 518000,
    "baselineValue": 7.535499228918299e-05
  },
  {
    "name": "Duisburg",
    "lat": 51.4344,
    "lng": 6.7623,
    "population": 498000,
    "baselineValue": 5.166019110821672e-05
  },
  {
    "name": "Bochum",
    "lat": 51.4818,
    "lng": 7.2162,
    "population": 365000,
    "baselineValue": 7.361435104769741e-05
  },
  {
    "name": "Wuppertal",
    "lat": 51.2562,
    "lng": 7.1508,
    "population": 355000,
    "baselineValue": 6.471789631674172e-05
  },
  {
    "name": "Bielefeld",
    "lat": 52.0302,
    "lng": 8.5325,
    "population": 334000,
    "baselineValue": 6.94751012690999e-05
  },
  {
    "name": "Bonn",
    "lat": 50.7374,
    "lng": 7.0982,
    "population": 327000,
    "baselineValue": 7.85748371406698e-05
  },
  {
    "name": "M\u00fcnster",
    "lat": 51.9607,
    "lng": 7.6261,
    "population": 315000,
    "baselineValue": 6.678805184935205e-05
  },
  {
    "name": "Karlsruhe",
    "lat": 49.0069,
    "lng": 8.4037,
    "population": 313000,
    "baselineValue": 8.326045887170155e-05
  },
  {
    "name": "Mannheim",
    "lat": 49.4875,
    "lng": 8.466,
    "population": 310000,
    "baselineValue": 6.473334411023136e-05
  },
  {
    "name": "Augsburg",
    "lat": 48.3705,
    "lng": 10.8978,
    "population": 296000,
    "baselineValue": 6.685959314589016e-05
  },
  {
    "name": "Wiesbaden",
    "lat": 50.0826,
    "lng": 8.24,
    "population": 278000,
    "baselineValue": 6.543900332577052e-05
  },
  {
    "name": "Gelsenkirchen",
    "lat": 51.5177,
    "lng": 7.0857,
    "population": 260000,
    "baselineValue": 6.0748013590303384e-05
  },
  {
    "name": "M\u00f6nchengladbach",
    "lat": 51.1805,
    "lng": 6.4428,
    "population": 261000,
    "baselineValue": 7.103277036682447e-05
  },
  {
    "name": "Braunschweig",
    "lat": 52.2689,
    "lng": 10.5268,
    "population": 249000,
    "baselineValue": 7.643453165857191e-05
  },
  {
    "name": "Chemnitz",
    "lat": 50.8278,
    "lng": 12.9214,
    "population": 246000,
    "baselineValue": 6.099231165385458e-05
  },
  {
    "name": "Aachen",
    "lat": 50.7753,
    "lng": 6.0839,
    "population": 249000,
    "baselineValue": 7.443052989033113e-05
  },
  {
    "name": "Kiel",
    "lat": 54.3233,
    "lng": 10.1228,
    "population": 247000,
    "baselineValue": 6.393026425465504e-05
  }
]